"seller_id","seller_state","total_orders","total_items","total_sales","delivered_orders","delivered_items","delivered_product_revenue","delivered_freight_value","delivered_avg_item_price","delivered_first_sale_at","delivered_last_sale_at","delivered_avg_order_product_revenue"
"4869f7a5dfa277a7dca6462dcf3b52b2","SP","1132","1156","229472.63","1124","1148","226987.93","20019.13","197.72","2017-03-14 10:20:54.000000","2018-08-24 19:42:51.000000","201.95"
"53243585a1d6dc2643021fd1853d8905","BA","358","410","222776.05","348","400","217940.44","12856.58","544.85","2017-08-28 18:29:21.000000","2018-08-21 09:52:32.000000","626.27"
"4a3ca9315b744ce9f8e9374361493884","SP","1806","1987","200472.92","1772","1949","196882.12","34338.31","101.02","2017-01-08 09:35:14.000000","2018-08-27 10:46:11.000000","111.11"
"fa1c13f2614d7b5c4749cbc52fecda94","SP","585","586","194042.03","578","579","190917.14","9916.36","329.74","2017-01-07 20:45:31.000000","2018-08-29 09:48:09.000000","330.31"
"7c67e1448b00f6e969d365cea6b010ab","SP","982","1364","187923.89","973","1355","186570.05","51236.64","137.69","2017-01-26 22:44:11.000000","2018-08-07 18:58:53.000000","191.75"
"7e93a43ef30c4f03f38b393420bc753a","SP","336","340","176431.87","319","322","165981.49","5992.06","515.47","2016-10-08 01:28:14.000000","2018-07-13 21:30:54.000000","520.32"
"da8622b14eb17ae2831f4ac5b9dab84a","SP","1314","1551","160236.57","1311","1548","159816.87","24889.91","103.24","2017-02-05 21:46:05.000000","2018-08-28 21:56:30.000000","121.90"
"7a67c85e85bb2ce8582c35f2203ad736","SP","1160","1171","141745.53","1145","1155","139658.69","20619.83","120.92","2017-01-27 12:15:07.000000","2018-08-21 01:30:48.000000","121.97"
"1025f0e2d44d7041d6cf58b6550e0bfa","SP","915","1428","138968.55","910","1420","138208.56","33716.40","97.33","2017-07-09 11:15:16.000000","2018-08-26 09:22:44.000000","151.88"
"955fee9216a65b617aa5c0531780ce60","SP","1287","1499","135171.70","1261","1472","131836.71","24769.77","89.56","2017-07-24 11:33:53.000000","2018-08-28 20:49:17.000000","104.55"
"46dc3b2cc0980fb8ec44634e21d2718e","RJ","521","542","128111.19","503","523","122811.38","11351.50","234.82","2016-10-04 21:25:32.000000","2018-08-17 22:29:33.000000","244.16"
"6560211a19b47992c3666cc44a7e94c0","SP","1854","2033","123304.83","1819","1996","120702.83","27348.11","60.47","2017-02-17 07:39:19.000000","2018-08-29 09:14:11.000000","66.36"
"620c87c171fb2a6dd6e8bb4dec959fc6","RJ","740","798","114774.50","722","778","112461.50","13816.68","144.55","2016-10-04 13:15:46.000000","2018-08-24 11:14:21.000000","155.76"
"7d13fca15225358621be4086e1eb0964","SP","565","578","113628.97","558","571","112436.18","8498.29","196.91","2018-02-14 21:11:44.000000","2018-08-25 13:51:01.000000","201.50"
"5dceca129747e92ff8ef7a997dc4f8ca","SP","325","346","112155.53","322","343","111126.73","13576.19","323.98","2017-01-27 13:37:09.000000","2018-06-25 22:59:03.000000","345.11"
"1f50f920176fa81dab994f9023523100","SP","1404","1931","106939.21","1399","1926","106655.71","35057.23","55.38","2017-04-03 22:00:31.000000","2018-08-25 20:10:27.000000","76.24"
"cc419e0650a3c5ba77189a1882b7556a","SP","1706","1775","104288.42","1651","1719","101090.96","24846.03","58.81","2017-01-31 17:15:33.000000","2018-08-27 16:12:22.000000","61.23"
"a1043bafd471dff536d0c462352beb48","MG","718","770","101901.16","702","752","99309.23","31103.51","132.06","2017-02-14 10:44:33.000000","2018-08-25 11:01:56.000000","141.47"
"3d871de0142ce09b7081e2b9d1733cb1","SP","1080","1147","94914.20","1064","1131","93407.40","22108.25","82.59","2017-03-05 12:29:19.000000","2018-08-26 12:28:39.000000","87.79"
"edb1ef5e36e0c8cd84eb3c9b003e486d","RJ","166","175","79284.55","165","174","79144.90","3886.24","454.86","2017-09-28 09:48:29.000000","2018-08-20 19:09:20.000000","479.67"
"ccc4bbb5f32a6ab2b7066a4130f114e3","PR","187","192","74004.62","184","189","72926.72","5174.62","385.86","2017-01-07 13:29:22.000000","2018-08-21 20:53:43.000000","396.34"
"f7ba60f8c3f99e7ee4042fdef03b70c4","SP","219","230","68395.00","218","229","68070.00","4317.94","297.25","2017-07-31 16:03:55.000000","2018-08-26 22:37:58.000000","312.25"
"fe2032dab1a61af8794248c8196565c9","SP","294","306","65959.61","293","305","65689.71","4710.89","215.38","2017-03-08 11:54:55.000000","2018-08-21 15:12:32.000000","224.20"
"8581055ce74af1daba164fdbd55a40de","SP","387","435","64925.30","380","427","64011.22","9462.76","149.91","2017-01-18 17:44:05.000000","2018-04-18 20:55:32.000000","168.45"
"cca3071e3e9bb7d12640c9fbe2301306","SP","712","830","64009.89","699","817","63035.16","14153.39","77.15","2016-10-03 22:06:03.000000","2018-08-22 22:53:19.000000","90.18"
"04308b1ee57b6625f47df1d56f00eedf","SC","94","94","60130.60","92","92","58991.80","2948.82","641.22","2017-11-14 16:57:33.000000","2018-08-12 00:13:50.000000","641.22"
"522620dcb18a6b31cd7bdf73665113a9","PR","174","180","57168.49","172","178","56690.49","4583.17","318.49","2016-10-03 09:44:50.000000","2018-08-04 22:58:06.000000","329.60"
"17e34d8224d27a541263c4c64b11a56b","SP","255","268","56363.24","247","260","54440.28","5090.21","209.39","2017-02-16 23:14:15.000000","2018-08-20 11:27:27.000000","220.41"
"7ddcbb64b5bc1ef36ca8c151f6ec77df","SP","334","343","55578.57","325","334","54435.66","7767.09","162.98","2017-07-19 08:55:10.000000","2018-06-17 14:13:41.000000","167.49"
"de722cd6dad950a92b7d4f82673f8833","PE","339","379","55426.10","337","377","55126.30","9650.29","146.22","2018-01-09 15:59:12.000000","2018-08-23 13:48:07.000000","163.58"
"37be5a7c751166fbc5f8ccba4119e043","SP","272","281","55350.55","269","278","54735.55","6021.21","196.89","2017-05-03 09:01:56.000000","2018-05-21 10:57:22.000000","203.48"
"218d46b86c1881d022bce9c68a7d4b15","SP","388","427","55093.28","382","420","53710.30","7452.64","127.88","2017-01-18 14:56:47.000000","2018-08-22 15:38:10.000000","140.60"
"25c5c91f63607446a97b143d2d535d31","MG","158","269","54679.22","156","266","54208.78","6945.92","203.79","2017-03-08 08:58:11.000000","2018-03-28 11:26:02.000000","347.49"
"f5a590cf36251cf1162ea35bef76fe84","SP","117","122","53201.78","113","118","51232.78","4134.18","434.18","2017-03-28 18:48:20.000000","2018-08-18 23:53:24.000000","453.39"
"ceaec5548eefc6e23e6607c5435102e7","SP","203","211","52917.18","198","206","51478.18","6175.55","249.89","2018-01-18 21:47:52.000000","2018-08-15 20:48:09.000000","259.99"
"b2ba3715d723d245138f291a6fe42594","SP","337","363","51676.88","324","350","49302.18","6294.47","140.86","2016-10-04 16:41:59.000000","2018-08-22 08:25:48.000000","152.17"
"966cb4760537b1404caedd472cc610a5","SP","75","75","51286.05","67","67","45928.26","1504.31","685.50","2018-03-19 15:28:34.000000","2018-08-08 14:49:25.000000","685.50"
"e882b2a25a10b9c057cc49695f222c19","RJ","57","58","51057.54","57","58","51057.54","2856.22","880.30","2018-01-04 19:07:29.000000","2018-08-18 15:49:58.000000","895.75"
"2bf6a2c1e71bbd29a4ad64e6d3c3629f","RJ","30","31","50628.90","30","31","50628.90","1000.59","1633.19","2017-11-02 13:11:26.000000","2018-08-13 19:30:37.000000","1687.63"
"f8db351d8c4c4c22c6835c19a46f01b0","SP","667","724","50525.60","659","714","50082.60","12404.42","70.14","2017-01-25 22:46:24.000000","2018-08-25 19:56:43.000000","76.00"
"17f51e7198701186712e53a39c564617","SP","56","61","48019.00","56","61","48019.00","9793.43","787.20","2017-02-04 12:29:21.000000","2018-08-05 09:58:57.000000","857.48"
"8160255418d5aaa7dbdc9f4c64ebda44","SP","385","431","47017.69","380","424","46368.39","7727.29","109.36","2017-10-09 14:50:32.000000","2018-08-20 10:29:03.000000","122.02"
"77530e9772f57a62c906e1c21538ab82","PR","320","389","46610.40","312","381","45676.60","8274.71","119.89","2016-10-04 11:03:14.000000","2018-08-25 22:41:57.000000","146.40"
"4e922959ae960d389249c378d1c939f5","SP","420","454","46030.37","412","446","45338.42","7147.18","101.66","2016-10-10 17:49:21.000000","2018-08-28 19:44:25.000000","110.04"
"c826c40d7b19f62a09e2d7c5e7295ee2","SP","354","373","45643.74","346","365","44653.04","5443.63","122.34","2017-08-27 13:02:01.000000","2018-08-27 15:21:15.000000","129.06"
"850f4f8af5ea87287ac68de36e29107f","SP","187","192","45355.36","186","191","45285.37","3097.35","237.10","2017-04-10 23:29:46.000000","2018-06-27 11:10:11.000000","243.47"
"b33e7c55446eabf8fe1a42d037ac7d6d","SP","152","155","44985.17","149","152","44215.17","2656.38","290.89","2017-10-10 20:44:59.000000","2018-08-15 16:14:22.000000","296.75"
"ba90964cff9b9e0e6f32b23b82465f7b","SP","38","38","44212.50","38","38","44212.50","1311.00","1163.49","2018-02-25 12:47:36.000000","2018-08-15 18:28:56.000000","1163.49"
"eeb6de78f79159600292e314a77cbd18","SC","83","84","43739.84","82","83","43510.84","2996.05","524.23","2017-02-18 18:28:46.000000","2018-08-11 08:30:03.000000","530.62"
"4d6d651bd7684af3fffabd5f08d12e5a","SP","369","395","43587.40","363","389","42999.00","7786.76","110.54","2017-04-25 11:30:33.000000","2018-08-23 17:09:58.000000","118.45"
"e9779976487b77c6d4ac45f75ec7afe9","SP","657","750","43162.95","645","738","42229.69","9981.61","57.22","2017-03-01 09:25:31.000000","2018-08-28 01:57:12.000000","65.47"
"c3cfdc648177fdbbbb35635a37472c53","PR","278","307","43048.18","278","307","43048.18","6079.63","140.22","2017-01-27 17:16:40.000000","2018-08-27 21:04:17.000000","154.85"
"b839e41795b7f3ad94cc2014a52f6796","SP","33","36","42829.00","33","36","42829.00","920.93","1189.69","2018-03-01 10:18:57.000000","2018-08-25 15:12:30.000000","1297.85"
"2eb70248d66e0e3ef83659f71b244378","SP","202","212","42628.61","187","197","38990.72","3056.01","197.92","2018-02-06 14:25:14.000000","2018-07-19 00:41:35.000000","208.51"
"d91fb3b7d041e83b64a00a3edfb37e4f","SP","535","536","40889.74","524","525","39926.39","9058.06","76.05","2017-02-07 23:53:13.000000","2018-08-24 17:59:20.000000","76.20"
"17a053fcb14bd219540cbde0df490be0","SP","125","149","40703.14","124","148","40353.24","8761.17","272.66","2017-07-06 12:53:06.000000","2018-08-13 21:46:36.000000","325.43"
"391fc6631aebcf3004804e51b40bcf1e","SP","526","613","39951.95","521","605","39475.30","10083.84","65.25","2016-10-06 00:06:17.000000","2018-08-25 20:13:35.000000","75.77"
"834f3294fba9f932f56edc879193f925","SP","66","66","39907.50","66","66","39907.50","4299.92","604.66","2017-05-10 16:57:39.000000","2018-08-15 09:57:51.000000","604.66"
"712e6ed8aa4aa1fa65dab41fed5737e4","SC","79","87","39815.00","77","85","39385.00","6764.82","463.35","2017-02-08 12:01:45.000000","2018-05-18 18:17:35.000000","511.49"
"634964b17796e64304cadf1ad3050fb7","RJ","268","326","39465.10","265","323","39114.10","5900.00","121.10","2017-11-12 21:31:27.000000","2018-08-18 15:27:43.000000","147.60"
"7142540dd4c91e2237acb7e911c4eba2","SP","319","331","37373.56","316","328","37181.94","6843.74","113.36","2017-03-10 11:30:03.000000","2018-08-17 10:23:01.000000","117.66"
"ea8482cd71df3c1969d7b9473ff13abc","SP","1146","1203","37177.52","1132","1188","36696.76","17291.87","30.89","2017-08-15 12:54:48.000000","2018-08-24 09:20:03.000000","32.42"
"c3867b4666c7d76867627c2f7fb22e21","SP","245","259","37153.40","228","241","34666.90","4693.30","143.85","2017-03-30 13:28:48.000000","2018-07-09 00:04:47.000000","152.05"
"7178f9f4dd81dcef02f62acdf8151e01","SC","203","216","37070.40","202","215","36795.40","4385.04","171.14","2017-03-21 22:01:26.000000","2018-08-17 11:27:54.000000","182.16"
"c70c1b0d8ca86052f45a432a38b73958","SP","261","338","36537.37","260","336","36289.15","3901.41","108.00","2018-04-06 17:12:41.000000","2018-08-29 08:46:11.000000","139.57"
"59417c56835dd8e2e72f91f809cd4092","SP","18","18","36459.00","18","18","36459.00","1198.77","2025.50","2017-01-25 20:11:36.000000","2017-10-02 17:32:29.000000","2025.50"
"06a2c3af7b3aee5d69171b0e14f0ee87","MA","392","405","36408.95","389","402","36097.98","12071.52","89.80","2018-01-19 09:51:37.000000","2018-08-22 11:49:11.000000","92.80"
"7299e27ed73d2ad986de7f7c77d919fa","MG","338","361","34725.43","335","358","34107.44","6804.49","95.27","2017-03-09 11:09:46.000000","2018-08-21 14:20:40.000000","101.81"
"e9bc59e7b60fc3063eb2290deda4cced","PR","216","269","34343.06","209","260","33543.69","4538.73","129.01","2017-03-07 16:07:57.000000","2018-08-16 16:37:43.000000","160.50"
"dbc22125167c298ef99da25668e1011f","MG","406","429","33776.78","394","417","32829.12","7787.43","78.73","2017-04-09 13:43:53.000000","2018-08-23 19:09:34.000000","83.32"
"9c0e69c7bf2619675bbadf47b43f655a","SP","157","206","33702.78","151","200","32720.40","2823.42","163.60","2017-05-07 13:20:43.000000","2018-05-29 13:47:34.000000","216.69"
"76d5af76d0271110f9af36c92573f765","SP","131","159","33461.60","128","155","31944.60","3787.06","206.09","2016-10-04 21:35:54.000000","2018-08-01 16:57:20.000000","249.57"
"1835b56ce799e6a4dc4eddc053f04066","SP","423","558","33344.21","417","551","33005.32","8622.96","59.90","2017-09-05 23:06:45.000000","2018-08-25 16:36:58.000000","79.15"
"5c243662ce92d84573bfaff24c3e3700","SP","98","100","32862.02","98","100","32862.02","1775.64","328.62","2017-01-28 23:45:53.000000","2018-02-09 23:05:25.000000","335.33"
"2528513dd95219a6013d4d05176e391a","SP","161","167","32689.10","160","166","32660.20","3740.77","196.75","2017-03-22 14:20:09.000000","2018-08-24 11:17:45.000000","204.13"
"855668e0971d4dfd7bef1b6a4133b41b","SP","312","327","32208.16","300","311","30849.22","7559.34","99.19","2017-05-02 13:41:42.000000","2018-08-26 11:01:05.000000","102.83"
"70eea00b476a314817cefde4aad4f89a","SP","108","114","31994.65","106","112","31424.75","2724.91","280.58","2017-02-09 15:32:27.000000","2018-08-22 20:43:48.000000","296.46"
"7681ef142fd2c19048da7430856b5588","SP","59","77","31941.81","58","76","31211.81","2862.86","410.68","2018-02-09 21:38:59.000000","2018-08-22 16:21:33.000000","538.13"
"e59aa562b9f8076dd550fcddf0e73491","PR","70","84","31574.30","69","82","30716.30","2160.07","374.59","2017-09-05 16:19:06.000000","2018-08-20 14:22:51.000000","445.16"
"88460e8ebdecbfecb5f9601833981930","PR","248","302","31546.55","246","300","31320.40","4938.19","104.40","2017-11-21 12:32:07.000000","2018-08-17 07:01:01.000000","127.32"
"0241d4d5d36f10f80c644447315af0bd","PR","238","246","31397.70","238","246","31397.70","6853.91","127.63","2017-10-08 19:00:03.000000","2018-08-28 15:11:49.000000","131.92"
"87142160b41353c4e5fca2360caf6f92","RS","305","339","31095.98","305","339","31095.98","7218.33","91.73","2017-02-03 16:25:13.000000","2018-08-21 21:53:58.000000","101.95"
"70a12e78e608ac31179aea7f8422044b","SP","315","328","30858.53","312","323","29963.53","5523.72","92.77","2017-01-17 16:25:29.000000","2018-08-20 20:10:03.000000","96.04"
"53e4c6e0f4312d4d2107a8c9cddf45cd","SP","473","522","30148.95","463","512","29587.77","9696.16","57.79","2017-02-21 19:06:14.000000","2018-08-27 17:10:36.000000","63.90"
"d23019c84ffae2d5ef2270367b8605fc","PR","39","39","29205.10","39","39","29205.10","2749.74","748.85","2017-10-10 10:47:08.000000","2018-08-22 19:54:03.000000","748.85"
"900ba814c251a692506d7834c1218441","SP","88","88","29099.69","86","86","28833.03","2334.43","335.27","2017-07-04 13:25:07.000000","2018-08-25 18:52:49.000000","335.27"
"1554a68530182680ad5c8b042c3ab563","MG","247","269","29052.53","246","267","28979.64","6734.92","108.54","2016-10-04 14:23:50.000000","2018-08-15 19:30:07.000000","117.80"
"0b90b6df587eb83608a64ea8b390cf07","PR","164","210","28592.32","163","209","28492.76","3598.18","136.33","2017-10-24 14:48:29.000000","2018-08-16 22:03:02.000000","174.80"
"7e1fb0a3ebfb01ffb3a7dae98bf3238d","SP","159","174","27349.53","155","169","26169.53","2883.09","154.85","2017-02-04 21:39:14.000000","2018-08-23 19:57:18.000000","168.84"
"59b22a78efb79a4797979612b885db36","MG","125","133","27184.50","125","133","27184.50","4897.57","204.39","2017-07-17 10:29:13.000000","2018-08-24 10:25:51.000000","217.48"
"d1c281d3ae149232351cd8c8cc885f0d","SP","215","240","26942.60","214","239","26833.61","5380.07","112.27","2017-02-14 23:12:30.000000","2018-08-16 18:04:47.000000","125.39"
"b32be1695eb7ec5f10f72d9610a12527","RS","45","46","26874.00","44","45","26575.00","2937.68","590.56","2017-11-24 22:29:43.000000","2018-08-13 12:59:34.000000","603.98"
"12b9676b00f60f3b700e83af21824c0e","RS","135","135","26774.00","133","133","26376.00","3525.67","198.32","2017-03-07 22:10:46.000000","2018-08-26 21:55:14.000000","198.32"
"a3a38f4affed601eb87a97788c949667","SC","254","263","26533.32","251","260","26294.62","5184.66","101.13","2016-10-05 20:20:57.000000","2018-08-23 11:43:36.000000","104.76"
"de23c3b98a88888289c6f5cc1209054a","SP","164","181","26399.67","161","178","25933.67","2646.19","145.69","2017-05-05 14:21:17.000000","2018-08-09 09:45:06.000000","161.08"
"9f505651f4a6abe901a56cdc21508025","SP","397","430","26361.82","393","426","25912.84","5949.75","60.83","2017-10-05 10:35:03.000000","2018-08-29 15:00:37.000000","65.94"
"16090f2ca825584b5a147ab24aa30c86","SP","402","410","25716.44","398","406","25579.16","5404.86","63.00","2017-01-31 17:40:36.000000","2018-08-27 22:54:07.000000","64.27"
"a416b6a846a11724393025641d4edd5e","SP","162","181","25670.72","157","176","24930.24","2935.56","141.65","2017-01-26 16:48:24.000000","2018-08-21 21:43:35.000000","158.79"
"b94cc9f10ddc85e4ba73a6f7974e7101","RJ","39","39","25346.10","39","39","25346.10","1022.39","649.90","2017-11-02 09:30:52.000000","2018-06-12 16:20:38.000000","649.90"
"c003204e1ab016dfa150abc119207b24","SP","197","202","25108.09","195","200","24904.29","4714.17","124.52","2017-10-18 23:51:56.000000","2018-08-26 16:19:58.000000","127.71"
"001cca7ae9ae17fb1caed9dfb1094831","ES","200","239","25080.03","195","234","24487.03","8655.87","104.65","2017-02-04 19:06:04.000000","2018-07-12 21:38:26.000000","125.57"
"1900267e848ceeba8fa32d80c1a5f5a8","SP","411","529","24982.53","406","523","24639.57","8039.97","47.11","2017-05-17 22:01:53.000000","2018-08-26 20:06:40.000000","60.69"
"1c68394e931a64f90ea236c5ea590300","PR","142","171","24832.75","142","171","24832.75","2896.41","145.22","2017-07-15 11:56:44.000000","2018-08-13 10:39:55.000000","174.88"
"b1b3948701c5c72445495bd161b83a4c","SP","18","18","24699.19","14","14","21519.50","404.75","1537.11","2017-06-06 08:37:30.000000","2017-08-09 21:38:40.000000","1537.11"
"f62d7bb4a613ec758a03342d46b580b2","MG","32","32","24665.00","32","32","24665.00","2125.59","770.78","2018-01-10 18:29:18.000000","2018-08-09 18:02:26.000000","770.78"
"dc4a0fc896dc34b0d5bfec8438291c80","SP","231","249","24180.77","225","242","23655.98","4492.08","97.75","2017-02-04 21:27:04.000000","2018-08-20 12:55:19.000000","105.14"
"b37c4c02bda3161a7546a4e6d222d5b2","SP","4","15","24075.00","4","15","24075.00","412.60","1605.00","2017-04-23 12:07:48.000000","2018-07-15 14:49:44.000000","6018.75"
"710e3548e02bc1d2831dfc4f1b5b14d4","PR","136","142","23979.11","131","137","22369.25","3742.66","163.28","2016-10-07 10:18:50.000000","2018-08-16 09:22:47.000000","170.76"
"2b3e4a2a3ea8e01938cabda2a3e5cc79","SP","52","54","23629.15","52","54","23629.15","905.95","437.58","2017-05-09 09:32:59.000000","2018-07-27 11:21:46.000000","454.41"
"1a3df491d1c4f1589fc2b934ada68bf2","SC","167","178","23302.70","160","171","22472.40","4078.23","131.42","2017-04-29 20:57:32.000000","2018-08-15 20:49:33.000000","140.45"
"40db9e9aa57f7bb151bcda6b0f9bdbb7","PE","12","12","23168.00","12","12","23168.00","655.99","1930.67","2018-02-09 09:48:04.000000","2018-08-17 16:07:20.000000","1930.67"
"612170e34b97004b3ba37eae81836b4c","RS","107","110","23065.02","107","110","23065.02","2307.06","209.68","2018-06-11 14:32:25.000000","2018-08-22 10:02:13.000000","215.56"
"897060da8b9a21f655304d50fd935913","SP","317","430","23023.92","304","413","21740.51","6517.82","52.64","2016-10-04 21:54:52.000000","2018-06-14 15:22:53.000000","71.51"
"8444e55c1f13cd5c179851e5ca5ebd00","MG","99","109","22873.21","92","102","21480.96","1964.71","210.60","2017-03-13 23:13:57.000000","2018-06-29 19:52:09.000000","233.49"
"7b0df942f46435babab05d49b744b2c4","SP","32","32","22600.63","32","32","22600.63","672.15","706.27","2017-02-03 10:09:40.000000","2018-06-25 08:27:27.000000","706.27"
"7ad32824caee82087b3e2e5f33b1bf32","SP","151","184","22505.10","147","180","22018.10","3477.70","122.32","2018-01-26 15:36:01.000000","2018-08-27 20:47:15.000000","149.78"
"744dac408745240a2c2528fb1b6028f3","PR","79","84","22490.60","78","83","22322.60","1877.80","268.95","2017-04-22 21:39:15.000000","2018-08-14 18:33:48.000000","286.19"
"06e5eefc71ec47ae763c5c6f8db7064f","RS","92","95","22188.56","90","93","21648.67","2151.65","232.78","2017-04-25 16:33:00.000000","2018-08-22 17:14:07.000000","240.54"
"f45122a9ab94eb4f3f8953578bc0c560","SP","187","200","22078.29","184","197","21764.68","3279.19","110.48","2017-02-09 22:25:41.000000","2018-08-22 09:39:57.000000","118.29"
"05ff92fedb5be47920fea08e501238b9","RS","59","62","21992.78","57","60","21235.98","1747.89","353.93","2016-10-04 16:02:18.000000","2018-08-07 21:31:29.000000","372.56"
"ff69aa92bb6b1bf9b8b7a51c2ed9cf8b","SP","20","20","21940.80","20","20","21940.80","1754.40","1097.04","2017-12-02 19:55:21.000000","2018-06-18 22:43:08.000000","1097.04"
"8f2ce03f928b567e3d56181ae20ae952","SP","153","175","21712.90","151","172","21213.20","3756.60","123.33","2017-04-30 19:04:30.000000","2018-08-24 17:54:37.000000","140.48"
"59fb871bf6f4522a87ba567b42dafecf","SP","126","128","21708.57","123","125","21178.60","2013.58","169.43","2016-10-06 10:13:53.000000","2018-04-11 23:34:10.000000","172.18"
"d2374cbcbb3ca4ab1086534108cc3ab7","SP","524","631","21223.92","514","620","20926.02","9444.21","33.75","2017-02-10 15:36:37.000000","2018-08-21 11:28:41.000000","40.71"
"48162d548f5b1b11b9d29d1e01f75a61","SP","68","91","20510.14","66","89","20109.39","2042.44","225.95","2017-01-26 11:09:00.000000","2018-08-17 12:16:27.000000","304.69"
"729f06993dac8e860d4f02d7088ca48a","SP","96","115","20485.08","94","113","19885.18","4913.09","175.98","2017-03-24 10:57:40.000000","2018-08-27 19:39:33.000000","211.54"
"00ee68308b45bc5e2660cd833c3f81cc","SP","135","172","20260.00","135","172","20260.00","3180.66","117.79","2017-09-19 01:02:44.000000","2018-08-09 20:45:10.000000","150.07"
"bfd27a966d91cfaafdb25d076585f0da","SP","117","118","19921.00","114","115","19225.00","2636.41","167.17","2017-02-05 12:45:04.000000","2018-07-02 10:01:40.000000","168.64"
"004c9cd9d87a3c30c522c48c4fc07416","SP","158","170","19712.71","156","168","19569.73","3524.29","116.49","2017-01-27 10:34:34.000000","2018-05-03 11:13:38.000000","125.45"
"d650b663c3b5f6fb392b6326366efa9a","SP","60","60","19242.90","57","57","18335.90","852.11","321.68","2017-12-03 19:47:05.000000","2018-08-13 22:51:49.000000","321.68"
"821fb029fc6e495ca4f08a35d51e53a5","SP","28","29","19187.42","24","25","17851.62","1365.55","714.06","2018-01-21 19:06:42.000000","2018-08-15 19:03:09.000000","743.82"
"f457c46070d02cadd8a68551231220dd","PR","199","234","19093.00","195","230","18798.30","3650.71","81.73","2017-12-23 17:20:36.000000","2018-06-30 13:24:32.000000","96.40"
"2a5b78b41cd05baeac8df54c6606b92c","MG","49","60","19025.36","46","56","15554.28","1021.19","277.76","2017-07-02 15:37:04.000000","2018-08-15 18:01:23.000000","338.14"
"dc317f341ab0e22f39acbd9dbf9b4a1f","RS","55","58","18988.40","55","58","18988.40","3581.73","327.39","2017-01-16 14:04:11.000000","2018-07-01 17:40:56.000000","345.24"
"96493fab2fbb13a14d0c0e8772eef5c3","SP","63","64","18969.00","63","64","18969.00","1212.23","296.39","2017-02-08 13:14:41.000000","2018-06-05 10:22:28.000000","301.10"
"44073f8b7e41514de3b7815dd0237f4f","DF","144","153","18729.64","142","151","18380.64","3138.85","121.73","2017-02-22 23:49:42.000000","2018-08-08 18:12:16.000000","129.44"
"cd68562d3f44870c08922d380acae552","SP","125","132","18569.70","122","129","18119.70","2160.16","140.46","2017-04-16 19:48:10.000000","2018-03-30 23:32:46.000000","148.52"
"0dd184061fb0eaa7ca37932c68ab91c5","SP","161","193","18446.92","161","193","18446.92","5319.50","95.58","2017-12-04 19:18:09.000000","2018-08-16 13:52:25.000000","114.58"
"527801b552d0077ffd170872eb49683b","SP","90","92","17942.80","90","92","17942.80","2062.56","195.03","2017-10-05 20:25:27.000000","2018-08-24 20:22:30.000000","199.36"
"a888faf2d1baececa6baf9c3d603ee1f","PR","54","55","17765.80","53","54","17564.80","1107.95","325.27","2017-01-28 21:51:24.000000","2018-05-02 03:50:02.000000","331.41"
"9de4643a8dbde634fe55621059d92273","SC","72","81","17560.34","72","81","17560.34","1722.07","216.79","2017-01-13 15:11:16.000000","2018-02-21 15:59:53.000000","243.89"
"8b321bb669392f5163d04c59e235e066","SP","943","1018","17535.69","930","1005","17262.94","13924.00","17.18","2017-10-27 15:34:03.000000","2018-08-21 16:45:44.000000","18.56"
"c72de06d72748d1a0dfb2125be43ba63","BA","21","22","17522.00","21","22","17522.00","1211.18","796.45","2018-05-10 12:09:59.000000","2018-08-18 14:50:45.000000","834.38"
"165fc07beebdcb6190fba8a06db2a449","PR","50","64","17481.40","50","64","17481.40","1600.03","273.15","2017-08-07 10:21:18.000000","2018-08-14 17:42:23.000000","349.63"
"0c8380b62e38e8a1e6adbeba7eb9688c","MG","182","220","17348.79","180","218","17228.99","4071.75","79.03","2016-10-04 17:25:09.000000","2018-08-21 10:38:28.000000","95.72"
"1e8b33f18b4f7598d87f5cbee2282cc2","SP","123","140","17309.06","122","139","17233.56","2690.51","123.98","2017-11-16 13:23:12.000000","2018-08-27 21:27:13.000000","141.26"
"94144541854e298c2d976cb893b81343","RS","68","76","17286.28","68","76","17286.28","1429.37","227.45","2017-02-23 22:06:24.000000","2018-02-06 09:17:35.000000","254.21"
"54a1852d1b8f10312c55e906355666ee","SP","200","204","17226.44","198","202","17056.46","3361.57","84.44","2017-01-12 12:01:14.000000","2018-08-21 19:49:42.000000","86.14"
"abe42c5d03695b4257b5c6cbf4e6784e","RJ","50","50","17159.00","49","49","17000.00","947.55","346.94","2017-08-31 17:25:03.000000","2018-08-05 14:52:28.000000","346.94"
"41b39e28db005d9731d9d485a83b4c38","SP","195","231","17112.55","187","223","16306.75","3757.77","73.12","2017-01-19 15:21:44.000000","2018-08-20 14:19:56.000000","87.20"
"4a3ccda38b2129705f3fb522db62ca31","SP","66","78","17062.59","64","73","16169.09","1339.72","221.49","2017-09-13 15:07:45.000000","2018-08-19 14:51:36.000000","252.64"
"76d64c4aca3a7baf218bf93ef7fa768d","PR","64","69","16911.80","64","69","16911.80","3543.49","245.10","2017-05-25 08:39:38.000000","2018-08-26 13:53:04.000000","264.25"
"c3acdfac4e3e97ff87529454fbc03642","SP","12","12","16788.00","12","12","16788.00","269.28","1399.00","2018-03-24 13:40:27.000000","2018-08-16 18:52:14.000000","1399.00"
"86ccac0b835037332a596a33b6949ee1","SC","180","210","16619.93","178","208","15894.34","3905.61","76.42","2017-03-22 17:23:19.000000","2018-07-30 16:32:00.000000","89.29"
"8ae520247981aa06bc94abddf5f46d34","SC","65","65","16320.99","65","65","16320.99","1445.35","251.09","2017-11-01 22:26:06.000000","2018-08-20 22:45:38.000000","251.09"
"7aa4334be125fcdd2ba64b3180029f14","SP","217","240","16234.81","214","237","16012.95","4317.57","67.57","2017-02-28 10:08:49.000000","2017-12-12 14:44:42.000000","74.83"
"ef0ace09169ac090589d85746e3e036f","RJ","129","140","16223.30","128","139","16105.40","2299.38","115.87","2017-11-14 10:43:54.000000","2018-08-23 21:20:25.000000","125.82"
"fa40cc5b934574b62717c68f3d678b6d","SP","307","340","16055.87","304","337","15900.48","4482.53","47.18","2016-10-10 00:01:50.000000","2018-05-21 20:30:42.000000","52.30"
"1f1bb1f0859883505541bdd6606193e5","SP","27","29","16040.84","27","29","16040.84","522.03","553.13","2017-04-05 21:01:30.000000","2018-07-29 20:22:09.000000","594.11"
"0adac9fbd9a2b63cccaac4f8756c1ca8","SP","110","142","15960.95","106","134","15557.60","2397.90","116.10","2017-01-22 20:25:54.000000","2018-08-16 20:56:16.000000","146.77"
"4b9750c8ad28220fe6702d4ecb7c898f","SP","218","222","15915.30","217","221","15815.40","3358.45","71.56","2017-10-12 12:42:46.000000","2018-08-27 12:11:07.000000","72.88"
"2a84855fd20af891be03bc5924d2b453","MG","164","168","15819.10","155","159","14989.00","3276.72","94.27","2017-12-28 12:31:49.000000","2018-08-29 14:18:28.000000","96.70"
"229c3efbfb0ea2058de4ccdfbc3d784a","MG","121","148","15744.00","118","145","15479.00","2300.71","106.75","2016-10-05 07:31:49.000000","2018-08-17 15:12:27.000000","131.18"
"f9244d45189d3a3605499abddeade7d5","SP","21","21","15731.43","20","20","15081.44","820.72","754.07","2017-02-07 22:29:03.000000","2018-08-18 12:45:56.000000","754.07"
"d921b68bf747894be13a97ae52b0f386","MG","77","77","15645.80","77","77","15645.80","1758.01","203.19","2018-04-17 08:33:54.000000","2018-08-22 10:59:51.000000","203.19"
"6061155addc1e54b4cfb51c1c2a32ad8","SP","28","33","15633.40","28","33","15633.40","879.91","473.74","2018-06-01 01:20:55.000000","2018-08-26 07:38:38.000000","558.34"
"c33847515fa6305ce6feb1e818569f13","SC","114","128","15519.85","114","128","15519.85","4374.41","121.25","2018-05-09 20:36:26.000000","2018-08-22 16:38:09.000000","136.14"
"85d9eb9ddc5d00ca9336a2219c97bb13","MG","509","522","15415.24","499","512","15107.24","8432.67","29.51","2016-10-06 09:07:52.000000","2018-08-19 22:46:19.000000","30.28"
"213b25e6f54661939f11710a6fddb871","SP","155","194","15379.50","152","190","15105.95","3381.01","79.51","2017-11-21 21:24:19.000000","2018-08-14 07:49:51.000000","99.38"
"e5a38146df062edaf55c38afa99e42dc","SP","121","125","15360.07","120","124","15270.89","1885.54","123.15","2016-10-08 13:54:03.000000","2018-08-21 17:33:29.000000","127.26"
"c847e075301870dd144a116762eaff9a","MG","42","43","15348.70","41","42","15248.80","1092.68","363.07","2017-02-15 12:18:51.000000","2018-01-10 11:38:12.000000","371.92"
"ce248b21cb2adc36282ede306b7660e5","SC","65","66","15230.06","64","65","13560.19","1895.01","208.62","2017-07-18 15:19:37.000000","2018-08-04 12:12:10.000000","211.88"
"79ebd9a61bac3eaf882805ed4ecfa12a","PR","136","143","15092.79","133","140","14783.09","3947.43","105.59","2017-10-10 23:13:16.000000","2018-08-18 22:51:17.000000","111.15"
"75d34ebb1bd0bd7dde40dd507b8169c3","BA","62","72","15048.28","57","67","12656.33","1313.44","188.90","2017-01-28 17:05:59.000000","2018-02-05 13:50:59.000000","222.04"
"e2a1ac9bf33e5549a2a4f834e70df2f8","SP","5","5","14999.45","5","5","14999.45","201.11","2999.89","2017-03-08 18:51:06.000000","2017-07-06 14:51:37.000000","2999.89"
"01fdefa7697d26ad920e9e0346d4bd1b","PR","129","131","14921.43","128","130","14802.53","2730.26","113.87","2017-04-26 15:57:39.000000","2018-08-20 21:50:59.000000","115.64"
"1b4c3a6f53068f0b6944d2d005c9fc89","SC","113","117","14760.30","111","115","14420.50","2976.49","125.40","2017-02-16 17:42:42.000000","2018-07-26 13:09:48.000000","129.91"
"a5cba26a62b8b4d0145b68b841e62e7f","PR","54","55","14737.84","53","54","14438.84","1346.93","267.39","2017-07-22 10:44:10.000000","2018-08-20 17:09:20.000000","272.43"
"87b740daf17b5d1be335a64164ec6842","SP","13","13","14699.87","11","11","12099.89","1254.94","1099.99","2017-02-13 18:38:38.000000","2018-03-15 15:58:43.000000","1099.99"
"4c2b230173bb36f9b240f2b8ac11786e","SP","261","346","14592.27","258","343","14474.57","4354.14","42.20","2017-02-14 14:24:24.000000","2018-08-20 21:37:48.000000","56.10"
"080199a181c46c657dc5aa235411be3b","SP","79","83","14504.20","79","83","14504.20","1040.68","174.75","2017-09-20 05:02:16.000000","2018-08-24 11:43:17.000000","183.60"
"8e6d7754bc7e0f22c96d255ebda59eba","SP","85","130","14497.27","84","129","14107.38","1685.97","109.36","2017-12-30 16:52:49.000000","2018-08-26 04:52:35.000000","167.95"
"cf8ab1616079e2793aa29d524df01bb1","SP","9","9","14391.00","6","6","9594.00","437.56","1599.00","2017-12-01 14:09:20.000000","2018-03-09 00:37:23.000000","1599.00"
"5cf13accae3222c70a9cac40818ae839","MG","149","156","14383.20","148","155","14293.30","3002.88","92.21","2017-01-16 16:41:18.000000","2018-08-23 20:38:24.000000","96.58"
"a6bd7d1ccdac48c6b33b28596b7eb122","PB","16","16","14368.61","15","15","13669.11","637.80","911.27","2017-06-28 08:47:01.000000","2018-07-22 16:18:31.000000","911.27"
"66922902710d126a0e7d26b0e3805106","MG","151","156","14362.30","150","155","14267.30","3197.63","92.05","2017-05-14 21:11:45.000000","2018-08-21 21:44:04.000000","95.12"
"aba1721a889e04decc910aa13b768ef4","SP","83","92","14103.30","83","92","14103.30","1249.17","153.30","2017-02-08 14:36:40.000000","2018-08-21 10:57:15.000000","169.92"
"f08a5b9dd6767129688d001acafc21e5","RS","11","18","14069.63","11","18","14069.63","496.11","781.65","2017-10-07 14:32:01.000000","2018-01-16 09:15:25.000000","1279.06"
"3b15288545f8928d3e65a8f949a28291","SP","104","121","14061.79","101","118","13764.82","2400.06","116.65","2017-03-22 14:09:46.000000","2018-08-13 16:57:13.000000","136.29"
"c6bda72e4dbf5c5866b13cb1810c6d03","SP","59","59","14059.38","59","59","14059.38","1136.74","238.29","2017-07-12 18:18:00.000000","2018-08-23 18:06:57.000000","238.29"
"2e90cb1677d35cfe24eef47d441b7c87","SP","127","137","13894.71","127","137","13894.71","2887.45","101.42","2017-03-08 21:55:07.000000","2018-08-26 17:23:02.000000","109.41"
"a673821011d0cec28146ea42f5ab767f","SP","129","146","13863.69","125","141","13366.00","2562.04","94.79","2017-02-27 19:54:44.000000","2018-08-22 01:35:54.000000","106.93"
"d94a40fd42351c259927028d163af842","MG","101","110","13823.80","100","109","13674.80","3347.57","125.46","2017-07-22 07:12:13.000000","2018-08-08 13:18:36.000000","136.75"
"05f51e13da97139648b8125c31e5f51b","MG","60","63","13769.01","57","60","13100.31","1888.65","218.34","2017-07-10 16:09:38.000000","2018-03-23 10:44:18.000000","229.83"
"440dd6ab244315c632130ecfb63827b1","SP","94","95","13696.90","91","92","13089.00","2046.68","142.27","2016-10-04 13:16:57.000000","2018-08-04 14:55:00.000000","143.84"
"b8bc237ba3788b23da09c0f1f3a3288c","SC","45","47","13685.71","45","47","13685.71","1935.45","291.19","2017-08-07 08:31:36.000000","2018-06-30 07:43:15.000000","304.13"
"6039e27294dc75811c0d8a39069f52c0","SP","64","75","13670.70","63","74","13500.80","2334.72","182.44","2017-02-27 16:01:28.000000","2018-08-22 22:04:26.000000","214.30"
"1f9ab4708f3056ede07124aad39a2554","SP","78","79","13602.73","76","77","13312.93","2379.72","172.90","2017-01-27 18:00:27.000000","2018-06-02 11:14:30.000000","175.17"
"6d66611d7c44cc30ce351abc49a68421","SP","166","176","13593.40","164","174","13428.60","3216.66","77.18","2017-02-02 07:05:42.000000","2018-08-25 11:43:42.000000","81.88"
"240b9776d844d37535668549a396af32","RJ","36","36","13592.08","35","35","13332.09","839.56","380.92","2018-07-17 13:48:59.000000","2018-08-21 14:19:34.000000","380.92"
"610f72e407cdd7caaa2f8167b0163fd8","SP","16","17","13585.16","16","17","13585.16","844.29","799.13","2018-04-03 00:05:04.000000","2018-08-25 20:59:18.000000","849.07"
"289cdb325fb7e7f891c38608bf9e0962","SP","110","126","13544.95","109","125","13410.55","2075.52","107.28","2018-02-21 22:53:10.000000","2018-08-25 14:05:07.000000","123.03"
"0b35c634521043bf4b47e21547b99ab5","PR","51","78","13533.65","50","77","13235.65","1455.14","171.89","2017-12-07 11:06:04.000000","2018-08-12 02:11:20.000000","264.71"
"a3e9a2c700480d9bb01fba070ba80a0e","SP","130","144","13440.80","129","143","13371.80","2869.03","93.51","2017-05-09 22:58:25.000000","2018-08-19 14:19:27.000000","103.66"
"d05ae8f7a5bd1d2a690a44cd079e4e27","RJ","78","81","13436.00","77","80","13244.00","1141.65","165.55","2017-04-22 16:02:43.000000","2018-08-18 12:25:09.000000","172.00"
"34d1ca11b242c0fee2c834ae8d788566","MG","40","41","13422.24","40","41","13422.24","982.04","327.37","2017-03-01 16:21:50.000000","2018-08-07 08:43:58.000000","335.56"
"1ca7077d890b907f89be8c954a02686a","SP","115","137","13341.57","108","127","12474.64","1522.01","98.23","2017-09-15 13:53:55.000000","2018-04-09 17:09:08.000000","115.51"
"8cc6a0e5738e61a87b03c78b2ba9db4b","MG","24","26","13312.40","23","24","13272.70","503.90","553.03","2017-02-02 12:25:09.000000","2017-04-28 15:54:22.000000","577.07"
"669ae81880e08f269a64487cfb287169","SC","162","186","13248.87","161","185","13133.87","3351.33","70.99","2017-01-20 14:30:03.000000","2018-08-08 12:55:10.000000","81.58"
"5d378b73ab7dd6f0418d743e5dcb0bd1","SP","7","7","13243.00","6","6","11254.00","358.70","1875.67","2017-10-09 12:55:44.000000","2017-11-14 21:07:55.000000","1875.67"
"ad97a199236354e53fcd91a5a913e9a2","SC","17","18","13205.90","16","17","12446.85","837.17","732.17","2017-11-16 20:47:34.000000","2018-07-23 23:29:17.000000","777.93"
"c31eff8334d6b3047ed34bebd4d62c36","SP","122","123","13191.50","120","121","12991.61","2359.24","107.37","2017-11-25 11:48:45.000000","2018-08-17 08:05:07.000000","108.26"
"e8b3a3a38279a82f0e5d006d5e5b7d2c","PR","87","92","13154.70","80","85","11762.40","1645.81","138.38","2017-10-10 01:06:52.000000","2018-03-05 15:23:25.000000","147.03"
"6edacfd9f9074789dad6d62ba7950b9c","SP","208","219","13147.10","205","216","12966.40","2905.88","60.03","2017-01-17 14:57:29.000000","2018-08-27 20:31:22.000000","63.25"
"99eaacc9e6046db1c82b163c5f84869f","SP","66","70","13139.17","63","67","12642.28","1081.66","188.69","2016-10-04 10:41:17.000000","2018-02-18 21:58:51.000000","200.67"
"9e6229250fedbe05838fef417b74e7fb","SP","74","78","13132.20","73","77","12962.30","1834.96","168.34","2017-09-24 23:53:13.000000","2018-08-22 09:09:10.000000","177.57"
"431af27f296bc6519d890aa5a05fdb11","SP","117","125","13109.50","116","124","12974.60","2128.45","104.63","2017-04-26 18:11:15.000000","2018-07-31 18:46:13.000000","111.85"
"d50d79cb34e38265a8649c383dcffd48","SP","70","70","13012.42","70","70","13012.42","1932.26","185.89","2016-10-08 15:02:10.000000","2018-08-10 10:56:10.000000","185.89"
"530ec6109d11eaaf87999465c6afee01","PR","97","104","12983.81","94","101","12682.11","2597.05","125.57","2017-05-24 12:17:36.000000","2018-08-23 15:50:07.000000","134.92"
"6e386f64c84e482f0b9abf960797ee1b","SP","30","30","12938.30","29","29","12209.30","611.51","421.01","2018-03-25 23:20:35.000000","2018-08-17 00:56:07.000000","421.01"
"e24fc9fcd865784fb25705606fe3dfe7","SP","52","56","12936.00","51","55","12768.00","1012.71","232.15","2016-10-08 10:07:25.000000","2018-03-26 23:31:51.000000","250.35"
"039e6ad9dae79614493083e241147386","SP","5","5","12925.00","5","5","12925.00","348.42","2585.00","2018-04-03 11:35:18.000000","2018-07-10 20:53:38.000000","2585.00"
"c60b801f2d52c7f7f91de00870882a75","SP","41","41","12913.50","39","39","11296.50","698.44","289.65","2018-01-27 19:13:48.000000","2018-08-21 12:26:53.000000","289.65"
"cfb1a033743668a192316f3c6d1d2671","SP","147","184","12803.64","143","179","12609.54","3361.16","70.44","2017-02-01 09:12:31.000000","2018-08-10 23:06:33.000000","88.18"
"ac3508719a1d8f5b7614b798f70af136","RS","103","104","12775.84","101","101","12446.14","2964.52","123.23","2017-05-23 21:17:18.000000","2018-08-05 13:31:47.000000","123.23"
"ed4acab38528488b65a9a9c603ff024a","SP","32","40","12759.45","32","40","12759.45","610.31","318.99","2017-03-23 16:39:19.000000","2018-07-27 15:27:42.000000","398.73"
"7202e2ba20579a9bd1acb29e61fe71f6","SP","53","55","12750.50","51","53","12085.70","1131.51","228.03","2017-07-22 13:08:11.000000","2018-08-21 20:36:22.000000","236.97"
"2b1a40c1daabc6ca280c4b815c101841","MG","23","35","12732.60","22","33","12342.60","1833.14","374.02","2017-01-16 21:18:10.000000","2018-06-16 12:55:53.000000","561.03"
"c66dccfb3f109511246da627dd5a2498","SP","45","45","12708.55","44","44","12182.55","944.74","276.88","2018-01-15 13:54:27.000000","2018-08-24 16:32:04.000000","276.88"
"2e1c9f22be269ef4643f826c9e650a52","SP","167","173","12687.68","161","167","12170.24","2321.28","72.88","2017-07-18 13:44:30.000000","2018-08-24 10:16:19.000000","75.59"
"00fc707aaaad2d31347cf883cd2dfe10","PR","103","135","12684.90","103","135","12684.90","2285.09","93.96","2018-01-31 15:33:18.000000","2018-06-13 16:19:00.000000","123.15"
"b372ee768ed69e46ca8cdbd267aa7a38","SP","63","69","12630.00","63","69","12630.00","1183.84","183.04","2017-03-18 11:24:06.000000","2018-08-23 14:59:37.000000","200.48"
"66e0557ecc2b4dbea057e93f215f68d8","SP","31","31","12480.00","30","30","12141.00","487.42","404.70","2017-05-24 18:43:12.000000","2018-02-12 22:58:08.000000","404.70"
"a7f13822ceb966b076af67121f87b063","SP","75","86","12477.64","73","84","12017.69","2962.74","143.07","2016-10-04 18:52:56.000000","2017-05-04 19:31:51.000000","164.63"
"2138ccb85b11a4ec1e37afbd1c8eda1f","SP","396","429","12357.03","388","419","12089.22","5902.67","28.85","2016-10-04 19:30:28.000000","2018-08-28 13:28:34.000000","31.16"
"056b4ada5bbc2c50cc7842547dda6b51","RJ","65","66","12333.39","64","65","12203.40","1282.39","187.74","2017-12-01 10:20:48.000000","2018-08-23 13:21:08.000000","190.68"
"d6b1ce66b035a475f00c017792ff9769","SP","92","108","12277.40","92","108","12277.40","2038.48","113.68","2018-03-17 14:39:25.000000","2018-08-26 22:50:16.000000","133.45"
"48436dade18ac8b2bce089ec2a041202","SP","138","151","12271.71","134","147","11821.11","2840.90","80.42","2017-03-15 09:19:06.000000","2018-08-18 21:19:10.000000","88.22"
"c510bc1718f0f2961eaa42a23330681a","SP","13","13","12251.00","12","12","10141.00","710.45","845.08","2018-04-17 12:05:48.000000","2018-08-13 19:38:49.000000","845.08"
"fbc14c0cf93505ef89f64665ffa4a7b5","SP","18","18","12227.82","18","18","12227.82","531.11","679.32","2017-08-17 17:36:22.000000","2018-08-08 21:34:09.000000","679.32"
"c8b0e2b0a7095e5d8219575d5e7e1181","SP","84","85","12170.21","84","85","12170.21","1487.13","143.18","2017-07-12 19:56:51.000000","2018-08-17 12:03:54.000000","144.88"
"70c27847eca8195c983ed7e798c56743","RJ","77","98","12077.52","77","98","12077.52","1451.66","123.24","2018-04-03 09:02:42.000000","2018-08-22 21:34:37.000000","156.85"
"ff063b022a9a0aab91bad2c9088760b7","SP","94","96","12076.50","94","96","12076.50","1984.77","125.80","2017-02-14 06:59:36.000000","2018-08-20 14:39:22.000000","128.47"
"e26901d5ab434ce92fd9b5c256820a4e","SP","202","221","11990.90","197","215","11601.50","2880.13","53.96","2017-01-30 15:32:24.000000","2017-09-12 22:47:46.000000","58.89"
"701938c450705b8ae65fc923b70f35c7","SP","75","112","11983.28","74","111","11879.29","3771.60","107.02","2017-01-27 19:04:57.000000","2018-04-01 21:48:34.000000","160.53"
"c4f7fee5b0db50e87766f5a4d1b1b758","SP","8","9","11961.83","5","5","2762.03","152.69","552.41","2018-04-15 13:07:03.000000","2018-04-17 20:37:20.000000","552.41"
"128639473a139ac0f3e5f5ade55873a5","PR","533","560","11908.85","527","554","11795.85","9679.69","21.29","2017-05-12 23:12:12.000000","2018-08-18 11:11:55.000000","22.38"
"d71d863e5ef30d94e440c11be17dcd8f","SP","29","36","11900.90","23","30","9246.90","673.19","308.23","2017-10-15 20:06:58.000000","2018-05-02 18:57:37.000000","402.04"
"8b8cfc8305aa441e4239358c9f6f2485","PR","15","15","11892.00","15","15","11892.00","1218.70","792.80","2017-01-29 21:40:02.000000","2018-04-11 10:48:14.000000","792.80"
"7901646fdd36a55f564ffaf2dbccaaf7","RJ","22","27","11857.08","22","27","11857.08","621.75","439.15","2017-03-02 13:52:03.000000","2018-08-23 00:13:49.000000","538.96"
"09f952a5f58d2285b0372551ae8f9b01","SP","50","56","11821.50","50","56","11821.50","1524.96","211.10","2017-09-15 09:24:57.000000","2018-08-24 22:21:24.000000","236.43"
"adbc26658d6c7b4b6219f9d934598091","PR","88","92","11806.40","88","92","11806.40","1885.85","128.33","2017-08-28 11:44:24.000000","2018-08-21 12:31:00.000000","134.16"
"0be8ff43f22e456b4e0371b2245e4d01","SP","161","180","11805.50","156","175","11336.00","2508.49","64.78","2017-05-09 10:57:58.000000","2018-08-29 10:22:35.000000","72.67"
"72c5da29406b4234927b81855e7b64f6","SP","31","31","11798.69","31","31","11798.69","853.78","380.60","2018-04-07 17:15:59.000000","2018-08-26 20:32:14.000000","380.60"
"ce7d1888639e6fb06b2749cbfdac1ff7","MG","78","84","11793.89","78","84","11793.89","3082.65","140.40","2017-08-12 20:33:46.000000","2018-08-18 13:33:20.000000","151.20"
"23d7c96d4a1160db1c726b248601b25a","SP","53","55","11766.94","50","52","10658.24","1288.93","204.97","2017-07-20 17:52:10.000000","2018-08-16 09:59:36.000000","213.16"
"d1b65fc7debc3361ea86b5f14c68d2e2","SP","40","41","11703.07","39","40","11413.17","1410.15","285.33","2017-03-28 09:00:00.000000","2018-06-06 20:01:45.000000","292.65"
"bba3293d6f5d5af2f415e004e8b93ae3","SP","17","17","11702.10","17","17","11702.10","326.69","688.36","2017-09-02 21:01:18.000000","2018-06-22 22:17:39.000000","688.36"
"25e6ffe976bd75618accfe16cefcbd0d","SP","108","117","11691.61","106","115","11552.62","1687.18","100.46","2016-10-06 19:38:12.000000","2018-06-24 20:26:36.000000","108.99"
"c4d51195486dc781531876a7d00453d8","SP","17","17","11468.98","17","17","11468.98","569.37","674.65","2018-03-31 21:04:40.000000","2018-06-05 00:43:11.000000","674.65"
"80e6699fe29150b372a0c8a1ebf7dcc8","PR","98","100","11441.56","96","98","11119.66","2667.15","113.47","2016-10-10 16:00:30.000000","2018-05-13 19:30:39.000000","115.83"
"b4f8921fcc4ff77b66bea6dda43dcd51","RS","18","20","11395.05","18","20","11395.05","1468.36","569.75","2018-05-19 16:23:57.000000","2018-08-21 21:18:33.000000","633.06"
"cab85505710c7cb9b720bceb52b01cee","SP","206","209","11389.10","201","204","11124.60","2827.39","54.53","2016-10-08 04:01:53.000000","2018-08-28 11:26:02.000000","55.35"
"1d8dbc4f32378d715c717c1c1fc57bae","PR","92","98","11315.89","91","97","11205.99","2085.15","115.53","2017-03-20 16:41:25.000000","2018-06-24 18:49:49.000000","123.14"
"813348c996469b40f2e028d5429d3495","SP","179","202","11205.83","172","195","10813.53","3457.70","55.45","2017-05-01 14:48:33.000000","2018-04-24 13:21:26.000000","62.87"
"6cd68b3ed6d59aaa9fece558ad360c0a","MG","149","157","11188.57","149","157","11188.57","2529.89","71.26","2017-01-26 17:40:03.000000","2018-04-23 22:25:36.000000","75.09"
"5a8e7d5003a1f221f9e1d6e411de7c23","SP","139","181","11171.90","137","179","11042.10","2666.70","61.69","2016-10-04 22:03:46.000000","2018-08-24 16:26:08.000000","80.60"
"ccb83a794700270fde70898fe9ff368b","SC","12","12","11062.00","12","12","11062.00","1723.73","921.83","2017-02-21 21:50:47.000000","2017-08-06 13:09:40.000000","921.83"
"8d956fec2e4337affcb520f56fd8cbfd","SP","211","228","11015.19","210","227","10988.20","3313.85","48.41","2017-10-12 09:04:48.000000","2018-08-26 18:03:59.000000","52.32"
"6973a06f484aacf400ece213dbf3d946","SP","95","115","11011.05","89","108","10418.72","1287.87","96.47","2018-01-22 15:14:12.000000","2018-06-16 07:41:21.000000","117.06"
"95e03ca3d4146e4011985981aeb959b9","RJ","175","193","11009.96","172","190","10865.16","3189.30","57.19","2017-05-14 12:47:08.000000","2018-08-15 08:44:39.000000","63.17"
"7ea5bfa6c340f58f8e71fc1f0412b0d6","MG","98","104","11002.89","96","102","10838.41","1631.85","106.26","2017-11-20 16:35:55.000000","2018-08-11 12:01:37.000000","112.90"
"54965bbe3e4f07ae045b90b0b8541f52","PR","78","86","10961.30","73","81","10351.70","2076.26","127.80","2017-10-18 21:56:13.000000","2018-07-03 18:34:56.000000","141.80"
"82e0a475a88cc9595229d8029273f045","SP","42","80","10930.02","41","79","10748.02","1468.38","136.05","2017-02-22 14:08:00.000000","2018-01-18 02:11:56.000000","262.15"
"dd2bdf855a9172734fbc3744021ae9b9","MG","108","113","10816.70","105","110","10607.00","1992.01","96.43","2016-10-05 12:44:09.000000","2018-01-03 10:05:57.000000","101.02"
"0ea22c1cfbdc755f86b9b54b39c16043","MG","237","269","10711.70","234","265","10592.10","4231.98","39.97","2016-10-06 18:50:25.000000","2018-08-22 18:03:39.000000","45.27"
"ce27a3cc3c8cc1ea79d11e561e9bebb6","SP","135","164","10682.65","122","151","9465.45","2154.67","62.69","2016-10-04 12:53:17.000000","2018-08-25 13:07:13.000000","77.59"
"c9c7905cffc4ef9ff9f113554423e671","SP","127","139","10657.18","127","139","10657.18","2109.53","76.67","2017-06-02 09:41:21.000000","2018-08-21 19:49:49.000000","83.91"
"bd23da7354813347129d751591d1a6e2","SP","89","90","10544.30","86","87","9704.60","1384.56","111.55","2017-07-17 11:44:41.000000","2018-08-17 09:08:30.000000","112.84"
"f3b80352b986ab4d1057a4b724be19d0","DF","87","92","10505.10","86","91","9815.10","2126.26","107.86","2017-02-17 22:27:53.000000","2018-07-26 19:00:25.000000","114.13"
"f262cbc1c910c83959f849465454ddd3","SP","192","207","10482.83","189","204","10199.86","2455.04","50.00","2017-11-04 10:25:02.000000","2018-08-27 07:18:36.000000","53.97"
"c864036feaab8c1659f65ea4faebe1da","PR","58","58","10454.20","58","58","10454.20","1845.57","180.24","2017-07-19 16:15:37.000000","2018-08-09 16:23:03.000000","180.24"
"b499c00f28f4b7069ff6550af8c1348a","SP","152","187","10327.13","147","182","10162.18","2503.60","55.84","2016-10-03 22:31:31.000000","2018-08-24 14:09:35.000000","69.13"
"ea566164622c6b439516ab18062c42cd","SP","50","52","10309.42","50","52","10309.42","858.56","198.26","2017-11-12 23:19:39.000000","2018-08-19 22:47:43.000000","206.19"
"33a6f4b1e7cdc205511e76ba1b6e0186","SP","105","126","10295.01","105","126","10295.01","1888.90","81.71","2018-01-26 10:54:11.000000","2018-08-28 14:32:59.000000","98.05"
"9d5a9018aee56acb367ba9c3f05d1d6a","GO","67","79","10292.31","66","78","10119.98","1671.41","129.74","2017-03-11 19:59:25.000000","2018-03-21 20:20:40.000000","153.33"
"06532f10282704ef4c69168b914b77be","PR","8","9","10220.50","7","8","9827.95","632.80","1228.49","2017-03-03 14:12:45.000000","2017-08-18 16:26:37.000000","1403.99"
"1c5e4e49b9079480255b49d50aac1aa9","SP","12","12","10173.11","12","12","10173.11","889.61","847.76","2017-03-09 18:15:38.000000","2018-08-05 04:43:04.000000","847.76"
"7b1222c3624aa89b9558b50a2594188c","SP","22","22","10103.52","22","22","10103.52","457.57","459.25","2017-02-18 20:50:28.000000","2018-06-26 14:07:10.000000","459.25"
"5058e8c1e82653974541e83690655b4a","SP","63","78","10022.82","62","77","9812.83","3008.63","127.44","2017-10-16 17:57:03.000000","2018-08-03 18:54:39.000000","158.27"
"0df3984f9dfb3d49ac6366acbd3bbb85","MG","87","89","10021.49","86","88","9891.49","1483.05","112.40","2017-03-12 09:25:41.000000","2018-06-17 15:32:09.000000","115.02"
"5343d0649eca2a983820bfe93fc4d17e","SP","71","111","10000.64","70","110","9819.02","2375.07","89.26","2017-12-18 19:26:02.000000","2018-07-29 19:42:00.000000","140.27"
"054694fa03fe82cec4b7551487331d74","SP","21","22","9983.10","20","21","8286.10","660.24","394.58","2017-01-07 17:20:56.000000","2018-04-09 16:57:00.000000","414.31"
"9d4db00d65d7760644ac0c14edb5fd86","SP","98","100","9979.70","97","99","9845.71","1509.59","99.45","2017-12-24 12:20:23.000000","2018-08-18 09:08:48.000000","101.50"
"961dff0a659b4561334372337dd897d9","RJ","4","4","9946.00","3","3","7297.00","92.74","2432.33","2017-04-01 15:44:55.000000","2017-06-05 19:38:57.000000","2432.33"
"5882820ef11c4c068eea0677a7a879b4","RS","14","14","9925.50","14","14","9925.50","739.31","708.96","2017-04-04 09:36:12.000000","2018-07-20 10:32:03.000000","708.96"
"4830e40640734fc1c52cd21127c341d4","SP","210","219","9843.47","204","212","9490.50","3011.92","44.77","2017-07-25 17:24:33.000000","2018-08-27 17:32:01.000000","46.52"
"ef506c96320abeedfb894c34db06f478","SP","324","340","9771.43","316","332","9556.50","5092.30","28.78","2017-01-23 07:03:04.000000","2018-08-21 13:16:24.000000","30.24"
"17ca9b9e9b9ef8fdb529001b49ebb50f","MG","116","129","9754.83","115","128","9649.86","2348.96","75.39","2017-07-11 09:36:46.000000","2018-08-21 12:21:04.000000","83.91"
"7040e82f899a04d1b434b795a43b4617","SP","212","228","9738.20","208","223","9213.70","3123.26","41.32","2017-09-12 22:20:18.000000","2018-08-28 09:18:03.000000","44.30"
"ca3bd7cd9f149df75950150d010fe4a2","SP","71","138","9731.85","68","135","9253.47","3318.89","68.54","2017-01-25 11:32:02.000000","2018-08-06 17:47:40.000000","136.08"
"7b07b3c7487f0ea825fc6df75abd658b","SP","93","98","9731.85","91","96","9259.47","1292.69","96.45","2017-01-25 15:32:48.000000","2018-08-24 10:48:37.000000","101.75"
"01cf7e3d21494c41fb86034f2e714fa1","PR","61","67","9729.36","59","65","9439.56","1964.45","145.22","2016-10-06 18:03:01.000000","2018-02-26 09:41:21.000000","159.99"
"17306570e772e7718c92a562d33f5f1d","SP","29","32","9669.80","27","30","8640.00","775.91","288.00","2017-02-28 21:17:05.000000","2018-04-18 14:37:49.000000","320.00"
"e96498ed8daaa3e9c23f7a62da76591c","SP","34","34","9619.09","34","34","9619.09","713.10","282.91","2017-10-10 17:26:22.000000","2018-07-19 20:37:53.000000","282.91"
"31344c16881c08a8a72c6d2eb29918c1","MG","43","43","9615.70","42","42","9365.80","2208.55","223.00","2017-01-26 21:58:21.000000","2018-08-20 12:03:54.000000","223.00"
"e7df4cd29ab5abab70fb0783ddb53987","SP","23","24","9608.70","23","24","9608.70","413.37","400.36","2017-02-16 12:58:36.000000","2018-08-19 20:46:26.000000","417.77"
"73a63f72308aa20a46f4b1632018f196","PR","29","41","9606.80","27","35","7640.80","997.30","218.31","2017-03-18 22:33:43.000000","2018-08-01 14:47:50.000000","282.99"
"b2ac621f0d0322434d04a12b078b9369","PR","30","30","9575.50","30","30","9575.50","781.39","319.18","2017-08-22 10:55:25.000000","2018-08-16 15:59:08.000000","319.18"
"1c129092bf23f28a5930387c980c0dfc","SP","201","220","9553.62","200","219","9528.62","3021.57","43.51","2017-10-02 14:50:52.000000","2018-08-11 14:36:54.000000","47.64"
"36a968b544695394e4e9d7572688598f","SP","154","162","9482.87","148","156","6864.47","2053.23","44.00","2017-02-22 17:12:07.000000","2018-08-27 16:24:47.000000","46.38"
"3db66a856d18a9cba7c9241fc5221c50","MG","94","97","9478.30","94","97","9478.30","2044.36","97.71","2017-04-20 17:15:47.000000","2018-08-21 12:20:32.000000","100.83"
"270297ead4c65a6cd2593960d2af6b21","SP","18","20","9422.40","17","19","9344.40","537.36","491.81","2017-03-15 19:48:58.000000","2018-08-13 23:03:46.000000","549.67"
"81a1104df0f08b59c68aa5b03cfe398e","PR","73","73","9420.88","72","72","9320.98","1794.45","129.46","2017-05-21 13:07:26.000000","2018-04-16 18:51:24.000000","129.46"
"066a6914e1ebf3ea95a216c73a986b91","PR","68","74","9410.38","66","72","8956.38","1655.18","124.39","2016-10-06 17:10:05.000000","2018-08-10 12:12:35.000000","135.70"
"cb8bcce248bb1fb274ba762d8b971456","MG","68","69","9402.20","66","67","9152.40","1200.09","136.60","2017-01-26 00:16:29.000000","2018-08-14 17:42:27.000000","138.67"
"a00824eb9093d40e589b940ec45c4eb0","SP","3","3","9399.97","3","3","9399.97","379.49","3133.32","2017-10-05 19:23:16.000000","2018-04-09 11:32:37.000000","3133.32"
"5b8154610ebb21fb90eb587365e673df","SP","38","41","9397.54","37","40","9048.05","1048.67","226.20","2017-07-10 17:44:35.000000","2018-07-28 17:56:15.000000","244.54"
"3c487ae8f8d7542beff5788e2e0aea83","DF","30","33","9385.70","30","33","9385.70","719.65","284.42","2017-08-09 15:42:26.000000","2018-08-17 15:27:40.000000","312.86"
"aaed1309374718fdd995ee4c58c9dfcd","SC","105","112","9376.95","104","111","9345.45","2314.28","84.19","2016-10-09 11:43:43.000000","2018-08-01 15:54:56.000000","89.86"
"8b28d096634035667e8263d57ba3368c","SP","143","155","9375.70","139","151","9025.30","2507.74","59.77","2017-02-28 14:56:37.000000","2018-07-19 17:43:55.000000","64.93"
"05feb94f19d094d4b0f9281f0b1d4c99","SP","6","6","9353.00","6","6","9353.00","697.04","1558.83","2017-08-14 08:05:48.000000","2018-02-18 18:26:06.000000","1558.83"
"048c2757535328e0d7dac690ad3c0aae","SP","51","51","9264.78","50","50","9065.08","1247.33","181.30","2017-03-04 15:23:15.000000","2018-08-21 16:31:46.000000","181.30"
"aafe36600ce604f205b86b5084d3d767","SC","129","131","9251.40","129","131","9251.40","2421.80","70.62","2017-02-18 22:42:34.000000","2018-08-16 09:28:54.000000","71.72"
"624f4ece8da4aafb77699233d480f8ef","SP","53","55","9205.00","52","54","9046.00","1705.55","167.52","2016-10-04 10:16:04.000000","2018-08-19 10:47:22.000000","173.96"
"dd7ddc04e1b6c2c614352b383efe2d36","SP","122","143","9178.51","121","142","9148.61","2876.57","64.43","2017-04-26 10:53:06.000000","2018-07-25 15:40:35.000000","75.61"
"4e7c18b98d84e05cbae3ff0ff03846c2","SP","82","89","9177.90","81","88","9038.90","2823.46","102.71","2017-02-04 20:09:10.000000","2018-07-12 16:53:30.000000","111.59"
"6c12e40690c335dbc2f68a4134d30dc1","PR","16","18","9139.20","16","18","9139.20","485.06","507.73","2017-02-20 13:35:27.000000","2018-08-06 09:57:33.000000","571.20"
"f80edd2c5aaa505cc4b0a3b219abf4b8","SP","119","128","9108.20","116","125","8855.50","2935.12","70.84","2017-04-06 15:51:57.000000","2018-08-27 12:59:16.000000","76.34"
"8e8a7ce9f2f970dc00e2acf6f6e199f6","RJ","65","66","9101.00","63","64","8821.00","1147.78","137.83","2017-11-30 16:02:21.000000","2018-08-21 08:16:01.000000","140.02"
"0db783cfcd3b73998abc6e10e59a102f","SP","132","137","9077.40","132","137","9077.40","1999.15","66.26","2016-10-08 20:02:32.000000","2018-04-07 15:24:30.000000","68.77"
"06df0c10d34e459d9672bc77388742eb","PR","26","30","9070.00","26","30","9070.00","525.77","302.33","2018-03-16 13:58:32.000000","2018-08-06 19:44:03.000000","348.85"
"fffd5413c0700ac820c7069d66d98c89","SP","60","61","9062.30","57","58","8535.00","2590.30","147.16","2017-07-24 21:13:55.000000","2018-08-26 19:56:12.000000","149.74"
"9b013e03b2ab786505a1d3b5c0756754","SP","174","225","9027.40","170","220","8714.55","2556.28","39.61","2017-10-19 13:21:58.000000","2018-08-27 14:54:22.000000","51.26"
"5f2684dab12e59f83bef73ae57724e45","SP","68","74","9000.87","67","73","8870.97","1109.75","121.52","2017-01-27 12:54:57.000000","2018-08-29 12:25:59.000000","132.40"
"403aa86912527d730337ffcb0fb096ab","MG","11","11","8959.89","11","11","8959.89","204.62","814.54","2017-01-30 13:13:59.000000","2017-11-15 14:31:58.000000","814.54"
"f27e33c6d29b5138fa9967bcd445b6d5","SP","93","98","8888.30","93","98","8888.30","1593.95","90.70","2017-07-25 12:31:12.000000","2018-08-25 20:24:40.000000","95.57"
"32b8764b4ef628b53608fc34011fcc13","SC","36","38","8884.00","36","38","8884.00","2970.42","233.79","2018-03-06 22:41:47.000000","2018-08-22 08:33:48.000000","246.78"
"d03698c2efd04a549382afa6623e27fb","BA","18","21","8865.47","18","21","8865.47","779.15","422.17","2016-10-07 22:46:51.000000","2018-07-31 20:19:04.000000","492.53"
"2089a6d640999f9b9141ac719b2af596","SP","44","44","8830.82","41","41","7676.02","640.61","187.22","2017-04-17 07:25:25.000000","2018-06-24 22:09:28.000000","187.22"
"1da3aeb70d7989d1e6d9b0e887f97c23","SP","265","328","8823.52","261","324","8691.56","4175.52","26.83","2017-03-04 09:55:07.000000","2018-08-21 17:04:34.000000","33.30"
"a49928bcdf77c55c6d6e05e09a9b4ca5","SP","98","106","8816.70","96","104","8646.90","1726.92","83.14","2017-06-07 20:32:48.000000","2018-05-27 19:10:54.000000","90.07"
"562fc2f2c2863ab7e79a9e4388a58a14","SP","260","270","8814.20","255","265","8659.25","4224.96","32.68","2018-01-15 18:33:21.000000","2018-08-21 09:42:29.000000","33.96"
"af4a0e4cfe1d9c26b6712b1be25a72e5","MG","21","26","8757.98","21","26","8757.98","593.62","336.85","2017-08-01 11:03:32.000000","2018-03-15 22:35:02.000000","417.05"
"18a349e75d307f4b4cc646a691ed4216","SP","121","148","8711.53","109","128","7425.21","1890.66","58.01","2017-08-21 12:54:37.000000","2018-08-26 19:04:40.000000","68.12"
"6d803cb79cc31c41c4c789a75933b3c7","SP","58","66","8711.40","58","66","8711.40","1213.67","131.99","2017-07-25 00:16:20.000000","2018-06-06 15:11:41.000000","150.20"
"6c7d50c24b3ccd2fd83b44d8bb34e073","SP","114","128","8699.34","112","126","8445.96","2677.83","67.03","2017-07-09 21:20:45.000000","2018-08-17 07:32:27.000000","75.41"
"b1a81260566c1bac3114a6d124413f27","RS","51","54","8684.69","51","54","8684.69","1565.51","160.83","2018-03-11 10:24:44.000000","2018-08-17 15:57:10.000000","170.29"
"9596c870880d900012f2e8e6e30d06d7","MG","22","24","8606.25","21","23","7625.35","1746.36","331.54","2017-04-20 13:47:11.000000","2018-08-06 13:05:58.000000","363.11"
"db2956745b3a8e9f3785c99f34b5d25e","SP","47","48","8599.00","45","46","8261.00","947.26","179.59","2018-04-14 15:12:34.000000","2018-08-10 23:54:45.000000","183.58"
"259f7b5e6e482c230e5bfaa670b6bb8f","SP","138","165","8526.04","136","162","8393.14","2694.28","51.81","2017-03-23 14:28:37.000000","2018-08-27 13:59:44.000000","61.71"
"93dc87703c046b603023e75222018b45","MG","35","36","8517.35","33","34","8149.35","648.99","239.69","2017-11-08 16:32:33.000000","2018-07-28 07:54:14.000000","246.95"
"cbd996ad3c1b7dc71fd0e5f5df9087e2","SP","165","196","8411.04","160","189","8217.50","2771.94","43.48","2017-02-19 11:03:43.000000","2018-08-27 22:12:59.000000","51.36"
"b18dc380845b24038cfc48006478f099","SP","44","54","8353.30","43","48","7753.96","796.87","161.54","2017-10-06 06:30:11.000000","2018-08-03 11:34:23.000000","180.32"
"6c177e38df6d3f34182b1f1d427231bf","PR","55","56","8341.89","53","54","8112.89","1002.16","150.24","2017-02-06 16:00:46.000000","2018-08-21 13:32:24.000000","153.07"
"7d456afc660226829370f3173d14520c","SP","56","91","8338.25","55","89","8118.25","1461.28","91.22","2016-10-06 08:58:04.000000","2018-08-21 18:47:23.000000","147.60"
"fcb5ace8bcc92f75707dc0f01a27d269","SP","62","73","8318.63","59","70","8009.35","905.49","114.42","2017-11-23 13:18:15.000000","2018-08-09 23:10:26.000000","135.75"
"784ba75dd9d20200c4caed3d7a77141a","SP","21","24","8295.13","19","22","8142.33","600.02","370.11","2017-03-29 07:03:56.000000","2017-12-21 15:18:29.000000","428.54"
"3078096983cf766a32a06257648502d1","SP","59","64","8285.42","56","61","7910.84","1370.25","129.69","2017-05-19 08:15:11.000000","2018-05-09 19:32:24.000000","141.27"
"26d8a1c7c75d513045798992ead43aa2","PR","36","38","8244.12","34","36","5937.13","653.33","164.92","2017-08-17 02:43:54.000000","2018-08-11 20:30:25.000000","174.62"
"b92e3c8f9738272ff7c59e111e108d7c","MG","62","70","8231.09","62","70","8231.09","2414.21","117.59","2017-01-17 22:26:00.000000","2018-08-07 15:23:50.000000","132.76"
"4371b634e0efc0e22b09b52907d9d469","SP","102","112","8194.00","101","111","8168.00","1477.01","73.59","2017-06-16 13:58:31.000000","2018-08-13 18:15:19.000000","80.87"
"397c4d0c005b6f41f90098ac724e28cb","SP","5","5","8177.00","5","5","8177.00","445.37","1635.40","2018-04-09 21:35:35.000000","2018-08-04 14:32:55.000000","1635.40"
"67883baaae6134ee81b271a542613728","SP","19","19","8167.90","19","19","8167.90","328.12","429.89","2018-07-17 13:21:24.000000","2018-08-22 11:39:32.000000","429.89"
"86bb7c4b535e49a541baf3266b1c95b1","SP","16","16","8162.40","16","16","8162.40","324.82","510.15","2016-10-04 13:45:08.000000","2018-02-05 12:56:57.000000","510.15"
"fdb9095204a334cd8872252ffec6f2db","SP","46","61","8156.00","46","61","8156.00","1133.37","133.70","2017-06-27 23:21:05.000000","2018-05-28 10:55:14.000000","177.30"
"52d76513f0c4d97f3b99570e2c94ee31","RS","19","28","8153.10","19","28","8153.10","889.26","291.18","2017-07-14 17:24:44.000000","2018-08-16 14:34:23.000000","429.11"
"33a17d60c64393351ebf1ef860f4e0f2","RS","43","47","8152.48","43","47","8152.48","1279.38","173.46","2017-07-08 11:40:20.000000","2018-08-14 19:12:16.000000","189.59"
"4bfc7a4a1cf8d4d2121c27422d9e50b5","SP","26","40","8124.40","26","40","8124.40","1067.19","203.11","2018-03-25 20:34:15.000000","2018-08-22 19:14:34.000000","312.48"
"8fb791022c1fc8909664f48ab7dc636d","SP","5","5","8119.95","5","5","8119.95","363.40","1623.99","2018-07-04 13:44:57.000000","2018-07-22 16:56:59.000000","1623.99"
"972d0f9cf61b499a4812cf0bfa3ad3c4","SC","83","88","8089.29","81","86","7910.42","2100.73","91.98","2017-10-22 15:28:07.000000","2018-08-22 07:25:32.000000","97.66"
"750303a20e9c56b2a6bc45cdce0b897d","GO","54","57","8085.00","53","56","7876.00","1288.82","140.64","2017-09-06 21:43:47.000000","2018-08-24 17:53:18.000000","148.60"
"a2e874074c877c5a05abae80ad6e488f","SP","44","46","8071.98","40","42","7355.00","1105.34","175.12","2017-03-21 13:38:25.000000","2018-08-26 07:54:47.000000","183.88"
"6bd69102ab48df500790a8cecfc285c2","SP","5","5","8070.00","5","5","8070.00","289.02","1614.00","2017-06-26 13:44:08.000000","2018-05-10 14:00:13.000000","1614.00"
"5656537e588803a555b8eb41f07a944b","DF","174","188","8065.93","171","185","7931.26","3324.29","42.87","2017-05-19 13:27:20.000000","2018-08-23 14:56:46.000000","46.38"
"7a241947449cc45dbfda4f9d0798d9d0","MG","62","72","8027.63","56","66","7434.66","1874.98","112.65","2017-03-10 10:24:46.000000","2018-08-05 21:37:08.000000","132.76"
"54065e9aef7e9e9c2dc23b7594db021a","RJ","14","14","8003.00","12","12","7079.00","242.78","589.92","2017-03-03 17:42:10.000000","2017-07-17 19:40:32.000000","589.92"
"b1fc4f64df5a0e8b6913ab38803c57a9","RJ","107","121","7994.74","107","121","7994.74","2146.25","66.07","2017-05-09 10:49:49.000000","2018-08-10 08:13:28.000000","74.72"
"903037660cf848a717166eb7a06d616e","SP","45","60","7991.51","44","59","7935.18","1083.99","134.49","2017-01-23 21:38:10.000000","2018-08-13 17:23:09.000000","180.35"
"ebd2d60905fb58271facef5596b620d3","SP","84","88","7941.72","82","85","7713.02","1637.38","90.74","2017-02-13 14:48:03.000000","2018-08-17 18:41:50.000000","94.06"
"bbf9ad41dca6603e614efcdad7aab8c4","CE","14","14","7846.00","14","14","7846.00","776.26","560.43","2017-02-05 17:07:34.000000","2018-06-23 18:22:41.000000","560.43"
"989becdce12ebc39863c2bceab6f3ca1","PR","18","18","7840.88","15","15","6302.90","814.52","420.19","2016-10-07 22:35:59.000000","2018-07-26 19:28:07.000000","420.19"
"725c32fa80c2faacc4fc88450d27314e","SP","89","93","7838.88","89","93","7838.88","1327.78","84.29","2017-01-17 12:42:06.000000","2018-08-12 09:20:39.000000","88.08"
"8476243f92442881ddd5b578975cf115","RS","12","12","7838.00","12","12","7838.00","275.03","653.17","2018-03-14 10:12:48.000000","2018-08-14 17:50:05.000000","653.17"
"0432ead42b6c8a0bdf68154add917fdf","SP","85","90","7792.10","82","87","7574.40","1180.00","87.06","2017-04-02 16:31:42.000000","2018-07-27 18:03:57.000000","92.37"
"d51e0a403fe2e689ece6c73359d96e12","SP","19","26","7790.00","18","25","7380.00","647.57","295.20","2017-08-21 15:49:41.000000","2018-07-25 11:49:46.000000","410.00"
"2dee2ce60de9709b1a24083217181a1f","MT","54","55","7784.50","54","55","7784.50","2060.06","141.54","2017-07-18 19:49:49.000000","2018-06-28 14:29:37.000000","144.16"
"7008613ea464bad5cb9b83456e1e6a8f","SC","127","156","7777.00","123","152","7538.70","2949.34","49.60","2016-10-09 22:36:49.000000","2018-08-21 16:08:39.000000","61.29"
"7bac63f6603d382cc8d0832eb6c100a8","SP","19","19","7751.95","19","19","7751.95","362.65","408.00","2017-11-04 09:09:12.000000","2018-08-03 15:28:52.000000","408.00"
"5b925e1d006e9476d738aa200751b73b","SP","63","63","7748.50","63","63","7748.50","1053.34","122.99","2017-10-06 11:52:25.000000","2018-08-20 18:43:09.000000","122.99"
"6fd52c528dcb38be2eea044946b811f8","SP","67","84","7743.02","67","84","7743.02","1138.56","92.18","2017-08-18 16:58:56.000000","2018-08-11 23:56:26.000000","115.57"
"e5a3438891c0bfdb9394643f95273d8e","SP","224","255","7738.35","216","247","7549.96","3280.74","30.57","2017-05-19 21:06:12.000000","2018-04-11 10:56:21.000000","34.95"
"257e61d3251fb5efb9daadddbc2cf7ca","PR","12","12","7729.00","12","12","7729.00","1077.18","644.08","2018-04-06 17:16:18.000000","2018-08-15 16:12:57.000000","644.08"
"b410bdd36d5db7a65dcd42b7ead933b8","GO","44","44","7726.90","42","42","7368.90","950.81","175.45","2018-01-24 15:42:08.000000","2018-08-21 10:48:37.000000","175.45"
"42bde9fef835393bb8a8849cb6b7f245","DF","35","40","7703.00","34","39","7574.00","767.37","194.21","2017-07-06 20:25:32.000000","2018-08-19 18:19:11.000000","222.76"
"3bb548e3cb7f70f28e3f11ee9dce0e59","PR","46","53","7690.02","46","53","7690.02","896.79","145.09","2017-03-05 14:10:40.000000","2018-08-09 12:13:17.000000","167.17"
"058fd0aa2bfdb2274e05e1ae971dabb6","SP","61","64","7667.90","60","63","7549.90","878.88","119.84","2017-08-03 11:36:18.000000","2018-06-07 19:45:30.000000","125.83"
"08633c14ef2db992c11f840f04fad4cd","SP","74","97","7644.30","74","97","7644.30","1424.52","78.81","2017-12-13 09:15:58.000000","2018-08-24 14:57:19.000000","103.30"
"4e17c65a516f69d023a2ae78b84f28d6","SP","61","74","7639.26","61","74","7639.26","1155.54","103.23","2017-03-13 23:46:04.000000","2018-08-26 19:22:51.000000","125.23"
"52f976b17ea7f2f087f56dcc419328f6","PR","6","6","7630.00","6","6","7630.00","862.65","1271.67","2017-10-05 10:28:57.000000","2018-07-23 20:37:29.000000","1271.67"
"640e21a7d01df7614a3b4923e990d40c","SP","116","137","7598.88","115","136","7528.89","2431.66","55.36","2018-03-17 19:47:48.000000","2018-08-25 20:27:21.000000","65.47"
"4aba391bc3b88717ce08eb11e44937b2","BA","29","30","7595.87","27","28","7286.88","760.56","260.25","2017-02-02 01:00:37.000000","2018-08-04 10:49:08.000000","269.88"
"6a51fc556dab5f766ced6fbc860bc613","SP","26","33","7577.67","24","31","7217.87","747.14","232.83","2017-04-08 19:06:55.000000","2018-08-21 12:46:29.000000","300.74"
"8a432f4e5b471f8da497d7dc517666e2","SP","95","106","7555.00","95","106","7555.00","1965.11","71.27","2018-04-05 11:05:44.000000","2018-08-28 11:16:37.000000","79.53"
"062ce95fa2ad4dfaedfc79260130565f","RS","55","60","7521.00","54","59","7479.10","1184.33","126.76","2017-01-26 18:48:30.000000","2017-09-10 00:14:56.000000","138.50"
"0bae85eb84b9fb3bd773911e89288d54","SP","137","146","7482.21","136","145","7433.56","2907.00","51.27","2017-05-02 16:32:37.000000","2018-08-21 20:24:33.000000","54.66"
"c26a2be5b53b7db6b276280da212a779","RJ","13","18","7482.00","13","18","7482.00","806.85","415.67","2017-08-08 13:37:37.000000","2018-08-03 16:58:12.000000","575.54"
"87e24fc7052259b1f7f607d61c10d8be","SP","8","8","7473.49","7","7","7073.59","214.66","1010.51","2018-05-15 13:18:27.000000","2018-08-14 11:15:33.000000","1010.51"
"bd0389da23d89b726abf911cccc54596","DF","87","90","7472.16","87","90","7472.16","1656.31","83.02","2017-03-13 19:41:54.000000","2018-08-14 14:48:11.000000","85.89"
"a420f60ff1aa9acc80d0e42959f2b313","SP","67","69","7443.30","67","69","7443.30","1099.97","107.87","2017-08-16 01:00:34.000000","2018-08-13 10:05:23.000000","111.09"
"8648b1e89e9b349e32d3741b30ec737e","SP","95","103","7442.55","93","100","7228.75","1420.27","72.29","2017-09-28 08:26:10.000000","2018-08-26 21:18:34.000000","77.73"
"512d298ac2a96d1931b6bd30aa21f61d","RJ","11","12","7401.94","11","12","7401.94","321.93","616.83","2018-01-17 09:54:55.000000","2018-08-17 17:25:51.000000","672.90"
"e0a366315b1b726b6c7832d664c0f530","SP","43","51","7400.09","43","51","7400.09","745.08","145.10","2017-06-10 15:22:55.000000","2018-08-16 22:08:23.000000","172.10"
"f25e239052084705e17a982bc600ab2a","SP","8","8","7380.00","8","8","7380.00","405.48","922.50","2017-03-18 17:56:04.000000","2018-08-15 18:01:23.000000","922.50"
"381c83fdca332ea6afd896da20bf6e4a","PR","46","46","7355.80","46","46","7355.80","999.21","159.91","2017-08-17 08:58:53.000000","2018-08-14 07:04:43.000000","159.91"
"b347677812ea483b0f528eaf8cbc09b7","PR","21","21","7288.99","21","21","7288.99","762.35","347.09","2017-11-24 12:12:36.000000","2018-06-22 22:10:44.000000","347.09"
"febab0275244b9a49a623f0bd613ca2f","SP","109","129","7272.42","106","126","7094.82","2906.49","56.31","2017-02-15 20:49:15.000000","2018-08-17 20:05:53.000000","66.93"
"aced59e9b31ef866a94f9e7f29d8d418","SP","61","67","7268.50","61","67","7268.50","1047.30","108.49","2017-02-13 11:50:50.000000","2018-08-26 04:51:22.000000","119.16"
"e333046ce6517bd8bb510291d44f0130","SP","68","74","7268.00","68","74","7268.00","1431.32","98.22","2017-07-13 09:00:21.000000","2018-08-24 16:27:11.000000","106.88"
"0873d9f8f36123f8d910f4760e788cfb","SP","6","6","7265.59","6","6","7265.59","161.06","1210.93","2018-05-07 20:22:07.000000","2018-08-14 14:19:51.000000","1210.93"
"cee48807215b30a12ca2ca10ffb5f250","SP","39","40","7212.23","39","40","7212.23","913.29","180.31","2017-08-04 15:34:27.000000","2018-08-21 12:20:32.000000","184.93"
"d624126b9206f595fb3fbb6ba03b28a8","PR","23","28","7198.80","23","28","7198.80","569.70","257.10","2017-05-14 21:45:11.000000","2018-08-16 19:27:59.000000","312.99"
"ade45994b717ccee333492330fbf037b","PR","10","10","7196.00","10","10","7196.00","283.63","719.60","2018-06-09 20:12:15.000000","2018-08-15 18:26:46.000000","719.60"
"dbb9b48c841a0e39e21f98e1a6b2ec3e","SP","108","118","7186.85","108","118","7186.85","1581.41","60.91","2017-01-11 10:24:36.000000","2018-06-26 18:51:12.000000","66.54"
"d13e50eaa47b4cbe9eb81465865d8cfc","SP","67","69","7155.05","66","68","7073.05","834.50","104.02","2018-08-04 09:09:37.000000","2018-08-28 10:00:01.000000","107.17"
"a4b6b9b992b46e9ef863637af96e04bc","SC","7","14","7147.00","6","8","5293.00","209.84","661.63","2017-02-18 12:45:31.000000","2017-07-01 13:23:05.000000","882.17"
"cc63f0dd2acba93ffed4fe9f8e0321fa","SP","55","63","7096.71","55","63","7096.71","1399.97","112.65","2018-05-10 14:37:54.000000","2018-08-24 09:17:45.000000","129.03"
"7722b1df1b0e383e000397b2c11e3e19","SP","134","145","7094.09","133","144","7046.60","2059.48","48.93","2017-01-19 13:06:45.000000","2018-08-27 16:57:10.000000","52.98"
"014c0679dd340a0e338872e7ec85666a","MG","14","15","7058.00","14","15","7058.00","628.31","470.53","2017-01-26 00:20:22.000000","2018-07-04 23:17:21.000000","504.14"
"f1fd5ab1181f827ffad998c1a5de7d74","PR","15","15","7045.99","15","15","7045.99","831.97","469.73","2017-11-16 13:58:07.000000","2018-08-09 06:47:46.000000","469.73"
"dd55f1bb788714a40e7954c3be6df745","SP","35","37","7041.76","35","37","7041.76","659.42","190.32","2017-11-10 09:22:13.000000","2018-07-16 19:20:36.000000","201.19"
"679769a98cfcc6da877c8486ff1c13f3","MG","21","21","7029.00","21","21","7029.00","438.39","334.71","2017-03-01 12:40:04.000000","2018-08-27 15:03:18.000000","334.71"
"ff4ea69c2a729e83e63c7579e4ef8170","SP","9","9","7017.00","8","8","6368.00","159.82","796.00","2017-02-28 19:07:02.000000","2017-05-22 18:54:48.000000","796.00"
"6fa9202c10491e472dffd59a3e82b2a3","SP","3","3","7014.24","3","3","7014.24","925.01","2338.08","2018-07-30 10:04:21.000000","2018-08-13 14:07:50.000000","2338.08"
"b8630e1121437d41cb08e3c749c2c2e2","RJ","12","12","6988.00","12","12","6988.00","346.10","582.33","2017-11-25 04:02:51.000000","2018-08-06 09:14:27.000000","582.33"
"d98eec89afa3380e14463da2aabaea72","RS","168","183","6968.53","168","183","6968.53","3256.78","38.08","2017-01-18 08:01:37.000000","2018-08-27 10:46:53.000000","41.48"
"bacb1f0ed56ad24198f5810d2b3fe9a5","SP","42","42","6940.45","38","38","6078.05","769.65","159.95","2017-04-30 21:10:28.000000","2018-01-17 22:58:43.000000","159.95"
"1da366cade6d8276e7d8beea7af5d4bf","MG","43","49","6917.59","42","48","6348.59","1688.01","132.26","2017-02-04 17:33:35.000000","2017-12-21 17:43:41.000000","151.16"
"30829ded4523ab9224b93bc49a62c95f","RS","18","31","6911.71","18","31","6911.71","638.00","222.96","2018-01-10 10:50:11.000000","2018-08-23 11:30:04.000000","383.98"
"d9bd94811c3338dceb4181f3dbc0c73e","SP","54","61","6911.02","54","61","6911.02","771.09","113.30","2018-05-01 12:25:50.000000","2018-08-21 15:39:07.000000","127.98"
"ad781527c93d00d89a11eecd9dcad7c1","SP","44","44","6899.57","38","38","6039.63","2173.49","158.94","2017-07-17 20:24:19.000000","2018-05-16 09:44:37.000000","158.94"
"e3b4998c7a498169dc7bce44e6bb6277","SP","3","3","6897.90","1","1","6735.00","194.31","6735.00","2017-02-12 20:37:36.000000","2017-02-12 20:37:36.000000","6735.00"
"1127b7f2594683f2510f1c2c834a486b","SP","114","132","6851.33","110","128","6669.70","1768.70","52.11","2017-02-24 21:36:00.000000","2018-08-22 20:38:11.000000","60.63"
"b3b17aab11f273023a5f22ca52e1eb70","PR","7","13","6850.00","7","13","6850.00","475.35","526.92","2018-01-25 13:07:28.000000","2018-06-09 10:24:21.000000","978.57"
"58f1a6197ed863543e0136bdedb3fce2","MG","44","45","6833.00","44","45","6833.00","1070.69","151.84","2018-05-10 20:49:54.000000","2018-08-18 21:16:18.000000","155.30"
"8e6cc767478edae941d9bd9eb778d77a","MG","106","114","6830.58","100","108","5929.35","2169.26","54.90","2017-01-29 19:08:00.000000","2018-06-13 11:37:39.000000","59.29"
"5b67882648febfb6e1225e6ad7164f6b","PR","27","30","6813.48","27","30","6813.48","618.94","227.12","2017-07-09 18:30:33.000000","2018-08-10 19:41:30.000000","252.35"
"ececbfcff9804a2d6b40f589df8eef2b","SP","98","104","6792.40","97","103","6714.15","1834.31","65.19","2017-06-26 16:05:09.000000","2018-08-15 16:54:26.000000","69.22"
"33dd941c27854f7625b968cc6195a552","ES","5","5","6787.50","5","5","6787.50","380.91","1357.50","2018-05-27 16:26:55.000000","2018-08-03 00:45:12.000000","1357.50"
"40d54b51e962dbe09cabbcfd33298dee","SP","30","31","6785.56","30","31","6785.56","537.69","218.89","2017-07-08 14:21:09.000000","2018-08-25 14:20:27.000000","226.19"
"63b464dbf392c7b80d12d932fa7cafed","SP","37","39","6781.00","36","38","6622.00","860.84","174.26","2017-02-01 15:47:22.000000","2018-01-28 22:03:43.000000","183.94"
"a63bfbaa882c8f4542891b4e2246cc7f","RJ","7","7","6772.00","6","6","5682.00","243.99","947.00","2018-06-11 23:01:49.000000","2018-08-23 18:19:17.000000","947.00"
"ff1fb4c404b2efe68b03350a8dc24122","SP","46","49","6771.00","46","49","6771.00","895.95","138.18","2018-01-20 23:30:17.000000","2018-08-21 06:06:38.000000","147.20"
"aac29b1b99776be73c3049939652091d","MG","98","138","6755.91","94","131","6563.66","2569.62","50.10","2017-01-25 12:48:49.000000","2018-08-08 17:52:59.000000","69.83"
"54219883e72aad869adfb2a54b7bfa0f","SP","5","5","6750.00","5","5","6750.00","829.55","1350.00","2017-11-03 12:26:01.000000","2018-07-10 17:16:33.000000","1350.00"
"3340ef1913fb70d28420f6ceb685c339","PR","32","42","6731.15","32","42","6731.15","750.40","160.27","2017-01-18 20:14:17.000000","2017-11-23 16:22:37.000000","210.35"
"455c5640e8c5bd1b2ee85c0158f85727","SC","8","8","6729.50","8","8","6729.50","457.39","841.19","2018-02-15 13:43:21.000000","2018-05-14 23:49:10.000000","841.19"
"80ceebb4ee9b31afb6c6a916a574a1e2","PR","1","1","6729.00","1","1","6729.00","193.21","6729.00","2018-07-25 18:10:17.000000","2018-07-25 18:10:17.000000","6729.00"
"abe021b01ba992245271b9aa422032df","PR","2","2","6720.00","2","2","6720.00","117.24","3360.00","2017-02-04 18:54:15.000000","2017-05-09 14:46:34.000000","3360.00"
"31ae0774c17fabd06ff707cc5bde005f","SP","11","11","6719.85","11","11","6719.85","850.82","610.90","2017-05-08 16:25:25.000000","2018-08-25 10:39:56.000000","610.90"
"e5e33c0d8e7e002f398f5dc4cbbb338f","SP","28","29","6698.70","26","27","6494.90","745.95","240.55","2017-03-04 17:36:19.000000","2018-08-08 18:04:56.000000","249.80"
"83e197e95a1bbabc8c75e883ed016c47","RJ","47","55","6693.69","46","54","6574.19","961.33","121.74","2017-01-27 05:27:14.000000","2018-02-27 19:17:20.000000","142.92"
"fa1a9dec3a9940c072684a46728bf1fc","SC","55","60","6674.00","55","60","6674.00","1201.71","111.23","2016-10-06 12:22:07.000000","2018-08-22 20:55:15.000000","121.35"
"33c51922b6e3c16b24a8f28e5833c99d","PR","18","20","6657.87","18","20","6657.87","368.01","332.89","2017-12-02 08:50:05.000000","2018-08-01 08:33:57.000000","369.88"
"b4ffb71f0cb1b1c3d63fad021ecf93e1","SP","144","165","6656.09","143","164","6635.69","2501.75","40.46","2017-02-01 14:38:41.000000","2018-08-18 10:55:43.000000","46.40"
"751bdc4d83a466c7206cd42e8f426b03","SP","54","71","6648.93","51","68","6520.96","1020.02","95.90","2017-05-18 11:36:28.000000","2018-07-26 12:43:57.000000","127.86"
"516e7738bd8f735ac19a010ee5450d8d","RJ","76","84","6643.09","74","82","6463.19","1442.50","78.82","2018-05-11 18:34:36.000000","2018-08-24 19:51:08.000000","87.34"
"5670f4db5b62c43d542e1b2d56b0cf7c","SP","22","22","6630.09","22","22","6630.09","582.56","301.37","2018-04-23 19:03:35.000000","2018-08-17 11:51:36.000000","301.37"
"5d0363b33554b373851fc1622e4d5f3c","SP","94","95","6610.79","93","94","6548.79","2175.48","69.67","2017-11-07 19:31:50.000000","2018-08-21 19:44:49.000000","70.42"
"609e1a9a6c2539919b8205cf7c4e6ff0","SC","87","130","6595.23","87","130","6595.23","2687.19","50.73","2018-01-27 11:28:32.000000","2018-08-24 00:35:51.000000","75.81"
"92eb0f42c21942b6552362b9b114707d","SP","341","365","6548.63","334","358","6416.41","4845.63","17.92","2017-02-05 18:47:13.000000","2018-08-22 15:57:59.000000","19.21"
"11305281b50fff20ae8bb473f8e11876","MG","35","40","6528.70","35","40","6528.70","1444.51","163.22","2016-10-09 13:31:57.000000","2018-08-21 21:18:33.000000","186.53"
"282f23a9769b2690c5dda22e316f9941","MG","99","110","6505.08","98","109","6464.28","1866.77","59.31","2017-07-14 12:12:53.000000","2018-08-23 19:14:36.000000","65.96"
"ee27a8f15b1dded4d213a468ba4eb391","GO","1","1","6499.00","1","1","6499.00","227.66","6499.00","2017-05-24 18:14:34.000000","2017-05-24 18:14:34.000000","6499.00"
"4c03b9dd4c11ee2cb35c96c49efc9420","SP","48","48","6458.60","48","48","6458.60","843.73","134.55","2017-05-04 08:41:54.000000","2017-10-06 19:35:38.000000","134.55"
"34056b8b55c1775a22af2331670a799c","SP","78","78","6455.40","77","77","6398.70","1751.51","83.10","2017-11-16 13:18:14.000000","2018-08-23 17:19:01.000000","83.10"
"6f892e20a171e98efe17fdb971ff319b","SP","44","53","6438.70","41","50","6049.00","857.49","120.98","2017-07-27 16:40:14.000000","2017-12-04 08:36:15.000000","147.54"
"8a32e327fe2c1b3511609d81aaf9f042","SP","132","180","6429.01","126","169","6101.12","2237.74","36.10","2016-10-07 22:51:32.000000","2018-02-23 11:16:55.000000","48.42"
"7dc8c42cc750eeafea6c85712ffee9bf","SP","41","50","6409.68","41","50","6409.68","1035.41","128.19","2016-10-07 19:02:48.000000","2018-08-28 22:30:32.000000","156.33"
"376a891762bbdecbc02b4b6adec3fdda","GO","57","58","6406.23","57","58","6406.23","1287.40","110.45","2017-05-20 00:26:11.000000","2018-05-02 22:17:41.000000","112.39"
"dbdd0ec73a4817971d962698f2fea022","CE","16","16","6384.00","16","16","6384.00","1790.80","399.00","2018-04-30 11:04:32.000000","2018-08-19 21:21:03.000000","399.00"
"4b5f66b7adcf57f1ecc0d3c07dd6b177","PR","23","38","6381.78","23","38","6381.78","734.18","167.94","2017-03-21 16:03:34.000000","2018-07-25 16:11:44.000000","277.47"
"02f623a8eb246f3c5f7c2f96462654e6","SP","44","44","6378.00","44","44","6378.00","829.63","144.95","2018-04-25 15:13:02.000000","2018-08-22 23:52:12.000000","144.95"
"57e632711dec9ec14ca7546769483e7e","SC","62","65","6350.06","62","65","6350.06","1207.98","97.69","2017-02-05 23:17:55.000000","2018-08-08 12:17:57.000000","102.42"
"670c26e0f1bf8d0576271d5cfaec6d2b","PR","78","87","6341.60","77","86","6250.10","1680.37","72.68","2017-11-04 18:20:58.000000","2018-08-01 10:17:18.000000","81.17"
"f4c4daa86e30c7e5a553a8d518ac03a5","PR","20","20","6301.91","18","18","5984.31","340.19","332.46","2017-03-21 14:37:07.000000","2017-11-13 21:54:11.000000","332.46"
"dee656f0f566ed1aa85bd137c943f08f","SP","93","95","6271.98","92","94","6212.08","1670.99","66.09","2017-10-10 19:29:16.000000","2018-08-22 10:16:30.000000","67.52"
"bd4889b5e9133b35b66e42a8665cea5c","SP","36","42","6271.90","36","42","6271.90","984.64","149.33","2017-04-08 19:30:11.000000","2018-07-24 11:50:06.000000","174.22"
"6b243f80ed07b10f0e8aa0f21a205f3c","PR","79","89","6260.10","79","89","6260.10","1547.30","70.34","2017-07-18 12:35:54.000000","2018-08-23 03:31:57.000000","79.24"
"2fdde51ad3e12f297da656d4fbd5d0b5","SC","10","10","6252.00","9","9","5803.00","551.92","644.78","2017-04-17 19:55:27.000000","2017-10-16 17:03:04.000000","644.78"
"ea67327e24487bdfac5fbfa37ea124df","SP","32","34","6250.18","32","34","6250.18","930.10","183.83","2018-01-07 23:08:30.000000","2018-08-22 16:41:47.000000","195.32"
"2528744c5ef5d955adc318720a94d2e7","SP","5","5","6245.00","5","5","6245.00","263.70","1249.00","2017-10-28 12:57:36.000000","2018-06-27 13:33:58.000000","1249.00"
"f12ff17ad8bbf01ec5c33b17e506649b","SP","29","29","6241.00","28","28","6101.00","627.88","217.89","2018-01-03 12:03:50.000000","2018-05-22 11:20:15.000000","217.89"
"eb3071b9f0b0ddaa2df5ea130f09f26b","SP","9","11","6230.00","9","11","6230.00","581.42","566.36","2017-02-15 11:20:36.000000","2018-05-16 10:05:44.000000","692.22"
"b19f3ca2ea475913750f25a5c37c8d8f","MG","24","24","6202.91","19","19","4174.16","1002.49","219.69","2017-10-24 17:39:10.000000","2018-08-07 22:04:34.000000","219.69"
"cfa5ab0e4d3fc212fd0b3410e7081c62","MG","16","21","6180.80","15","20","4780.81","1015.48","239.04","2017-10-15 16:50:20.000000","2018-08-20 21:59:32.000000","318.72"
"9baf5cb77970f539089d09a38bcec5c3","SP","32","33","6129.67","31","32","5989.68","531.66","187.18","2017-01-21 09:44:46.000000","2018-08-05 19:32:36.000000","193.22"
"dfc5fb7259bb2b599ca565e6e9448f0f","SP","33","34","6124.63","33","34","6124.63","721.35","180.14","2017-07-27 19:34:53.000000","2018-08-06 22:05:30.000000","185.59"
"ba143b05f0110f0dc71ad71b4466ce92","SP","85","86","6110.58","83","84","5998.70","1310.67","71.41","2018-04-24 13:18:10.000000","2018-08-18 21:58:12.000000","72.27"
"2c9e548be18521d1c43cde1c582c6de8","SP","126","174","6109.44","124","171","6013.56","2456.53","35.17","2017-10-06 17:00:22.000000","2018-08-27 16:17:16.000000","48.50"
"d6b664fa0667064c6d76394e7848d790","SP","6","6","6080.00","6","6","6080.00","324.34","1013.33","2017-05-04 01:04:02.000000","2018-05-16 12:19:35.000000","1013.33"
"6a8b085f816a1f75f92dbac6eb545f8f","SP","127","135","6018.97","125","133","5884.17","2154.05","44.24","2017-07-29 17:28:18.000000","2018-08-23 12:04:18.000000","47.07"
"bba74270a87732727b5a3b4fd9ac1c39","MG","36","41","6001.59","35","40","5964.60","743.74","149.12","2017-10-02 09:21:04.000000","2018-05-31 13:18:45.000000","170.42"
"37515688008a7a40ac93e3b2e4ab203f","SP","228","240","5986.60","227","239","5954.10","3396.65","24.91","2017-07-10 22:08:53.000000","2018-07-16 08:50:17.000000","26.23"
"688756f717c462a206ad854c5027a64a","SP","83","101","5966.54","81","99","5837.67","1908.05","58.97","2018-04-10 16:07:47.000000","2018-08-18 20:06:13.000000","72.07"
"f84a00e60c73a49e7e851c9bdca3a5bb","RJ","90","99","5949.94","88","97","5849.24","1931.10","60.30","2017-02-20 11:45:39.000000","2018-07-25 11:32:31.000000","66.47"
"91f848e9f4be368f4318775aac733370","SP","63","73","5932.60","60","70","5668.61","1193.88","80.98","2017-02-22 09:19:58.000000","2017-08-01 22:24:02.000000","94.48"
"b14db04aa7881970e83ffa9426897925","SP","83","111","5898.60","78","105","5595.90","2104.50","53.29","2016-10-06 17:45:30.000000","2018-08-19 18:43:15.000000","71.74"
"0691148aee60ca47977c187804f935ae","PR","47","53","5868.51","47","53","5868.51","1490.94","110.73","2017-11-24 15:13:24.000000","2018-08-27 08:56:49.000000","124.86"
"f46490624488d3ff7ce78613913a7711","SP","83","91","5802.85","80","87","5690.95","1693.41","65.41","2018-05-23 13:50:08.000000","2018-08-21 16:39:32.000000","71.14"
"02d35243ea2e497335cd0f076b45675d","RN","14","16","5794.00","14","16","5794.00","605.95","362.13","2017-04-29 22:33:10.000000","2018-08-02 17:53:47.000000","413.86"
"e8b4225284fbb02d16f200513f1f395d","SP","31","31","5788.52","30","30","5638.62","1273.98","187.95","2018-04-05 20:32:06.000000","2018-08-19 11:55:56.000000","187.95"
"0bf0150d5b9d60d9cd2906003332f085","SP","39","62","5774.60","39","62","5774.60","1097.74","93.14","2017-02-16 23:15:22.000000","2018-07-14 14:08:11.000000","148.07"
"05d2173d43ea568aa0540eba70d2ca76","MG","62","66","5759.66","62","66","5759.66","1679.27","87.27","2017-09-27 12:01:09.000000","2018-08-12 20:44:16.000000","92.90"
"3ade81dab5a172b88e1871c28ae05260","SP","30","32","5751.60","28","30","5383.60","1437.99","179.45","2017-10-06 09:42:10.000000","2018-08-25 12:54:41.000000","192.27"
"b4a476fbd28de64b1e347abf9089366a","SP","33","38","5724.04","30","35","4479.04","796.07","127.97","2017-03-29 19:09:42.000000","2018-06-26 19:58:54.000000","149.30"
"080102cd0a76b09e0dcf55fcacc60e05","MG","124","130","5716.78","122","128","5612.65","2160.83","43.85","2017-07-23 11:22:00.000000","2018-08-26 16:26:52.000000","46.01"
"9616352088dcf83a7c06637f4ebf1c80","PR","92","98","5703.00","91","97","5643.10","1766.70","58.18","2017-02-27 18:30:11.000000","2018-08-22 11:44:50.000000","62.01"
"94e93ce877be27a515118dbfd2c2be41","SP","30","35","5674.57","29","34","5436.58","853.46","159.90","2017-04-16 19:32:11.000000","2017-09-13 09:21:17.000000","187.47"
"e2aee0892199b1d92530e371abd825bf","PR","38","41","5662.57","36","39","5392.77","2516.11","138.28","2017-01-12 00:06:12.000000","2018-07-31 20:54:24.000000","149.80"
"52ac6f920b7280e4c6d30dd94de6259b","PR","6","7","5657.30","6","7","5657.30","726.59","808.19","2017-02-28 11:27:39.000000","2018-05-23 08:20:07.000000","942.88"
"8c16d1f32a54d92897cc437244442e1b","SC","108","118","5642.60","108","118","5642.60","2112.07","47.82","2016-10-05 08:01:47.000000","2018-08-24 11:44:39.000000","52.25"
"67bf6941ba2f1fa1d02c375766bc3e53","PR","16","22","5610.00","15","20","5062.00","1257.94","253.10","2017-09-17 20:41:21.000000","2018-08-29 14:18:23.000000","337.47"
"d63c73efd41eb002280e7ec831424edb","SP","2","2","5598.00","2","2","5598.00","168.59","2799.00","2017-11-20 11:46:07.000000","2018-05-29 14:21:11.000000","2799.00"
"45ba18c210d42734ec52c0c1c574e9ee","SP","38","41","5589.13","35","38","5099.44","924.33","134.20","2018-04-03 00:54:42.000000","2018-08-23 19:03:09.000000","145.70"
"817245bcc3badd82bbd222e0366951a6","SP","29","45","5580.50","28","44","5345.60","699.23","121.49","2017-11-14 22:19:50.000000","2018-07-17 14:16:29.000000","190.91"
"f181738b150df1f37cb0bd72e705b193","SP","36","37","5529.70","36","37","5529.70","1103.05","149.45","2017-05-15 19:45:02.000000","2018-08-22 16:51:32.000000","153.60"
"04aa0a1c5ce6b222003403a3e11c3cc0","SP","11","17","5518.00","11","17","5518.00","821.51","324.59","2017-03-22 17:10:13.000000","2018-01-24 11:40:28.000000","501.64"
"916c9de0b5ad957346eeeb12f332687e","PR","23","28","5480.25","22","27","5336.50","477.77","197.65","2017-06-23 12:52:21.000000","2018-07-25 10:31:43.000000","242.57"
"cc3d14116804f7209f3884f6367f1152","PR","27","30","5477.80","27","30","5477.80","582.79","182.59","2017-05-03 21:07:12.000000","2018-08-21 16:40:15.000000","202.88"
"4917cee8d902e13428c3ec4b1ca6f315","SC","33","33","5421.90","31","31","5103.90","1074.44","164.64","2017-05-21 10:32:54.000000","2018-08-17 01:48:47.000000","164.64"
"575df70bde3f9f2b30bf8d2e9910d725","SP","27","34","5410.05","27","34","5410.05","753.37","159.12","2016-10-06 15:19:40.000000","2018-08-14 19:32:48.000000","200.37"
"3f0e48d209018b466fcd3bb4ccfeb520","PR","9","10","5399.00","9","10","5399.00","255.80","539.90","2017-08-02 14:10:38.000000","2018-01-21 16:56:40.000000","599.89"
"c4af86330efa7a2620772227d2d670c9","SP","4","4","5396.00","4","4","5396.00","364.96","1349.00","2018-01-02 19:00:43.000000","2018-06-15 20:46:53.000000","1349.00"
"23c38debaffe4a25a30fdbd9b586a13f","SP","41","46","5382.18","41","46","5382.18","834.38","117.00","2018-04-02 12:30:02.000000","2018-08-07 08:19:25.000000","131.27"
"3be634553519fb6536a03e1358e9fdc7","SP","83","99","5370.95","80","95","5231.02","1803.73","55.06","2017-07-09 11:27:14.000000","2018-08-27 21:36:16.000000","65.39"
"b6d44737c043328708f6749c2dbe50bd","SP","62","80","5369.60","61","79","5284.60","1549.41","66.89","2017-03-15 12:56:04.000000","2018-08-07 17:47:15.000000","86.63"
"83deb69e889cf80f82be1dc6d5f2d486","SC","40","42","5363.01","40","42","5363.01","913.64","127.69","2017-07-17 22:19:33.000000","2018-08-12 18:45:22.000000","134.08"
"2a261b5b644fa05f4f2700eb93544f2c","SP","51","82","5355.00","51","82","5355.00","2041.73","65.30","2017-10-16 12:29:49.000000","2018-08-01 16:43:40.000000","105.00"
"e62b2d6ac10570a035a30bafcf01d263","SP","62","71","5340.39","62","71","5340.39","1035.08","75.22","2017-09-16 20:43:05.000000","2018-08-20 13:42:28.000000","86.14"
"0cbcee27c791afa0cdcb08587a2013a8","MG","39","41","5324.15","37","39","5054.15","783.53","129.59","2017-03-04 23:32:12.000000","2018-07-14 18:39:58.000000","136.60"
"c35affa65afd250151285c5917fc1c8a","SP","9","9","5279.91","8","8","4779.92","644.84","597.49","2017-11-04 17:06:18.000000","2018-06-25 11:15:35.000000","597.49"
"e06f09ec0a4aca210779cf1cfc63cf19","SP","29","31","5279.49","29","31","5279.49","621.92","170.31","2017-06-27 23:17:52.000000","2017-12-19 23:35:40.000000","182.05"
"02ecc2a19303f05e59ce133fd923fff7","SP","21","24","5264.19","21","24","5264.19","478.21","219.34","2017-06-18 18:04:34.000000","2018-08-21 20:13:02.000000","250.68"
"e9c6969d40e6a3d2d0f90013165c2b98","SP","10","10","5239.98","10","10","5239.98","242.00","524.00","2017-11-06 08:57:51.000000","2018-06-03 13:31:36.000000","524.00"
"5bffbafbb22daf6d3bfc216a46db8708","RJ","21","23","5239.70","21","23","5239.70","454.50","227.81","2017-02-25 14:34:40.000000","2017-06-25 23:06:20.000000","249.51"
"4d0041cdbe51b4617d95c70b19decc74","MG","8","8","5235.20","8","8","5235.20","230.29","654.40","2018-05-10 21:50:13.000000","2018-07-31 09:52:59.000000","654.40"
"099095b050cfe8eb1ddff5317587e96e","SP","17","20","5193.83","16","19","5003.84","702.09","263.36","2017-12-16 09:01:56.000000","2018-08-13 18:43:30.000000","312.74"
"b39d7fe263ef469605dbb32608aee0af","SP","44","49","5193.10","43","48","5063.20","1037.03","105.48","2017-09-16 14:51:37.000000","2018-08-23 12:47:56.000000","117.75"
"f67efa3f0b6761102a7f8c6b7b571f5d","PR","31","32","5188.68","31","32","5188.68","841.49","162.15","2016-10-04 18:02:37.000000","2018-04-09 10:47:49.000000","167.38"
"f680f85bee2d253556ac91be391d2c82","SP","45","54","5183.92","45","54","5183.92","893.42","96.00","2017-09-30 19:19:56.000000","2018-08-24 21:06:11.000000","115.20"
"5b179e9e8cc7ab6fd113a46ca584da81","SP","34","36","5173.50","34","36","5173.50","665.64","143.71","2016-10-04 09:59:03.000000","2017-09-13 16:51:13.000000","152.16"
"822bad9bc42b51213ba522fe87b7ab5d","SC","18","18","5160.00","18","18","5160.00","527.34","286.67","2017-08-10 22:52:11.000000","2018-06-09 10:48:27.000000","286.67"
"709e16e2b25c7474d980076c6bfc4806","SP","60","80","5151.90","60","80","5151.90","1226.96","64.40","2017-10-14 14:08:47.000000","2018-08-26 08:40:36.000000","85.87"
"d566c37fa119d5e66c4e9052e83ee4ea","SP","65","73","5145.70","65","73","5145.70","979.22","70.49","2018-03-16 14:11:50.000000","2018-08-26 19:39:08.000000","79.16"
"afe0067131b73e40875c9b6c10bd2e21","MG","46","46","5130.40","45","45","5040.50","1111.09","112.01","2017-02-22 20:39:41.000000","2018-06-10 22:56:17.000000","112.01"
"835f0f7810c76831d6c7d24c7a646d4d","SP","44","50","5130.00","42","48","4990.20","932.05","103.96","2017-02-11 21:54:04.000000","2018-02-13 16:23:29.000000","118.81"
"fad44952713764836814be105382aee5","RJ","32","32","5129.00","32","32","5129.00","507.88","160.28","2018-01-04 19:21:49.000000","2018-08-14 08:38:20.000000","160.28"
"f84fa566034f5e8e880a07ec624c56af","SP","91","102","5093.79","89","100","4993.91","1210.42","49.94","2017-07-21 00:45:06.000000","2018-08-14 16:22:27.000000","56.11"
"f7496d659ca9fdaf323c0aae84176632","SP","26","27","5087.57","25","26","4837.67","804.26","186.06","2016-10-08 10:55:44.000000","2018-08-16 11:34:12.000000","193.51"
"9674754b5a0cb32b638cec001178f799","SP","86","97","5069.92","84","95","4941.73","1196.15","52.02","2017-06-07 14:10:15.000000","2018-08-22 02:28:35.000000","58.83"
"e0878efa0e0b7e5313ac0b43bc04c081","PR","27","29","5065.30","26","28","5025.40","517.13","179.48","2017-11-04 19:22:13.000000","2018-03-05 08:58:05.000000","193.28"
"e067ad2c1c0b48758eb1b5228bcf7a68","SP","54","61","5042.55","54","61","5042.55","1005.36","82.66","2017-02-01 12:44:51.000000","2018-08-13 20:25:15.000000","93.38"
"3df020b72d3d44b3af9d110fa3940b65","SP","55","101","5039.90","55","101","5039.90","1709.57","49.90","2017-07-14 12:40:11.000000","2018-08-19 23:12:41.000000","91.63"
"3ab971ce71839580d2ae5b4e40fe8044","SP","36","38","5002.90","35","37","4917.00","880.25","132.89","2018-06-03 17:41:43.000000","2018-08-20 14:25:47.000000","140.49"
"1bb2bdb95f4841f1bba2c0d2cd83d3c9","SP","81","85","5002.71","79","83","4905.76","1118.17","59.11","2017-01-30 18:43:16.000000","2018-08-13 11:43:17.000000","62.10"
"4bf2f4ee540798a61f9636d12cd9cc80","SP","29","30","4995.56","29","30","4995.56","505.45","166.52","2017-03-29 10:31:33.000000","2018-08-09 09:12:58.000000","172.26"
"45213867cefbf2cd4c6177e10216a951","SP","14","14","4955.42","14","14","4955.42","433.74","353.96","2017-01-27 18:16:50.000000","2017-10-11 11:41:40.000000","353.96"
"dbd66278cbfe1aa1000f90a217ca4695","SP","85","99","4928.90","85","99","4928.90","1543.87","49.79","2017-11-25 20:26:00.000000","2018-08-23 00:09:30.000000","57.99"
"e9d99831abad74458942f21e16f33f92","SP","130","149","4922.48","130","149","4922.48","1993.58","33.04","2017-01-24 17:11:53.000000","2018-08-26 20:58:26.000000","37.87"
"9df5750209b83567ec144eb299d7d634","RS","11","11","4917.00","11","11","4917.00","259.30","447.00","2016-10-07 08:28:42.000000","2018-07-20 18:39:50.000000","447.00"
"503c1de08ae81a2d86f17951b204db55","SP","22","22","4906.99","22","22","4906.99","414.91","223.05","2017-06-28 15:23:34.000000","2018-07-26 09:26:38.000000","223.05"
"822b63912576852aea9a8436d72317b7","SP","8","9","4905.69","6","7","3465.93","149.34","495.13","2016-10-04 19:25:29.000000","2017-01-24 12:18:07.000000","577.66"
"d66c305afaec317ebee552073a674429","MG","41","47","4886.46","38","44","4126.59","1108.91","93.79","2017-01-11 00:13:51.000000","2017-05-19 18:41:40.000000","108.59"
"abcd2cb37d46c2c8fb1bf071c859fc5b","MT","45","52","4880.22","44","51","4817.32","1304.52","94.46","2017-05-29 15:28:10.000000","2018-08-11 20:16:35.000000","109.48"
"f789d2c4f2c2eb38fc4373e7a4b35264","MG","44","49","4864.24","44","49","4864.24","869.00","99.27","2017-04-04 22:29:47.000000","2018-08-22 11:28:14.000000","110.55"
"0d85bbda9889ce1f7e63778d24f346eb","MG","51","58","4845.20","51","58","4845.20","1624.50","83.54","2017-03-22 17:40:51.000000","2018-03-27 07:30:38.000000","95.00"
"45d33f715e24d15a6ccf5c17b3a23e3c","SP","59","61","4838.23","56","58","4518.49","864.98","77.91","2016-10-03 21:13:36.000000","2018-08-17 08:06:17.000000","80.69"
"1336efc61c316ddf92c899eb817f7cae","SP","74","85","4837.31","74","85","4837.31","1517.98","56.91","2017-01-22 21:42:56.000000","2018-08-16 01:59:55.000000","65.37"
"9add47bf45ce8e8c7db6b9cf670b1e09","PR","43","45","4829.24","41","43","4606.44","1082.76","107.13","2017-02-05 11:05:44.000000","2018-08-18 10:11:14.000000","112.35"
"4c498c7345e89aebad651544829beca0","SP","48","48","4819.76","47","47","4570.27","561.39","97.24","2017-12-02 18:06:27.000000","2018-08-16 10:32:24.000000","97.24"
"ce69a8021d18961dd2a40269b7c2c293","PR","19","19","4818.00","19","19","4818.00","471.05","253.58","2018-03-27 20:39:09.000000","2018-08-20 19:34:29.000000","253.58"
"8f580d36c1e9d6fbce95283403c7d447","SP","8","8","4813.25","8","8","4813.25","180.15","601.66","2017-12-18 09:12:41.000000","2018-08-14 16:04:40.000000","601.66"
"c12b92bf1c350f3e6bf88d3596219c86","SP","17","17","4808.78","17","17","4808.78","444.06","282.87","2018-05-01 14:15:31.000000","2018-08-13 15:17:31.000000","282.87"
"f6122bc84774df1b372bdb3bb88ddb9f","SP","3","3","4799.87","3","3","4799.87","74.49","1599.96","2017-10-04 09:43:36.000000","2018-03-19 14:01:34.000000","1599.96"
"2a7dc43cecabf23403078e2188437d1d","SP","52","54","4795.91","52","54","4795.91","833.71","88.81","2017-11-03 00:16:32.000000","2018-06-03 10:59:14.000000","92.23"
"fcdd820084f17e9982427971e4e9d47f","SP","16","27","4783.99","16","27","4783.99","881.75","177.18","2018-03-07 15:15:15.000000","2018-08-17 11:15:25.000000","299.00"
"dfa0c4c6229ab200a4a1336b4d7128ff","SC","77","86","4777.10","77","86","4777.10","1767.11","55.55","2018-05-02 10:23:08.000000","2018-08-23 07:36:13.000000","62.04"
"7e3f87d16fb353f408d467e74fbd8014","SP","92","94","4754.99","91","93","4653.09","1415.28","50.03","2017-06-29 10:43:25.000000","2018-08-26 11:59:34.000000","51.13"
"b2479f944e1b90cf8a5de1bbfde284d6","SP","103","131","4752.51","101","129","4666.53","2207.70","36.17","2018-01-12 18:17:53.000000","2018-08-20 17:06:38.000000","46.20"
"acce39e832338debb07b02385cde5967","MG","44","44","4748.10","44","44","4748.10","1175.56","107.91","2018-05-12 17:10:13.000000","2018-08-26 15:11:20.000000","107.91"
"0176f73cc1195f367f7b32db1e5b3aa8","SP","38","39","4733.10","37","38","4643.20","1272.07","122.19","2017-11-16 17:42:52.000000","2018-08-13 17:54:44.000000","125.49"
"30a2f535bb48308f991d0b9ad4a8c4bb","SP","71","87","4731.30","71","87","4731.30","1084.06","54.38","2017-02-04 15:05:16.000000","2018-07-27 11:20:08.000000","66.64"
"0307f7565ff85b299b6e5ef162b1b1a9","SP","7","7","4728.80","6","6","4711.90","256.99","785.32","2016-10-10 18:09:39.000000","2017-05-25 07:49:44.000000","785.32"
"06579cb253ecd5a3a12a9e6eb6bf8f47","SP","62","72","4727.20","61","70","4587.40","1420.57","65.53","2017-08-03 17:47:10.000000","2018-08-11 21:27:06.000000","75.20"
"ad420dd0c4f92f8af951ac24b86d0cf5","MG","42","46","4705.29","42","46","4705.29","913.11","102.29","2017-04-26 10:41:39.000000","2018-08-24 18:00:29.000000","112.03"
"582d4f8675b945722eda7c0cb61ba4c7","SP","59","71","4702.96","59","71","4702.96","980.97","66.24","2017-01-20 12:04:03.000000","2018-08-03 19:21:12.000000","79.71"
"c004e5ea15737026cecaee0447e00b75","SP","2","2","4700.00","1","1","2350.00","105.12","2350.00","2018-08-10 00:17:59.000000","2018-08-10 00:17:59.000000","2350.00"
"c9a06ece156bb057372c68718ec8909b","DF","14","14","4688.90","11","11","3849.00","432.96","349.91","2016-10-07 12:06:30.000000","2017-01-15 17:55:56.000000","349.91"
"537eb890efff034a88679788b647c564","RJ","160","173","4679.70","158","171","4617.90","2475.54","27.01","2017-07-17 16:21:05.000000","2018-08-28 21:56:12.000000","29.23"
"968268a686aa05d1f529fb07dff08130","SP","12","12","4677.29","12","12","4677.29","203.55","389.77","2018-01-26 23:07:13.000000","2018-08-10 16:12:00.000000","389.77"
"8931a84a914b3fe9b1ddaa4d704947ca","SP","29","32","4668.30","29","32","4668.30","424.59","145.88","2017-03-29 02:00:08.000000","2018-07-19 22:57:19.000000","160.98"
"1a932caad4f9d804097d7f8e615baed1","SP","20","30","4661.00","20","30","4661.00","1040.45","155.37","2018-05-02 15:14:09.000000","2018-08-22 18:16:55.000000","233.05"
"ef990a83bbea832f36ebe81376335aa8","SC","43","44","4642.59","43","44","4642.59","914.65","105.51","2017-11-27 20:25:14.000000","2018-08-12 18:43:51.000000","107.97"
"a3dd39f583bc80bd8c5901c95878921e","BA","34","37","4607.81","34","37","4607.81","804.35","124.54","2017-08-23 08:26:50.000000","2018-04-10 09:24:25.000000","135.52"
"31da954dc0855f2495c6310f70a2f931","SP","29","30","4583.00","29","30","4583.00","449.71","152.77","2017-09-10 20:50:42.000000","2018-08-20 13:28:21.000000","158.03"
"2addf05f476d0637864454e93ba673d5","DF","12","12","4552.00","12","12","4552.00","325.64","379.33","2017-08-03 14:06:43.000000","2018-03-18 20:29:14.000000","379.33"
"c68fb906c8f4b4b946d8386bfa6e5467","SP","45","48","4541.16","45","48","4541.16","892.45","94.61","2017-03-18 17:09:49.000000","2018-07-30 17:46:46.000000","100.91"
"834f8533b2ecb6598dd004ff3de7203a","SP","43","47","4538.29","41","45","4324.35","926.31","96.10","2017-01-17 22:34:59.000000","2018-08-20 20:13:09.000000","105.47"
"1fe5540d7c1c37a595fefbacd5570d9e","RJ","20","25","4537.60","20","25","4537.60","581.15","181.50","2018-08-02 15:58:56.000000","2018-08-16 08:44:24.000000","226.88"
"37dd29b36c458d82f74a953c40c43645","SP","7","8","4536.99","7","8","4536.99","479.44","567.12","2017-10-08 16:50:45.000000","2018-05-28 13:37:22.000000","648.14"
"13fa2a6c6b9d0f43cb588d7c82117a12","SP","9","10","4528.00","9","10","4528.00","191.44","452.80","2017-06-09 17:38:12.000000","2017-09-27 21:06:35.000000","503.11"
"c840d3fdbba0790404fdae73d253b253","PR","9","14","4522.28","9","14","4522.28","359.65","323.02","2017-10-21 09:09:48.000000","2018-06-29 12:41:16.000000","502.48"
"180c3376aff0e43dd5788709df48a843","SP","5","10","4513.00","5","10","4513.00","209.97","451.30","2017-08-11 11:35:58.000000","2018-01-03 17:24:21.000000","902.60"
"6288c69c4ce638e59925e59193f98b16","SP","22","22","4506.28","20","20","4196.80","270.21","209.84","2017-03-16 13:08:11.000000","2018-08-03 23:17:41.000000","209.84"
"b561927807645834b59ef0d16ba55a24","SP","85","95","4501.99","85","95","4501.99","1305.04","47.39","2018-01-19 00:48:30.000000","2018-08-26 20:57:20.000000","52.96"
"fc906263ca5083d09dce42fe02247800","MG","114","119","4497.70","112","117","4417.90","1855.38","37.76","2017-04-11 12:45:06.000000","2017-12-23 18:17:06.000000","39.45"
"55d3daac7c404d59e51c2aa2f4dc5a23","SP","21","28","4480.60","21","28","4480.60","1309.88","160.02","2017-05-31 07:40:50.000000","2018-08-17 11:17:42.000000","213.36"
"2ff97219cb8622eaf3cd89b7d9c09824","SP","89","96","4476.90","87","94","4339.10","1359.60","46.16","2018-02-16 17:17:41.000000","2018-08-25 14:09:50.000000","49.87"
"e81e1f9c3e762e620f3fb60a51499e16","SC","17","18","4465.99","17","18","4465.99","513.50","248.11","2017-05-02 11:14:08.000000","2018-04-25 20:10:45.000000","262.71"
"4d600e08ecbe08258c79e536c5a42fee","PR","8","8","4465.34","7","7","3816.17","142.96","545.17","2016-10-06 07:53:10.000000","2017-03-15 19:08:27.000000","545.17"
"bbad7e518d7af88a0897397ffdca1979","SP","69","85","4462.22","68","84","4426.32","1314.92","52.69","2017-06-05 11:30:05.000000","2018-08-06 10:55:03.000000","65.09"
"8bd0f31cf0a614c658f6763bd02dea69","SP","33","35","4455.34","33","35","4455.34","967.98","127.30","2017-01-18 10:55:55.000000","2018-08-16 20:32:56.000000","135.01"
"b90e891671cffd9557f33a97dc523645","PR","34","39","4449.00","34","39","4449.00","632.31","114.08","2017-08-18 16:54:56.000000","2018-08-23 12:56:27.000000","130.85"
"2e3be8a987a30d7544dbbda6861cc14e","MG","18","19","4430.84","14","15","2472.86","278.05","164.86","2017-02-07 17:03:30.000000","2018-07-18 21:37:46.000000","176.63"
"d379f449f2a3b271bc01c0782020f705","MG","28","29","4423.06","28","29","4423.06","1076.74","152.52","2017-01-28 13:23:50.000000","2018-08-22 10:48:54.000000","157.97"
"0ef83d7d83ed97cd2a0049ac8be5f88a","PR","48","55","4421.01","48","55","4421.01","1026.80","80.38","2017-11-24 11:01:15.000000","2018-08-28 13:29:17.000000","92.10"
"f021c962aaba8ef6eb527a9c2c8394d1","SC","5","5","4398.50","5","5","4398.50","135.37","879.70","2017-05-17 11:36:51.000000","2017-08-06 17:55:55.000000","879.70"
"beadbee30901a7f61d031b6b686095ad","SP","64","68","4373.98","64","68","4373.98","937.54","64.32","2018-05-28 18:47:40.000000","2018-08-22 09:16:14.000000","68.34"
"15aac934c58d886785ac1b17953ea898","ES","25","26","4353.90","25","26","4353.90","665.70","167.46","2017-10-19 19:59:44.000000","2018-06-26 13:02:55.000000","174.16"
"eed78ac17f7f795a19a709745f00cd4e","SP","22","56","4349.50","22","56","4349.50","846.34","77.67","2017-08-01 18:44:07.000000","2018-07-17 14:25:51.000000","197.70"
"a3f0b55de503387383c7b1de3ad7f678","PR","24","26","4348.40","24","26","4348.40","1229.34","167.25","2017-09-26 18:54:19.000000","2018-05-21 13:14:36.000000","181.18"
"c500367424994318b9e779ff1ae9a330","SP","9","9","4346.40","9","9","4346.40","311.99","482.93","2017-09-01 09:24:39.000000","2017-12-01 16:51:00.000000","482.93"
"65febd49fd28ec955651299159b1f527","SP","35","40","4319.70","33","38","4136.71","948.67","108.86","2018-04-17 10:14:25.000000","2018-08-22 14:00:26.000000","125.35"
"23613d49c3ac2bd302259e55c06c050c","SP","70","80","4293.00","69","79","4193.10","2034.04","53.08","2016-10-08 21:12:48.000000","2018-08-19 23:28:25.000000","60.77"
"9803a40e82e45418ab7fb84091af5231","GO","11","18","4278.75","11","18","4278.75","512.63","237.71","2018-05-19 10:45:27.000000","2018-08-21 19:44:42.000000","388.98"
"282c7480173bb9c01dd41cc739fec010","SP","5","8","4274.20","5","8","4274.20","192.11","534.28","2017-08-07 21:25:10.000000","2017-08-20 16:09:44.000000","854.84"
"cc5a78bbad32776dc4e3af205218368c","MG","33","38","4269.18","33","38","4269.18","1304.17","112.35","2018-05-08 13:49:19.000000","2018-08-24 02:24:29.000000","129.37"
"1fdc574883ef3b33ad41562d93f3a74a","SP","18","18","4251.00","18","18","4251.00","273.27","236.17","2017-11-26 23:00:00.000000","2018-07-21 13:10:30.000000","236.17"
"43f8c9950d11ecd03a0304a49e010da6","SP","41","41","4249.59","41","41","4249.59","557.63","103.65","2017-07-27 10:31:56.000000","2018-05-29 19:22:17.000000","103.65"
"9b1585752613ec342d03bbab9997ec48","RJ","3","3","4248.98","3","3","4248.98","100.06","1416.33","2018-08-07 10:52:58.000000","2018-08-19 09:35:34.000000","1416.33"
"6ec1a01e866584bb679eb9b098345919","SP","31","32","4248.91","30","31","3998.91","795.85","129.00","2017-07-06 16:18:52.000000","2018-08-24 11:54:56.000000","133.30"
"3c03b12bab54d8b37d79d914bfdb1aa0","RJ","37","43","4236.34","37","43","4236.34","683.43","98.52","2017-12-23 22:45:28.000000","2018-08-24 11:09:05.000000","114.50"
"98dac6635aee4995d501a3972e047414","SP","91","195","4235.85","89","190","4115.75","2379.60","21.66","2017-04-26 11:30:38.000000","2018-08-28 19:32:05.000000","46.24"
"8b9d6eec4a7eb7d0f9d579ce0b38324d","RJ","49","53","4232.54","48","52","4159.55","1667.30","79.99","2018-05-13 23:56:22.000000","2018-08-20 16:50:24.000000","86.66"
"8a130737016f838139d31878787a39c9","SP","56","62","4222.03","56","62","4222.03","842.29","68.10","2017-12-07 10:53:40.000000","2018-07-20 21:57:45.000000","75.39"
"6b3bd31ad8fcda4b2635ec9f3ff2ecdf","RJ","36","43","4198.90","35","42","4063.90","737.97","96.76","2018-03-24 14:57:23.000000","2018-08-10 21:12:29.000000","116.11"
"8bb48dc19fccaa8613b6229bf7f452a2","SP","82","95","4190.72","82","95","4190.72","1857.40","44.11","2017-10-17 22:02:00.000000","2018-07-23 14:45:41.000000","51.11"
"891071be6ba827b591264c90c2ae8a63","SP","92","98","4177.28","85","90","3763.35","1193.70","41.82","2017-01-24 21:16:24.000000","2018-08-23 11:37:30.000000","44.27"
"cac4c8e7b1ca6252d8f20b2fc1a2e4af","SP","75","83","4168.18","74","82","4128.19","1530.51","50.34","2016-10-08 17:43:26.000000","2018-08-16 04:29:53.000000","55.79"
"5c030029b5916fed0986310385ec9009","SC","7","10","4164.40","7","10","4164.40","915.50","416.44","2018-06-13 11:43:43.000000","2018-08-20 14:44:08.000000","594.91"
"bccf933e006e9b94a6184af782963e77","SP","45","46","4162.74","45","46","4162.74","884.47","90.49","2017-10-06 19:38:37.000000","2018-08-21 15:13:19.000000","92.51"
"f76a3b1349b6df1ee875d1f3fa4340f0","SP","24","24","4160.79","24","24","4160.79","588.19","173.37","2018-01-04 17:09:02.000000","2018-08-17 19:14:14.000000","173.37"
"cd6efc47efaabf134f8bdb654e10b4f1","RJ","31","32","4158.55","31","32","4158.55","598.61","129.95","2017-11-13 08:04:09.000000","2018-08-15 14:18:13.000000","134.15"
"6fc26fe110feebd80a433e1f012a84f9","SP","35","72","4150.87","35","72","4150.87","977.19","57.65","2017-01-29 04:52:16.000000","2018-08-17 16:22:48.000000","118.60"
"d20b021d3efdf267a402c402a48ea64b","SP","90","106","4140.17","86","102","3922.30","1504.96","38.45","2017-02-26 15:43:16.000000","2018-07-30 00:59:02.000000","45.61"
"681fce914360217db47784ae28905a96","PR","23","24","4127.33","23","24","4127.33","444.47","171.97","2017-10-20 11:05:57.000000","2018-07-30 18:54:21.000000","179.45"
"42b729f859728f5079499127a9c2ef37","SP","104","132","4118.86","103","131","4096.96","1299.96","31.27","2018-01-09 22:55:44.000000","2018-08-23 13:23:25.000000","39.78"
"e883aa812c37a7413226856f4579fe91","SP","26","29","4097.10","26","29","4097.10","457.36","141.28","2018-02-04 20:43:02.000000","2018-08-17 18:20:27.000000","157.58"
"2a167ca73899c85001a837d8fb4962f6","SP","2","3","4097.00","2","3","4097.00","100.62","1365.67","2018-07-17 13:27:40.000000","2018-07-24 23:09:26.000000","2048.50"
"382229d1e840115ffe3dbf5ff460e417","RJ","46","49","4096.96","45","48","4037.06","853.27","84.11","2018-04-14 22:35:36.000000","2018-08-20 17:34:26.000000","89.71"
"951e8cef368f09bb3f3d03c00ca4702c","SP","64","71","4092.29","62","69","3993.31","1360.23","57.87","2018-04-16 17:55:25.000000","2018-08-21 18:24:35.000000","64.41"
"99002261c568a84cce14d43fcffb43ea","MT","36","36","4088.00","36","36","4088.00","1100.33","113.56","2017-10-18 23:55:51.000000","2018-08-13 15:13:23.000000","113.56"
"b17b679f4f5ce2e03ce6968c62648246","SP","55","57","4084.75","50","51","3424.18","980.18","67.14","2016-10-05 09:19:46.000000","2018-05-14 12:37:29.000000","68.48"
"2199e7fe213c16213bf5d6a7eadc9a5d","SP","25","31","4078.29","24","30","3767.29","541.81","125.58","2017-01-28 20:09:18.000000","2018-08-20 08:13:17.000000","156.97"
"ec8879960bd2221d5c32f8e12f7da711","SP","36","36","4062.40","35","35","3957.50","798.76","113.07","2017-05-16 22:35:38.000000","2018-04-11 16:50:30.000000","113.07"
"d5ba419e26d246a0719437cf37d9b46d","SP","34","35","4061.40","33","34","3911.50","504.30","115.04","2017-05-05 18:30:01.000000","2018-08-22 10:44:46.000000","118.53"
"f35b3c613c4f7b2275f4185d0a3c59ec","SP","9","9","4047.25","9","9","4047.25","167.04","449.69","2018-02-28 07:37:29.000000","2018-06-03 00:27:27.000000","449.69"
"a0415d9b25ede3c4b1e477e9916ffc03","RJ","10","10","4044.10","9","9","3544.20","184.94","393.80","2017-04-09 11:23:37.000000","2018-01-09 11:53:29.000000","393.80"
"715bbd5ba4e6b74cb0d2f29eb45058b0","SP","62","64","4043.30","62","64","4043.30","1272.58","63.18","2017-09-10 00:34:50.000000","2018-08-19 15:25:29.000000","65.21"
"3c7c4a49ec3c6550809089c6a2ca9370","SP","141","160","4033.64","139","158","4002.75","1796.46","25.33","2017-09-04 12:14:07.000000","2018-08-18 21:48:53.000000","28.80"
"e70053bf73d1b5863932e53a9fa47496","SP","7","7","4025.00","7","7","4025.00","133.58","575.00","2018-02-14 13:38:33.000000","2018-08-04 16:22:05.000000","575.00"
"55a5b51f93f2b70ea513f5a047b0262a","MG","39","41","4002.30","39","41","4002.30","847.08","97.62","2017-04-04 16:33:35.000000","2017-10-06 10:36:09.000000","102.62"
"cb41bfbcbda0aea354a834ab222f9a59","SP","12","12","4002.00","11","11","3792.00","858.66","344.73","2017-11-28 09:10:12.000000","2018-07-06 16:21:43.000000","344.73"
"6b333a05bf188ef3e1f1662a86bd9855","DF","12","13","3990.91","12","13","3990.91","563.97","306.99","2018-01-27 20:49:20.000000","2018-08-10 15:03:30.000000","332.58"
"1b938a7ec6ac5061a66a3766e0e75f90","SP","30","33","3987.60","29","31","3859.80","859.65","124.51","2017-09-22 17:15:55.000000","2018-08-18 18:46:34.000000","133.10"
"bede56095ba33c42038fb85f707b8a42","SP","2","2","3973.90","2","2","3973.90","210.87","1986.95","2017-08-20 19:28:57.000000","2017-12-17 09:15:37.000000","1986.95"
"50c9975695009e5e6473912e83a6d1da","MG","50","68","3964.40","50","68","3964.40","2919.55","58.30","2017-02-05 15:53:52.000000","2018-07-23 17:14:32.000000","79.29"
"bf3c6d2a28b2b5501e6c15448982dcc9","SP","35","43","3956.50","35","43","3956.50","691.65","92.01","2017-05-29 22:47:27.000000","2018-05-09 12:03:22.000000","113.04"
"3f995f07c49d0d55a99d5c54957f7d81","SP","43","43","3955.70","43","43","3955.70","671.50","91.99","2017-04-13 13:13:48.000000","2018-08-20 23:06:39.000000","91.99"
"81f89e42267213cb94da7ddc301651da","SP","46","52","3955.00","46","52","3955.00","766.18","76.06","2018-08-08 12:45:12.000000","2018-08-27 18:45:54.000000","85.98"
"d12c926d74ceff0a90a21184466ce161","SP","78","99","3944.18","76","97","3850.28","1225.40","39.69","2016-10-06 23:21:10.000000","2018-05-13 22:20:16.000000","50.66"
"11bfa66332777660bd0640ee84d47006","SP","76","102","3925.87","76","102","3925.87","1682.67","38.49","2017-09-06 20:20:25.000000","2018-08-23 10:27:06.000000","51.66"
"fde0cc9ea29c8ccfc0a2c22256a58c71","PR","35","35","3922.00","35","35","3922.00","999.27","112.06","2017-10-11 13:27:29.000000","2018-08-19 19:06:06.000000","112.06"
"232a6014e7b10cba61c6c2b2ea6bb4b0","SP","33","36","3919.87","32","35","3819.97","1197.07","109.14","2017-02-04 22:38:49.000000","2018-07-20 10:39:19.000000","119.37"
"7f152321c60a266edc53af1925ef96c1","SC","20","20","3919.80","20","20","3919.80","552.12","195.99","2017-08-29 17:24:40.000000","2018-08-02 18:04:17.000000","195.99"
"d673a59aac7a70d8b01e6902bf090a11","SP","79","84","3908.94","79","84","3908.94","1590.62","46.54","2017-10-31 18:03:11.000000","2018-08-23 00:20:45.000000","49.48"
"79ed755314cfe6df0daef2c6cd3022cd","SP","23","25","3907.50","23","25","3907.50","459.16","156.30","2017-02-24 09:06:40.000000","2018-08-08 20:06:57.000000","169.89"
"3361277dc30b7cccdb0c286b24219756","PR","29","42","3905.05","29","42","3905.05","635.85","92.98","2017-02-11 13:33:12.000000","2018-08-18 18:48:25.000000","134.66"
"f00e21b1e91a79653163b7fd8f293ff1","SP","31","31","3900.09","31","31","3900.09","570.97","125.81","2017-03-25 21:54:29.000000","2017-12-02 18:38:46.000000","125.81"
"271c58a1d139c45eaf3316107c6d3a3b","SP","29","29","3897.52","27","27","3597.63","634.92","133.25","2018-05-02 13:55:37.000000","2018-08-12 19:17:28.000000","133.25"
"6a0cbc8af2e8abd1bdfb777943d174c6","SP","35","35","3894.05","34","34","3788.15","729.00","111.42","2017-05-08 18:46:53.000000","2018-07-04 15:45:43.000000","111.42"
"14d7985702e72162bbf13b6beb74ab2b","SP","37","38","3887.00","37","38","3887.00","554.00","102.29","2017-03-31 14:40:26.000000","2018-08-17 18:49:15.000000","105.05"
"02f5837340d7eb4f653d676c7256523a","PR","30","30","3883.05","30","30","3883.05","580.83","129.44","2017-11-01 20:55:07.000000","2018-08-08 14:13:58.000000","129.44"
"8090490573c6c0aa343a7231ebcb8c86","SP","26","26","3871.12","26","26","3871.12","426.91","148.89","2017-09-01 22:51:39.000000","2018-08-16 10:27:30.000000","148.89"
"42fa4ee7240e9b8eb4576358ec142ba7","RS","22","22","3845.70","22","22","3845.70","518.77","174.80","2018-02-04 10:58:23.000000","2018-07-09 11:28:58.000000","174.80"
"7d76b645482be4a332374e8223836592","SP","176","187","3843.93","172","183","3765.74","2522.03","20.58","2017-07-27 20:53:35.000000","2018-08-14 23:20:59.000000","21.89"
"8ed8ea9a57c862f2c18c2fe41f601d56","SC","19","19","3831.90","19","19","3831.90","731.07","201.68","2018-04-11 11:48:05.000000","2018-06-10 14:06:01.000000","201.68"
"13d058e4eeac2ce8217660b2f8a05812","SP","23","23","3829.77","22","22","3739.78","907.59","169.99","2017-05-13 00:04:32.000000","2018-07-20 20:25:35.000000","169.99"
"3f3486b61f45078d4f31ee5e43d8c5bb","SP","40","40","3829.73","39","39","3769.73","883.40","96.66","2017-12-04 19:22:50.000000","2018-08-17 10:48:14.000000","96.66"
"6860153b69cc696d5dcfe1cdaaafcf62","SP","74","84","3827.63","74","84","3827.63","1490.60","45.57","2017-11-21 15:13:52.000000","2018-08-24 00:07:22.000000","51.72"
"f0b47fbbc6dee9aafe415a6e33051b3f","SP","68","86","3795.91","67","85","3766.92","1320.98","44.32","2017-07-25 10:57:26.000000","2018-08-28 19:32:05.000000","56.22"
"2e13c71026e1a39ba5cc1b86dcb679aa","SP","24","28","3793.00","24","28","3793.00","517.21","135.46","2017-12-27 17:38:31.000000","2018-08-23 17:29:25.000000","158.04"
"38874e327ce94d11390b96eb42d61928","SP","6","6","3779.94","6","6","3779.94","378.49","629.99","2016-10-08 10:31:00.000000","2017-10-27 14:24:24.000000","629.99"
"5d9dc90a686a8fddacffab6bab5653a3","SP","12","12","3761.94","12","12","3761.94","369.33","313.50","2017-10-01 10:11:40.000000","2018-08-15 17:00:49.000000","313.50"
"edf96ef93ed595084bbcbd9224bd2894","SP","25","28","3757.00","25","28","3757.00","608.78","134.18","2017-02-07 23:16:34.000000","2018-08-16 15:32:45.000000","150.28"
"2d2c62bef4c8ba0dd74e0e228e808539","SP","16","16","3749.00","16","16","3749.00","481.48","234.31","2017-11-20 15:08:25.000000","2018-08-23 13:56:50.000000","234.31"
"1d0997ff06b524ce9289ffd75114ecd3","PE","3","3","3747.00","3","3","3747.00","126.57","1249.00","2017-01-27 16:21:48.000000","2017-11-24 09:43:53.000000","1249.00"
"3c4e0452bff7a2a788179488d3d77032","PR","32","36","3746.40","32","36","3746.40","606.12","104.07","2017-12-05 10:08:56.000000","2018-03-23 17:33:12.000000","117.08"
"eb4df17aed01d918c65f0f8d650900c0","SP","11","11","3739.87","11","11","3739.87","185.59","339.99","2017-11-09 12:22:48.000000","2018-08-15 15:01:55.000000","339.99"
"602044f2c16190c2c6e45eb35c2e21cb","SP","50","57","3739.16","48","55","3559.17","909.76","64.71","2017-10-20 10:00:43.000000","2018-08-23 12:32:01.000000","74.15"
"0509040ea3fe50071181bbc359eb7738","MG","89","98","3737.95","87","96","3689.35","1409.90","38.43","2017-05-03 14:22:02.000000","2018-08-02 12:05:18.000000","42.41"
"77e4abfd739aed9c46480f90f81c0eb4","DF","18","18","3736.99","18","18","3736.99","355.22","207.61","2018-01-30 17:55:06.000000","2018-08-14 14:42:14.000000","207.61"
"8f119a0aee85c0c8fc534629734e94fd","SP","77","83","3733.68","75","81","3578.88","1067.01","44.18","2017-01-05 19:52:28.000000","2018-08-10 21:02:26.000000","47.72"
"66dc1b1632bd6a3e508510c5b3492107","SP","37","42","3721.39","36","41","3542.19","689.71","86.39","2017-07-19 17:27:37.000000","2018-08-12 11:16:23.000000","98.39"
"23a0ffca143a15b9b5bbdb7d552f626a","SP","23","24","3718.51","23","24","3718.51","585.77","154.94","2018-03-14 19:41:35.000000","2018-08-14 14:23:59.000000","161.67"
"822166ed1e47908f7cfb49946d03c726","RJ","69","108","3714.83","69","108","3714.83","1821.12","34.40","2017-05-25 00:33:44.000000","2018-07-22 15:19:05.000000","53.84"
"ec80e49e69745ab6c14f984bf2149423","SP","12","12","3709.00","12","12","3709.00","188.31","309.08","2018-02-04 22:12:07.000000","2018-08-22 22:17:56.000000","309.08"
"99a54764c341d5dc80b4a8fac4eba3fb","SP","45","67","3708.76","44","66","3578.76","1298.82","54.22","2018-04-27 16:58:21.000000","2018-08-28 15:53:09.000000","81.34"
"a44fb5a447105f8469bdf16bf9159f25","RS","19","19","3706.10","19","19","3706.10","586.61","195.06","2017-11-21 14:01:29.000000","2018-08-03 14:48:36.000000","195.06"
"f3da5b2ff499efb8d4a6d371d175d7dd","SP","79","84","3702.29","77","82","3540.89","1099.70","43.18","2017-11-04 09:24:45.000000","2018-07-10 15:47:15.000000","45.99"
"520b493b57809f446cb0a233bb3e25c7","SP","63","73","3698.90","63","73","3698.90","1063.97","50.67","2017-03-10 20:04:32.000000","2017-12-19 11:08:36.000000","58.71"
"c0563dd588b775f2e37747ef6ad6c92c","SP","28","28","3697.20","28","28","3697.20","397.48","132.04","2017-02-28 15:22:46.000000","2018-08-20 16:08:31.000000","132.04"
"4559697a8f7e637227c2eeaed843baff","SP","42","42","3696.00","39","39","3486.30","703.22","89.39","2017-02-14 16:20:34.000000","2018-06-27 12:45:26.000000","89.39"
"38e679b9e0064cd94c6f035707344dae","PR","28","30","3694.51","27","28","3644.15","692.47","130.15","2016-10-06 18:11:11.000000","2018-01-30 07:15:03.000000","134.97"
"5f5b43b2bffa8656e4bc6efeb13cc649","SP","27","29","3677.20","27","29","3677.20","555.45","126.80","2017-11-25 23:53:16.000000","2018-06-18 17:35:29.000000","136.19"
"b1fecf4da1fa2689bccffa0121953643","MS","19","20","3669.64","19","20","3669.64","397.08","183.48","2016-10-04 15:35:35.000000","2017-05-27 11:08:23.000000","193.14"
"2745f798279e0ed033addcc1474776d7","SP","32","32","3668.53","32","32","3668.53","696.46","114.64","2017-08-20 22:08:30.000000","2018-05-30 15:04:45.000000","114.64"
"c731d18cea9bf687ffee82a241c25b11","SC","24","26","3662.00","24","26","3662.00","610.65","140.85","2017-02-23 12:20:44.000000","2018-08-27 12:39:11.000000","152.58"
"df560393f3a51e74553ab94004ba5c87","PR","28","29","3661.18","26","27","3429.78","570.11","127.03","2016-10-04 14:13:22.000000","2018-03-10 21:24:16.000000","131.91"
"33ac3e28642ab8bda860a2f693000e78","SP","34","35","3661.03","34","35","3661.03","490.09","104.60","2017-02-09 21:17:20.000000","2018-07-23 11:42:25.000000","107.68"
"8b2492b7ff4468839593fafeed55bad9","RJ","29","45","3660.08","29","45","3660.08","676.18","81.34","2017-08-29 08:50:49.000000","2018-07-30 09:08:42.000000","126.21"
"56642bcb79900e777d68e91915cb4267","SP","48","56","3657.64","48","56","3657.64","814.15","65.32","2016-10-10 16:39:37.000000","2018-07-26 12:56:16.000000","76.20"
"7f2617c58d5d06806987308b45654351","SP","22","23","3656.80","22","23","3656.80","326.47","158.99","2017-04-12 22:14:49.000000","2018-06-21 20:53:59.000000","166.22"
"5d3bb11474a06bdc23fb9e89f1164ee0","SP","31","32","3654.60","31","32","3654.60","524.22","114.21","2017-07-05 21:58:22.000000","2018-08-13 15:36:49.000000","117.89"
"e49c26c3edfa46d227d5121a6b6e4d37","PE","35","36","3654.25","34","35","3624.35","1141.31","103.55","2017-02-04 18:51:41.000000","2018-07-25 14:20:31.000000","106.60"
"f97e2b0650c2068227e1d366140eb62f","SP","16","21","3654.00","16","21","3654.00","1011.98","174.00","2017-06-14 17:57:21.000000","2018-08-19 09:49:20.000000","228.38"
"6bb0724edf0b62fb91ac404873a97241","SP","17","18","3653.00","17","18","3653.00","763.52","202.94","2017-02-20 00:34:48.000000","2018-04-01 21:51:22.000000","214.88"
"406822777a0b9eb5c50e442dd4cd3ec5","SP","45","47","3648.08","44","46","3548.09","901.12","77.13","2017-10-30 16:01:24.000000","2018-08-23 00:07:26.000000","80.64"
"ed4311e67debd72b8610a5347a743087","SP","25","26","3636.00","25","26","3636.00","706.81","139.85","2017-12-14 14:07:48.000000","2018-08-28 16:33:22.000000","145.44"
"1eade46fba20122dc4aefb379f8c636b","SP","58","75","3635.37","58","75","3635.37","1038.34","48.47","2017-02-13 00:28:28.000000","2018-07-22 22:00:38.000000","62.68"
"96804ea39d96eb908e7c3afdb671bb9e","MG","38","40","3610.70","37","39","3530.75","737.25","90.53","2017-02-07 00:16:04.000000","2018-04-27 12:37:10.000000","95.43"
"21e83881401b92b49fb09a16d3852291","MG","14","15","3588.05","12","13","3109.06","497.03","239.16","2017-03-09 23:39:26.000000","2018-01-29 16:16:23.000000","259.09"
"3364a91ec4d56c98e44174de954b94f6","RO","6","6","3579.94","6","6","3579.94","273.91","596.66","2017-04-29 14:34:26.000000","2017-08-29 09:42:04.000000","596.66"
"3c010235b7345c92f125d14ee232a76b","PR","15","15","3578.00","15","15","3578.00","427.32","238.53","2018-07-02 13:16:53.000000","2018-08-15 11:37:45.000000","238.53"
"3d8fa2f5b647373c8620330c4e077a9f","SP","43","48","3571.73","42","47","3501.74","793.98","74.51","2018-04-30 14:17:06.000000","2018-08-15 14:57:55.000000","83.37"
"f2336e113377dd21c744d9c4fc8293a9","SP","4","4","3563.00","4","4","3563.00","199.08","890.75","2017-02-22 17:46:56.000000","2017-09-15 13:18:29.000000","890.75"
"218f991754f360af9c2daa5e0b8e990c","SP","14","17","3554.32","14","17","3554.32","265.22","209.08","2017-12-18 18:19:07.000000","2018-08-19 19:09:43.000000","253.88"
"585175ec331ea177fa47199e39a6170a","MG","1","1","3549.00","1","1","3549.00","53.47","3549.00","2017-02-21 18:35:38.000000","2017-02-21 18:35:38.000000","3549.00"
"71039d19d4303bf9054d69e9a9236699","SP","35","38","3537.20","35","38","3537.20","621.45","93.08","2017-10-07 21:41:11.000000","2018-08-03 13:46:47.000000","101.06"
"276677b5d08786d5dce7c2149dcce48b","MG","33","47","3522.00","31","45","3424.20","765.25","76.09","2018-02-01 21:24:28.000000","2018-08-13 12:23:45.000000","110.46"
"6750d71153f00fc58829af2a8ef1bcf1","RJ","6","6","3514.00","6","6","3514.00","112.50","585.67","2017-03-28 15:29:43.000000","2017-08-08 23:13:27.000000","585.67"
"e7d5b006eb624f13074497221eb37807","SP","28","63","3478.93","28","63","3478.93","741.49","55.22","2017-08-12 11:02:56.000000","2018-07-19 13:03:38.000000","124.25"
"244b04680fdbded0acf5aebd9c92b44a","SP","3","3","3477.70","2","2","1701.80","86.99","850.90","2017-12-12 10:52:09.000000","2017-12-14 18:34:09.000000","850.90"
"8ff38bc3969e67c36c48343a07090f66","SP","2","8","3472.00","2","8","3472.00","387.56","434.00","2017-08-01 09:24:06.000000","2017-09-29 13:19:51.000000","1736.00"
"ed46f1eb4a638113deb2a1137b5f22e9","SC","4","4","3470.00","4","4","3470.00","216.68","867.50","2018-07-26 16:11:51.000000","2018-08-23 23:05:07.000000","867.50"
"bce6a5ecf98e99fd2a8868b15c51f04b","SP","14","15","3464.90","14","15","3464.90","241.60","230.99","2018-06-02 10:10:55.000000","2018-08-22 10:51:09.000000","247.49"
"f0837c8d71434931d9e38e7b79234797","RS","22","23","3446.90","22","23","3446.90","602.46","149.87","2017-11-18 12:08:24.000000","2018-08-14 17:27:42.000000","156.68"
"994f04b3718c2bab35c2adfa8afecd2a","SP","49","57","3445.70","47","55","3289.80","754.65","59.81","2017-11-13 18:09:53.000000","2018-07-19 14:01:10.000000","70.00"
"1b8356dabde1d35e17cef975c3f82730","SP","56","61","3426.39","55","60","3366.40","970.23","56.11","2017-02-03 16:13:58.000000","2017-11-13 22:06:58.000000","61.21"
"c394e193cda3b4225ff2094d32184849","SP","3","12","3419.88","2","11","3134.89","177.56","284.99","2018-04-19 13:54:06.000000","2018-05-13 23:54:31.000000","1567.45"
"4677a5437afda5fa7140b927b07be1cc","PR","11","11","3415.70","11","11","3415.70","420.00","310.52","2018-04-13 16:52:01.000000","2018-08-09 14:20:29.000000","310.52"
"f4db9b37944bcb8873e6b456ee190bbf","SP","21","22","3409.78","21","22","3409.78","500.16","154.99","2017-04-08 19:22:41.000000","2018-08-15 10:31:34.000000","162.37"
"827f8f69dfa529c561901c4f2e0f332f","PR","91","104","3408.39","91","104","3408.39","1595.57","32.77","2016-10-07 14:15:50.000000","2018-03-19 13:16:50.000000","37.45"
"070d165398b553f3b4b851c216b8a358","SP","32","39","3393.16","31","38","3333.17","967.94","87.72","2017-08-24 10:29:36.000000","2018-08-16 14:21:35.000000","107.52"
"cfd7ddab722b902f7ac5b5f3ba6d723d","MG","12","13","3385.03","12","13","3385.03","673.08","260.39","2018-06-07 18:54:10.000000","2018-08-02 20:52:16.000000","282.09"
"960945e1a9535cbc0cd6ddd35fbe7ae8","SP","28","29","3381.73","28","29","3381.73","479.80","116.61","2018-05-07 18:29:38.000000","2018-08-26 10:08:49.000000","120.78"
"2d50d6282f8aa2257819a77bfaa0efe0","SP","44","45","3353.48","42","43","3008.48","754.17","69.96","2017-08-31 13:43:07.000000","2018-08-11 14:31:30.000000","71.63"
"db4350fd57ae30082dec7acbaacc17f9","SP","137","146","3331.31","136","145","3304.32","2064.70","22.79","2017-03-06 19:45:34.000000","2018-08-21 16:53:34.000000","24.30"
"6481e96574816ead57975da2c0f6d80d","SP","32","43","3324.90","32","43","3324.90","1015.96","77.32","2017-12-29 16:31:00.000000","2018-07-28 13:11:22.000000","103.90"
"6b90f847357d8981edd79a1eb1bf0acb","SP","45","47","3322.08","45","47","3322.08","737.65","70.68","2018-06-07 14:18:38.000000","2018-08-29 11:06:11.000000","73.82"
"8c3b533c63cca56240f94f1e3a6b18ef","MG","5","8","3312.16","3","5","1849.50","610.32","369.90","2017-02-05 18:47:44.000000","2017-05-15 00:45:02.000000","616.50"
"a2b5b6105ea5942300631d2e76f4ffe0","SP","16","16","3286.69","16","16","3286.69","722.65","205.42","2018-05-25 10:59:28.000000","2018-08-20 22:06:01.000000","205.42"
"54c04bdb5ec46762f8f08c7e8f86ed4a","SC","18","19","3281.66","18","19","3281.66","476.12","172.72","2018-02-06 15:10:03.000000","2018-08-09 10:00:38.000000","182.31"
"5b51032eddd242adc84c38acab88f23d","MG","12","14","3280.00","12","14","3280.00","268.95","234.29","2017-10-30 15:35:32.000000","2018-06-16 21:40:32.000000","273.33"
"643214e62b870443ccbe55ab29a4dccf","SP","66","68","3270.13","65","66","3229.23","891.48","48.93","2017-09-30 21:44:37.000000","2018-08-22 11:39:52.000000","49.68"
"52562a9f449c3dc3d53f5f5b9ed74903","RN","14","14","3266.60","14","14","3266.60","444.04","233.33","2017-04-27 22:05:13.000000","2018-04-14 14:59:46.000000","233.33"
"aeb36d67f1414f234d42a29e27cf1f17","SP","4","4","3263.80","4","4","3263.80","284.30","815.95","2018-05-14 21:03:30.000000","2018-08-06 20:17:40.000000","815.95"
"594f9aaa48e5bf431f011ddc5669b0d5","MG","37","38","3248.80","37","38","3248.80","887.61","85.49","2018-04-26 08:51:45.000000","2018-08-27 23:31:47.000000","87.81"
"a938325a4b357fd23a6a4d5bb126408e","RJ","24","25","3231.00","24","25","3231.00","560.81","129.24","2017-09-15 15:51:25.000000","2018-08-14 14:57:20.000000","134.63"
"c64a2aec32cc408a8a4c6d7c46017f91","RS","9","9","3221.50","9","9","3221.50","406.67","357.94","2017-11-24 14:41:34.000000","2018-02-14 17:51:11.000000","357.94"
"afa6714acee029b2dfdf357e5579cc03","SP","16","17","3220.76","16","17","3220.76","382.82","189.46","2016-10-08 15:42:14.000000","2018-08-20 11:23:16.000000","201.30"
"95f83f51203c626648c875dd41874c7f","MG","52","67","3217.46","50","65","3077.66","1554.14","47.35","2017-11-24 14:22:48.000000","2018-08-20 17:06:21.000000","61.55"
"4c18691b6037662be2df78a765d98ab5","SP","63","67","3195.52","63","67","3195.52","1120.99","47.69","2018-02-25 18:55:59.000000","2018-08-28 10:57:13.000000","50.72"
"bb7a14e229b1c95156719c3d9552eeee","RJ","11","11","3190.10","10","10","2760.20","287.41","276.02","2017-10-09 08:49:32.000000","2018-04-20 12:56:37.000000","276.02"
"d57e18d5f73c7ccb7f7339b61166898d","SP","61","63","3187.70","61","63","3187.70","923.49","50.60","2017-09-10 12:54:36.000000","2018-08-21 13:41:26.000000","52.26"
"e48b04bf1aa1ef711caebeb7aede6180","PR","25","25","3187.10","25","25","3187.10","645.63","127.48","2017-01-26 18:33:10.000000","2018-07-31 16:16:19.000000","127.48"
"e89c4adbe7b1d0819dbb636e16461cf1","SP","24","25","3181.30","24","25","3181.30","454.85","127.25","2018-01-10 13:22:49.000000","2018-08-17 16:12:59.000000","132.55"
"5c6d4016c2a288f074fa0848a2b653d2","SP","32","35","3159.00","31","34","3100.00","498.13","91.18","2017-09-27 19:12:25.000000","2018-08-20 09:09:53.000000","100.00"
"870d0118f7a9d85960f29ad89d5d989a","MG","45","61","3157.20","45","61","3157.20","1270.83","51.76","2017-04-08 20:38:00.000000","2018-08-27 09:19:09.000000","70.16"
"c8b3445d737de6befde0c88ede534a5e","SP","30","36","3149.04","30","36","3149.04","651.75","87.47","2017-11-17 10:26:28.000000","2018-06-27 09:21:40.000000","104.97"
"5bc24d989e71e93c33e50a7782431b0e","MG","17","17","3148.00","17","17","3148.00","588.53","185.18","2018-05-02 14:07:29.000000","2018-08-21 18:52:27.000000","185.18"
"f326006815956455b2859abd58fe7e39","SP","9","30","3147.16","9","30","3147.16","666.02","104.91","2017-11-07 14:07:03.000000","2018-08-01 13:30:49.000000","349.68"
"3cfa1358a6caa965278721344c8d76f2","SP","5","5","3140.28","5","5","3140.28","81.25","628.06","2018-04-18 13:37:54.000000","2018-06-13 21:59:30.000000","628.06"
"b1ac6ea7895bc3dd6f0f6f4abbdd2821","RS","40","41","3139.00","38","38","2962.00","772.36","77.95","2017-03-11 17:05:35.000000","2017-12-15 12:52:08.000000","77.95"
"238fac594e170b59c6d228f5a4f4f1d9","SP","29","30","3126.00","29","30","3126.00","1419.52","104.20","2017-10-08 10:44:32.000000","2018-08-19 11:25:16.000000","107.79"
"430315b7bb4b6e4b3c978f9dfa9b0558","SP","20","21","3118.40","19","20","2864.40","550.16","143.22","2018-01-09 23:49:14.000000","2018-08-06 10:23:00.000000","150.76"
"3bdff180c7e1f6551a643b99c265a120","SP","59","61","3114.90","56","58","3008.20","1003.88","51.87","2017-02-01 17:39:57.000000","2018-04-17 16:37:44.000000","53.72"
"5b35136197710e16ac5e7b7c2bd4ea85","RJ","7","9","3104.20","7","9","3104.20","246.09","344.91","2017-08-16 12:02:50.000000","2018-03-31 12:04:24.000000","443.46"
"08cdbae123ff67ca4e36d9d641ce0119","MG","4","6","3098.99","4","6","3098.99","1096.47","516.50","2018-02-20 08:12:25.000000","2018-07-29 15:29:19.000000","774.75"
"f61c63d13f7cd800549d5acdd390ae72","SP","26","26","3072.30","26","26","3072.30","429.39","118.17","2017-09-14 10:23:41.000000","2018-08-20 10:19:46.000000","118.17"
"bd697db56ff8e7c9cd1abeb7f72029b2","SP","22","22","3069.78","21","21","2869.79","329.14","136.66","2017-02-12 12:32:38.000000","2018-08-10 12:30:45.000000","136.66"
"aae3bfea055532c57fb453ed3ec80b30","SP","48","50","3057.92","48","50","3057.92","799.25","61.16","2017-01-18 17:20:39.000000","2018-05-15 16:01:56.000000","63.71"
"612a743d294c27884fb7b80d2b19ba35","PR","2","3","3057.70","2","3","3057.70","104.45","1019.23","2017-01-25 12:49:36.000000","2018-08-15 14:50:52.000000","1528.85"
"d9e8c084b68fe958861d8f2c21202e6b","SP","9","12","3050.00","9","12","3050.00","181.86","254.17","2017-10-05 11:57:47.000000","2018-07-20 16:14:47.000000","338.89"
"b8555308bfdb4ca1ed54325a58da9a97","SP","26","28","3047.20","26","28","3047.20","582.83","108.83","2017-12-11 13:47:29.000000","2018-08-23 11:29:01.000000","117.20"
"0ebd97a106433a45a4aebe57c1799778","MG","31","32","3046.80","31","32","3046.80","614.88","95.21","2017-05-16 09:12:37.000000","2018-07-13 21:05:56.000000","98.28"
"9646c3513289980f17226a2fc4720dbd","SP","71","78","3039.30","69","76","2964.40","1187.83","39.01","2017-01-25 18:04:52.000000","2018-07-20 11:03:48.000000","42.96"
"4da0e408c99d2fdc2126dc9fce518060","PR","44","54","3026.00","44","54","3026.00","938.73","56.04","2017-01-14 15:42:20.000000","2018-08-13 18:42:05.000000","68.77"
"d17f467e4bf608a510c20d82f4ba3b6b","RS","12","12","3021.66","11","11","2963.78","507.53","269.43","2018-07-18 10:52:14.000000","2018-07-31 20:20:14.000000","269.43"
"4c8545742faaf58fafd5fd14d25d75cf","SP","4","4","3020.00","4","4","3020.00","196.31","755.00","2018-03-15 22:07:54.000000","2018-05-19 18:08:37.000000","755.00"
"55f7a3319d80f7fdf078b8f03e6725fe","SP","22","22","3013.78","22","22","3013.78","406.67","136.99","2018-07-02 19:54:04.000000","2018-08-22 21:06:11.000000","136.99"
"f4aba7c0bca51484c30ab7bdc34bcdd1","SP","110","117","3009.79","108","115","2951.90","1515.23","25.67","2016-10-10 14:02:01.000000","2017-07-29 15:38:47.000000","27.33"
"49e7217cfe4e427191c378ec626d8737","MG","13","14","3002.70","12","13","2868.80","352.09","220.68","2017-05-20 15:56:32.000000","2018-05-27 20:45:09.000000","239.07"
"c9aafcd0621b2207c10e32c649cada4d","SP","44","52","2997.25","40","47","2671.26","817.29","56.84","2018-07-14 21:25:42.000000","2018-08-10 14:09:09.000000","66.78"
"5bc55dbe2f12b6af6d83ed46023e0dc8","MG","17","21","2992.10","17","21","2992.10","417.28","142.48","2018-02-21 10:03:23.000000","2018-08-13 20:22:33.000000","176.01"
"8cbac7e12637ed9cffa18c7875207478","SC","67","82","2990.98","66","81","2955.98","1640.73","36.49","2017-01-26 14:29:25.000000","2018-08-27 18:25:28.000000","44.79"
"0c7533c71df861ec58ad7ff999ed0e8d","SP","61","73","2989.30","61","73","2989.30","874.21","40.95","2017-07-11 23:14:57.000000","2018-07-28 10:25:00.000000","49.00"
"974cf2cb8f4b7add98709c30df02fe10","SP","33","33","2982.67","30","30","2694.70","497.20","89.82","2017-10-16 22:33:02.000000","2018-08-21 23:41:36.000000","89.82"
"2156f2671501a81034d7d07f217609d0","SP","22","22","2981.50","21","21","2909.50","393.49","138.55","2017-09-01 18:28:26.000000","2018-07-26 13:59:29.000000","138.55"
"fce62094ffe6a4009188ec44e681dfdd","SP","4","11","2969.70","4","11","2969.70","482.93","269.97","2017-02-07 18:01:15.000000","2018-03-01 18:07:51.000000","742.43"
"432c37c9dfba871172ec162e20118b8c","DF","46","57","2968.87","44","55","2679.87","934.93","48.72","2017-03-02 14:06:01.000000","2018-04-12 22:26:18.000000","60.91"
"b494891378bd8f4560abe576c52deacd","SP","20","22","2958.90","19","21","2839.00","295.98","135.19","2018-06-28 18:50:51.000000","2018-08-20 00:59:32.000000","149.42"
"e908c0f3646e8b60375734a350d95d71","SP","1","1","2951.00","1","1","2951.00","58.53","2951.00","2017-04-05 16:12:50.000000","2017-04-05 16:12:50.000000","2951.00"
"dd58ee93286b0821565574c570e9e1dc","PR","2","2","2948.00","2","2","2948.00","75.31","1474.00","2017-01-30 17:05:18.000000","2017-05-06 15:22:18.000000","1474.00"
"1996942dc085d7773ba77a529b163cd0","SP","10","10","2943.51","9","9","2383.52","185.28","264.84","2018-05-29 21:30:08.000000","2018-08-15 23:20:59.000000","264.84"
"60562ab00b8054280520d390c8c0045c","SP","17","17","2943.00","17","17","2943.00","304.09","173.12","2017-10-18 08:46:18.000000","2018-08-03 18:20:50.000000","173.12"
"cb5df0dcb9e280b1780e9d589889f2c7","SP","16","19","2934.72","11","12","1614.88","453.92","134.57","2017-01-29 14:57:59.000000","2017-06-14 17:06:33.000000","146.81"
"be9a160a9011f627c3e121d076c1ec7b","SC","7","7","2934.00","5","5","2055.00","175.12","411.00","2017-03-26 11:36:32.000000","2017-10-27 23:57:47.000000","411.00"
"f44b6f775a2b390380e0e30b5c9d3eee","SP","10","10","2930.00","10","10","2930.00","258.24","293.00","2017-06-30 20:06:54.000000","2018-08-26 13:49:27.000000","293.00"
"606ce7768feac12c5e8bd58db8b08f0f","SP","5","5","2916.60","5","5","2916.60","102.26","583.32","2018-04-24 19:18:38.000000","2018-08-07 23:19:34.000000","583.32"
"a6fe7de3d16f6149ffe280349a8535a0","SP","51","52","2904.80","50","51","2844.90","729.54","55.78","2017-07-11 19:38:14.000000","2018-07-29 20:23:34.000000","56.90"
"b1204cfda1d4948679db3cfc0d3cb95c","SP","7","11","2903.70","6","6","411.20","100.05","68.53","2017-01-17 19:55:40.000000","2018-07-25 21:44:39.000000","68.53"
"20d83f3ef0e6925fd74bfd59170babf7","SP","40","54","2903.60","40","54","2903.60","653.61","53.77","2017-03-28 22:02:40.000000","2018-08-28 21:10:46.000000","72.59"
"d3dcf0604eabf0224fbd5948b5e02f69","SP","9","9","2902.30","9","9","2902.30","165.11","322.48","2018-02-15 08:09:22.000000","2018-07-27 15:54:52.000000","322.48"
"4305fe92735c8a43d154ff6dd2b8d927","MG","19","21","2885.90","17","19","2606.10","393.54","137.16","2017-07-26 17:16:18.000000","2018-08-25 20:26:35.000000","153.30"
"1771297ac436903d1dd6b0e9279aa505","SP","28","36","2881.27","28","36","2881.27","585.16","80.04","2017-01-19 22:41:52.000000","2018-08-17 12:46:57.000000","102.90"
"cb3dd9ce66268c7a3ca7241ac70ab58c","SP","50","52","2879.76","48","50","2788.32","820.35","55.77","2017-02-07 01:47:42.000000","2018-04-23 21:42:34.000000","58.09"
"1987cd4be10fe09ee50454f9c354d1c6","MG","14","16","2877.70","14","16","2877.70","257.53","179.86","2017-10-08 16:38:54.000000","2018-03-02 23:16:28.000000","205.55"
"b335c59ab742f751a85db9c411a86739","MG","33","35","2873.34","30","31","2494.11","544.93","80.46","2016-10-04 13:22:56.000000","2017-12-12 19:45:01.000000","83.14"
"4342d4b2ba6b161468c63a7e7cfce593","RJ","20","20","2867.10","2","2","528.90","34.54","264.45","2018-05-19 23:44:09.000000","2018-07-25 11:21:39.000000","264.45"
"977f9f63dd360c2a32ece2f93ad6d306","SP","24","25","2858.87","23","24","2730.07","891.85","113.75","2017-09-26 10:51:26.000000","2018-08-20 23:35:44.000000","118.70"
"2a1348e9addc1af5aaa619b1a3679d6b","MG","52","55","2843.00","48","51","2697.40","727.37","52.89","2017-01-14 01:16:14.000000","2018-08-02 15:57:13.000000","56.20"
"fec6275253471ace26d209bbaa64cd0f","RJ","9","10","2840.00","9","10","2840.00","355.67","284.00","2018-01-22 11:14:54.000000","2018-07-06 16:38:58.000000","315.56"
"491a5ada3aa1678414e990262c4bbdc1","SP","2","2","2840.00","1","1","1420.00","15.58","1420.00","2017-04-05 09:55:00.000000","2017-04-05 09:55:00.000000","1420.00"
"d32e3909cfb714fb2a6cb092c85b9c5f","SP","10","11","2827.90","10","11","2827.90","251.00","257.08","2017-08-10 17:08:10.000000","2018-04-25 10:36:34.000000","282.79"
"730937bf88cb151eb2eb849f642fc213","SP","22","26","2821.20","22","26","2821.20","455.97","108.51","2018-04-05 16:12:14.000000","2018-08-19 10:36:45.000000","128.24"
"1838dd9b8977065acf51d95e0053ea7a","MG","64","67","2820.30","62","65","2750.50","1212.79","42.32","2017-07-28 09:06:33.000000","2018-08-01 22:15:19.000000","44.36"
"dd533b429f380718b70ad9922c294bae","SP","41","45","2819.77","39","43","2244.88","1091.30","52.21","2017-03-31 13:22:29.000000","2017-12-29 11:40:59.000000","57.56"
"f593898ec748b7a8cb81fc04edafd98a","SP","20","23","2813.04","19","22","2588.04","684.31","117.64","2017-09-17 16:34:35.000000","2018-02-06 20:34:19.000000","136.21"
"5f1dc28029d2c244352a68107ec2b542","SP","62","78","2807.30","62","78","2807.30","996.16","35.99","2017-01-17 12:15:42.000000","2018-06-15 12:52:05.000000","45.28"
"3fd1e727ba94cfe122d165e176ce7967","SP","37","38","2805.20","35","36","2747.40","548.49","76.32","2017-12-01 22:57:13.000000","2018-04-04 08:20:22.000000","78.50"
"820cc752a266cdc6c1a1e61dd4583330","PR","15","15","2802.80","15","15","2802.80","275.97","186.85","2017-01-31 20:16:02.000000","2018-04-27 13:39:47.000000","186.85"
"df56d7b40d437f88407c5f78b63bc328","PR","22","25","2791.28","22","25","2791.28","460.22","111.65","2017-10-19 10:05:02.000000","2018-03-28 11:26:34.000000","126.88"
"f7ccf836d21b2fb1de37564105216cc1","SP","70","74","2787.40","69","73","2748.40","1107.94","37.65","2017-12-08 13:53:26.000000","2018-08-19 22:12:22.000000","39.83"
"62c50c1af4dfdc4149d25c5222043d39","SP","14","19","2785.72","12","17","2325.83","281.95","136.81","2016-10-05 11:08:46.000000","2017-04-23 16:01:16.000000","193.82"
"ae7ab174effdead6c241e547e4ca13f0","PR","6","7","2778.60","6","7","2778.60","795.46","396.94","2018-06-11 10:22:49.000000","2018-08-11 19:14:29.000000","463.10"
"a17f621c590ea0fab3d5d883e1630ec6","SP","65","80","2778.58","63","78","2677.92","1094.35","34.33","2017-03-23 22:10:46.000000","2018-04-05 08:55:00.000000","42.51"
"8d79c8a04e42d722a75097ce5cbcf2ef","CE","27","28","2777.72","26","27","2627.82","719.43","97.33","2017-01-27 22:02:29.000000","2018-03-15 10:37:39.000000","101.07"
"f125f3a310c2e5f822d116147de1e474","SP","16","22","2761.40","16","22","2761.40","287.89","125.52","2018-01-15 19:59:47.000000","2018-08-20 16:19:23.000000","172.59"
"8f54d64f28a993550aa7943f12572959","MG","15","16","2755.50","15","16","2755.50","377.62","172.22","2017-11-10 20:15:35.000000","2018-08-15 19:05:50.000000","183.70"
"a1474fd46fd3430168f7ec202da39408","SP","12","14","2752.50","12","14","2752.50","661.02","196.61","2017-02-21 17:37:06.000000","2017-10-22 11:25:09.000000","229.38"
"1444c08e64d55fb3c25f0f09c07ffcf2","BA","1","1","2749.00","1","1","2749.00","69.74","2749.00","2018-04-28 12:23:26.000000","2018-04-28 12:23:26.000000","2749.00"
"052577151711aec5c744fe12e66db3e1","SC","4","4","2748.00","1","1","687.00","42.65","687.00","2017-10-26 18:35:40.000000","2017-10-26 18:35:40.000000","687.00"
"f805b96fa705ba7995a221f1749dc141","PR","7","7","2744.44","7","7","2744.44","242.43","392.06","2017-06-28 12:18:17.000000","2018-03-14 16:13:12.000000","392.06"
"3b872fd4747f01cc56206f2934198618","SP","25","27","2726.74","25","27","2726.74","1116.37","100.99","2017-11-27 16:23:47.000000","2018-08-21 14:08:51.000000","109.07"
"5cbbd5a299cab112b7bf23862255e43e","PR","36","38","2726.06","36","38","2726.06","659.15","71.74","2017-09-14 22:29:52.000000","2018-08-16 15:45:56.000000","75.72"
"33576ec5412fb5905d876f12f33bfde6","PR","31","32","2718.00","31","32","2718.00","569.98","84.94","2017-07-12 23:03:19.000000","2018-06-24 20:40:44.000000","87.68"
"458d868c9642f55f18f04e951a3fdde6","RS","2","2","2718.00","2","2","2718.00","104.75","1359.00","2017-05-31 18:30:10.000000","2017-08-01 10:25:49.000000","1359.00"
"78744a20ee2f80ba64f6804c25def2b8","PE","6","6","2715.00","6","6","2715.00","353.85","452.50","2017-09-10 19:53:37.000000","2018-08-19 15:27:35.000000","452.50"
"fe26f3ecb51a15e6d8335cd92da42562","SP","7","7","2708.96","7","7","2708.96","262.59","386.99","2017-11-17 13:15:59.000000","2018-02-18 21:05:38.000000","386.99"
"d93844a9c55ba7ce353388bcf849ea56","PR","12","14","2708.50","12","14","2708.50","521.02","193.46","2017-03-15 08:19:58.000000","2018-04-29 09:43:34.000000","225.71"
"51702dc2a3e106c76dbff722b5bf0726","SP","13","14","2705.10","13","14","2705.10","581.94","193.22","2017-02-23 23:49:22.000000","2018-04-29 12:20:23.000000","208.08"
"e99e927c81e3f51739c94fcdfca9f10f","MG","22","25","2702.83","21","24","2597.85","639.08","108.24","2017-01-26 22:15:22.000000","2018-03-23 16:00:33.000000","123.71"
"31561f325664a8a7aba4c8d0c3a9b3db","SP","36","38","2702.19","36","38","2702.19","627.17","71.11","2018-06-05 22:51:12.000000","2018-08-17 02:52:51.000000","75.06"
"82bd0703a4aefd6b599e5bfdaed378fb","SP","21","24","2692.28","20","23","2394.28","378.13","104.10","2016-10-04 23:45:54.000000","2017-08-18 08:57:28.000000","119.71"
"850913d59ce317156b00f3705f1c3edb","SP","32","34","2690.00","29","30","2183.00","518.90","72.77","2018-03-07 12:24:36.000000","2018-07-27 16:20:49.000000","75.28"
"0015a82c2db000af6aaaf3ae2ecb0532","SP","3","3","2685.00","3","3","2685.00","63.06","895.00","2017-09-26 22:17:05.000000","2017-10-18 08:16:34.000000","895.00"
"ffa6adafb71b807dc13159e26431354c","PR","18","18","2669.90","17","17","2500.90","516.48","147.11","2018-03-16 07:38:09.000000","2018-08-13 14:18:44.000000","147.11"
"d93919c944be9cff128f6c9cb899eacb","SP","33","33","2666.70","33","33","2666.70","957.31","80.81","2017-11-29 14:47:08.000000","2018-07-24 14:38:19.000000","80.81"
"9c068d10aca38e85c50202e17b4a7e88","MS","17","17","2658.90","17","17","2658.90","449.93","156.41","2017-10-12 09:57:12.000000","2018-07-30 14:26:27.000000","156.41"
"d25aa0aaacb370e912f8cf6efeba38b3","SC","17","21","2658.45","17","21","2658.45","714.68","126.59","2018-03-11 12:49:14.000000","2018-08-14 19:44:00.000000","156.38"
"6f229cc508fc6915ed5c499efd93baa4","RJ","13","14","2654.80","13","14","2654.80","333.88","189.63","2017-08-11 13:26:28.000000","2018-08-11 18:52:46.000000","204.22"
"0885aaf116795758dfeb5f1032487bcd","SP","28","30","2648.00","27","29","2573.10","499.04","88.73","2017-12-14 21:06:57.000000","2018-08-19 17:17:45.000000","95.30"
"4e8dacf3d38f281ae26c3e0321d92d88","SP","10","15","2644.95","8","9","2055.46","140.58","228.38","2017-01-27 14:59:18.000000","2017-03-14 21:20:04.000000","256.93"
"bc302730ea8cf49b5c74f579febb5bbf","SP","11","11","2640.90","11","11","2640.90","289.27","240.08","2017-08-07 12:44:28.000000","2018-08-02 18:35:44.000000","240.08"
"f1b93673502375d491780bb49d615dbc","SP","8","10","2638.93","8","10","2638.93","320.35","263.89","2018-03-11 19:07:43.000000","2018-08-18 11:57:34.000000","329.87"
"1b7e5006cb25dd23ce8686691013b121","SP","11","11","2636.74","11","11","2636.74","149.22","239.70","2017-09-30 12:48:45.000000","2018-08-03 13:37:17.000000","239.70"
"ccf8813e5a7d6c84d865cd38bfc2b130","SP","26","26","2635.50","26","26","2635.50","415.79","101.37","2017-08-30 15:25:39.000000","2018-08-23 09:27:52.000000","101.37"
"ea6b12bf9ffe2bac34602ec631d97a47","SP","11","11","2625.80","9","9","1047.30","154.89","116.37","2017-02-12 00:20:45.000000","2017-05-30 22:15:57.000000","116.37"
"9906e7aa42a3c067b7c9a564d01c4320","PR","12","16","2619.00","12","16","2619.00","496.60","163.69","2018-02-05 08:47:14.000000","2018-08-21 00:18:05.000000","218.25"
"8ab42aa58097fd4668d60cc648225d5f","GO","20","26","2616.75","20","26","2616.75","593.64","100.64","2017-10-11 09:18:23.000000","2018-08-03 12:58:11.000000","130.84"
"a369d693961cb93b61ca2cc518872a85","SP","11","18","2597.00","11","18","2597.00","616.79","144.28","2017-11-15 23:26:16.000000","2018-07-21 13:54:34.000000","236.09"
"fdaaf5bfda82b7b80535610c831b8d09","SP","10","15","2588.90","10","15","2588.90","259.42","172.59","2017-09-05 22:14:52.000000","2018-05-06 11:40:50.000000","258.89"
"cd06602b43d8800bd0afad514919d35c","SP","44","53","2588.07","43","52","2555.31","732.54","49.14","2017-01-26 11:48:46.000000","2018-08-04 16:19:07.000000","59.43"
"244c2f1bff6afe1f2eaf9bfe9b2aed38","SP","23","27","2580.00","23","27","2580.00","1214.87","95.56","2017-02-07 11:11:30.000000","2018-02-06 08:31:14.000000","112.17"
"04aba03279157f6d4e0fe8ccaf21963c","RJ","16","16","2575.90","15","15","2416.00","319.23","161.07","2017-05-10 11:51:13.000000","2018-08-26 13:25:25.000000","161.07"
"2c4c47cb51acd5ea5db5e0ae0e26542a","SP","12","15","2575.90","12","15","2575.90","341.47","171.73","2017-09-04 09:26:19.000000","2018-07-29 16:04:47.000000","214.66"
"b76dba6c951ab00dc4edf0a1aa88037e","SP","159","169","2574.78","157","167","2545.31","2282.03","15.24","2017-01-06 21:30:38.000000","2018-08-27 20:03:07.000000","16.21"
"41ab63a91b8b264e8c8780368bf1dd5b","MG","12","13","2571.95","12","13","2571.95","302.27","197.84","2017-10-05 23:06:13.000000","2018-07-12 09:28:43.000000","214.33"
"1ce3ae5a399804d1a87e706f8a813c3e","SC","40","44","2563.00","40","44","2563.00","853.69","58.25","2017-08-03 11:45:23.000000","2018-08-20 14:45:48.000000","64.08"
"f1c1ac3f3efc07e659c035008e615e66","SP","4","14","2561.96","3","9","2294.96","214.72","255.00","2017-03-30 12:39:15.000000","2017-09-27 12:56:13.000000","764.99"
"323ce52b5b81df2cd804b017b7f09aa7","SP","30","30","2554.20","29","29","2374.30","393.35","81.87","2018-01-26 20:51:44.000000","2018-08-02 12:06:07.000000","81.87"
"157c3e4b42f81ac4a44e8b1ca2fe9876","SP","23","31","2548.50","23","31","2548.50","583.32","82.21","2017-10-19 22:49:04.000000","2018-08-16 11:37:32.000000","110.80"
"bb5bd94c8f59cc050072d2930c869cac","SP","16","17","2543.87","16","17","2543.87","302.77","149.64","2017-02-12 18:43:37.000000","2018-06-08 09:43:52.000000","158.99"
"fe49ee029e61e789a1f3a5525f57ba8d","SP","17","17","2527.59","16","16","2473.69","217.46","154.61","2017-11-28 14:09:58.000000","2018-03-19 12:58:21.000000","154.61"
"cce6ab8d1682639fe45ab70234f1665f","SP","63","66","2522.70","61","64","2442.70","1136.89","38.17","2017-05-31 17:06:39.000000","2017-11-28 21:32:25.000000","40.04"
"47efca563408aae19bb7206c2d969ea9","PI","12","12","2522.00","11","11","2383.00","408.55","216.64","2018-01-05 08:26:03.000000","2018-08-23 20:49:24.000000","216.64"
"ede0c03645598cdfc63ca8237acbe73d","SP","46","50","2518.37","43","47","2352.15","708.30","50.05","2018-02-21 12:25:12.000000","2018-05-23 21:11:01.000000","54.70"
"318f287a62ab7ac10b703ac37435a231","SP","52","62","2517.48","51","61","2432.48","1097.04","39.88","2017-02-08 15:35:42.000000","2018-08-24 16:38:58.000000","47.70"
"3d39fbf22a665714baf62fae36029e23","SP","8","8","2504.20","8","8","2504.20","130.63","313.03","2017-01-14 21:28:46.000000","2017-11-25 00:10:03.000000","313.03"
"de0c78824586e9a5f5f04fd84e25df39","SP","14","16","2489.30","14","16","2489.30","208.53","155.58","2018-04-08 10:59:17.000000","2018-08-03 14:39:54.000000","177.81"
"cea729054f157f5870bdd321a958d994","SP","24","26","2482.10","24","26","2482.10","349.52","95.47","2018-03-27 00:17:22.000000","2018-08-13 13:59:20.000000","103.42"
"6989574bd97d9773f10d232b6c07da59","PR","7","7","2478.40","7","7","2478.40","321.10","354.06","2017-03-22 23:17:07.000000","2018-07-25 13:09:24.000000","354.06"
"5eeb9c756d9780b96283e5a2ac6da334","SP","9","9","2471.00","9","9","2471.00","247.74","274.56","2017-10-10 08:27:25.000000","2018-07-18 16:43:02.000000","274.56"
"c2d70ce2c5d0a2eb75e78668236e6dc8","SP","13","15","2470.90","13","15","2470.90","229.02","164.73","2017-09-22 11:58:32.000000","2018-08-27 23:12:55.000000","190.07"
"3a734b715d333a2588a3d54a0c9b8746","SP","18","24","2463.52","15","21","2121.52","348.30","101.02","2017-08-04 10:08:27.000000","2018-01-14 20:54:13.000000","141.43"
"1c40343cc5d18c2d8248ac2f3366de34","SP","21","22","2461.41","21","22","2461.41","378.01","111.88","2018-05-28 21:38:55.000000","2018-08-20 21:51:20.000000","117.21"
"fa74b2f3287d296e9fbd2cc80f2d1cf1","SP","11","11","2459.89","5","5","1274.49","76.18","254.90","2017-07-20 16:59:53.000000","2017-12-20 08:32:26.000000","254.90"
"a08692680c77d30a0b4280da5df01c5a","SP","6","17","2433.00","6","17","2433.00","227.91","143.12","2017-04-07 15:09:26.000000","2018-01-26 08:17:40.000000","405.50"
"5160d23075764e18e07c1f4a87fad743","SP","34","39","2429.00","33","38","2359.00","478.64","62.08","2017-08-14 18:37:59.000000","2017-12-05 09:35:38.000000","71.48"
"efcd8d2104f1a05d028af7bad20d974b","SP","47","51","2424.78","46","50","2384.79","840.31","47.70","2017-04-26 03:54:32.000000","2018-08-22 03:16:24.000000","51.84"
"ed859002ad59dbf8cf3602696a6c3000","PR","7","13","2421.70","6","11","2063.90","225.44","187.63","2016-10-04 20:41:55.000000","2017-01-23 20:35:00.000000","343.98"
"4b0fdb526525f9890eb145bf1534640e","SP","18","20","2419.00","18","20","2419.00","535.21","120.95","2018-02-25 15:14:28.000000","2018-08-22 15:53:04.000000","134.39"
"888faa8bfb0b159c37de6d898b961c31","SC","19","23","2418.30","19","23","2418.30","526.70","105.14","2017-08-07 14:10:09.000000","2018-08-22 09:20:10.000000","127.28"
"d06d019f72a04e5497a0b64190af170c","SP","17","17","2415.93","17","17","2415.93","225.51","142.11","2018-03-28 11:15:26.000000","2018-08-21 17:00:16.000000","142.11"
"d3f39f05462b79a4562d35893a28f159","SP","34","38","2411.30","33","37","2363.40","529.97","63.88","2017-08-23 13:10:47.000000","2018-06-17 02:25:02.000000","71.62"
"1354d51653f645349064725ed204e85e","SP","18","20","2410.00","18","20","2410.00","284.72","120.50","2017-06-05 16:49:45.000000","2018-08-21 08:54:00.000000","133.89"
"76833248bbc0e65a0293ec62023e4396","SP","2","2","2399.98","2","2","2399.98","230.70","1199.99","2017-10-06 10:22:39.000000","2017-11-17 10:22:53.000000","1199.99"
"0bb738e4d789e63e2267697c42d35a2d","SP","30","31","2388.30","29","30","2308.40","616.94","76.95","2017-02-01 12:59:24.000000","2018-06-20 06:58:43.000000","79.60"
"6bbcb8924baf70b7fe2fe2097e8cd407","SC","10","11","2382.50","10","11","2382.50","264.33","216.59","2017-11-13 12:19:18.000000","2018-08-09 20:07:20.000000","238.25"
"acadd4d36859671cb635527c6c977533","SP","12","12","2381.00","12","12","2381.00","265.94","198.42","2017-12-15 16:15:10.000000","2018-08-08 09:49:45.000000","198.42"
"cfe94489ddd337d1e29e12f2a7205d10","SP","20","24","2376.00","20","24","2376.00","296.82","99.00","2018-02-26 18:44:28.000000","2018-08-22 18:20:04.000000","118.80"
"8a87611c08849ffeeccab52aa798b6c7","PR","13","14","2369.80","6","6","587.90","113.05","97.98","2017-01-26 23:48:56.000000","2017-02-10 10:19:10.000000","97.98"
"120476eb7a04c149d14772edaf5d9bf2","RJ","4","6","2368.80","4","6","2368.80","150.83","394.80","2018-07-14 09:19:17.000000","2018-08-10 11:56:30.000000","592.20"
"f615fe7efbef0f4f08fd3086bc7a3e60","SP","23","24","2359.27","22","23","2061.37","369.71","89.62","2017-07-12 17:40:18.000000","2017-10-09 20:20:21.000000","93.70"
"4978a02ea9c8be7a9b5480680f40334e","SP","18","19","2356.61","18","19","2356.61","340.23","124.03","2018-03-21 14:03:09.000000","2018-08-05 11:58:34.000000","130.92"
"8603f0038fe0e52fedd3382d266723de","SC","10","10","2355.00","10","10","2355.00","490.12","235.50","2017-04-24 17:42:25.000000","2018-01-24 17:02:52.000000","235.50"
"3504c0cb71d7fa48d967e0e4c94d59d9","SP","53","53","2349.94","53","53","2349.94","687.37","44.34","2017-07-05 09:53:02.000000","2017-11-06 13:48:10.000000","44.34"
"4391ea5c5990502176a1dcda44a2373d","RS","3","5","2349.00","3","5","2349.00","135.30","469.80","2017-10-15 19:48:23.000000","2018-05-16 10:02:45.000000","783.00"
"5a93f3ab0ef4c84ed5e1b5dbf23978bc","SP","39","44","2338.25","38","43","2299.28","652.94","53.47","2017-05-09 08:38:27.000000","2018-03-03 19:10:32.000000","60.51"
"34f563c82a85b99ae9e6d60db5fc2e28","RS","8","8","2332.30","8","8","2332.30","246.20","291.54","2018-04-13 15:09:55.000000","2018-08-06 20:19:36.000000","291.54"
"8bdd8e3fd58bafa48af76b2c5fd71974","SP","11","11","2324.82","10","10","2135.83","178.39","213.58","2018-01-12 20:53:30.000000","2018-08-05 14:50:57.000000","213.58"
"1d4587203296c8f4ad134dc286fa6db0","SP","42","43","2323.30","40","41","2287.50","654.41","55.79","2017-12-15 11:52:23.000000","2018-08-27 19:29:28.000000","57.19"
"df91910b6a03bb2e3358fa6a35e32f6f","SP","14","14","2312.10","13","13","2093.20","363.02","161.02","2018-06-24 09:54:00.000000","2018-08-14 21:21:39.000000","161.02"
"daeb5653dd96c1b11860f72209795012","MG","40","41","2305.90","38","39","1864.10","588.89","47.80","2017-09-07 16:56:45.000000","2018-08-10 15:03:50.000000","49.06"
"fd386aa7bed2af3c7035c65506c9b4a3","SP","69","76","2304.15","69","76","2304.15","1012.02","30.32","2018-02-23 10:29:24.000000","2018-08-28 14:11:30.000000","33.39"
"6338ea67c41078a46ad99cc009654956","RS","37","44","2286.09","37","44","2286.09","924.30","51.96","2017-02-02 17:56:17.000000","2018-08-16 22:28:49.000000","61.79"
"9a84ba99f5367fdbd4598363496f1ea2","GO","16","16","2284.98","15","15","2223.38","415.07","148.23","2017-03-17 19:59:42.000000","2018-07-03 10:00:13.000000","148.23"
"7238a95bb63ef7e498389fb863b834a1","SP","15","15","2265.70","15","15","2265.70","569.41","151.05","2018-04-27 14:01:01.000000","2018-08-16 15:13:00.000000","151.05"
"e8f6dc8e6a1dcde89d20e3995c8d90b3","SP","36","48","2256.34","35","44","2148.74","2016.80","48.84","2016-10-04 13:40:43.000000","2017-11-30 02:29:55.000000","61.39"
"8fe8786ee000001ab51d030dfd4a7bf1","SC","5","5","2255.00","5","5","2255.00","201.44","451.00","2017-11-20 20:34:03.000000","2018-06-22 21:16:19.000000","451.00"
"655220df33262c7e0c4949a147366f94","SP","13","15","2245.00","13","15","2245.00","681.53","149.67","2018-01-13 12:49:45.000000","2018-05-14 11:43:07.000000","172.69"
"7b8e8ec35bad4b0ef7e3963650b0a87b","SC","5","5","2244.28","5","5","2244.28","372.02","448.86","2018-04-02 10:44:37.000000","2018-07-26 14:16:04.000000","448.86"
"1b1ae47a313a825a7ccceb8e2e30fa9d","PR","11","11","2243.90","10","10","2184.00","229.37","218.40","2017-10-04 21:39:30.000000","2018-05-07 13:37:30.000000","218.40"
"3e8bd881d92466e63ba9e3e809cd3c50","RJ","9","10","2242.28","8","9","1862.38","187.43","206.93","2018-02-16 17:13:02.000000","2018-04-25 20:58:05.000000","232.80"
"5abb8ea023c77787f2c15da891c8d384","SC","13","13","2241.00","13","13","2241.00","746.20","172.38","2017-02-17 17:37:52.000000","2017-12-02 21:01:30.000000","172.38"
"54583ab379489add547fe47b628db589","SP","10","10","2240.00","10","10","2240.00","151.08","224.00","2018-07-23 18:18:54.000000","2018-08-28 15:58:28.000000","224.00"
"e5f9e61ceb5f523cc966e0f34095032f","SC","4","4","2238.00","4","4","2238.00","115.44","559.50","2017-07-10 14:25:38.000000","2018-02-28 11:29:07.000000","559.50"
"cac876b37d3abcd6bd76caca30277996","PR","27","33","2229.77","27","33","2229.77","729.02","67.57","2018-02-13 12:38:05.000000","2018-07-26 13:09:26.000000","82.58"
"b83cedfb587e7911540e3f576d6917ce","SP","24","25","2224.95","24","25","2224.95","343.80","89.00","2017-06-23 17:21:18.000000","2018-05-14 12:20:47.000000","92.71"
"b74d1c09cb380e1d03a6f859c6f4224b","RJ","31","39","2221.60","30","38","2174.61","809.97","57.23","2018-02-23 16:51:37.000000","2018-08-09 13:35:56.000000","72.49"
"fb89df7f89fd1b8f03fa2acca1ba7364","PR","22","25","2220.00","22","25","2220.00","467.43","88.80","2017-10-10 20:21:15.000000","2018-08-18 21:18:15.000000","100.91"
"3a4127e1ba7208ea37044c5092aae170","SP","6","6","2219.60","5","5","1842.70","81.45","368.54","2018-04-19 07:58:35.000000","2018-07-13 14:48:56.000000","368.54"
"747e73c01a4593d4cf60dcf970fd2689","PE","3","3","2217.99","3","3","2217.99","123.77","739.33","2018-03-01 08:17:59.000000","2018-04-26 10:53:16.000000","739.33"
"77a515caa36327151d1cc6c32a9f00e1","SP","26","26","2217.39","26","26","2217.39","396.19","85.28","2018-02-28 23:30:36.000000","2018-08-23 15:58:16.000000","85.28"
"abbf6046bbdf1028606a5bc7f00c99e7","SC","7","7","2217.15","6","6","1867.25","127.01","311.21","2018-01-24 00:33:52.000000","2018-05-02 22:13:15.000000","311.21"
"f214d28e8d8e3ef068748498ccc2f813","SP","54","59","2212.41","52","57","2152.43","785.41","37.76","2017-08-13 19:57:41.000000","2018-08-19 13:40:36.000000","41.39"
"4992e76a42cb3aad7a7047e0d3d7e729","SP","57","74","2211.10","56","73","2171.20","992.36","29.74","2017-05-12 14:58:01.000000","2018-08-13 20:53:44.000000","38.77"
"e5475dcab1e07b63d7f6e902d8f5eda8","SP","19","19","2192.00","19","19","2192.00","251.22","115.37","2017-09-10 11:01:26.000000","2018-08-06 20:27:28.000000","115.37"
"91f0eec23d4a61d7d7caeefa3f0ad1ca","SC","11","11","2190.80","11","11","2190.80","354.46","199.16","2017-02-08 13:05:17.000000","2018-07-27 15:46:55.000000","199.16"
"0725b8c0f3f906e58f70cbe76b7c748c","SP","17","37","2190.30","16","36","2161.52","703.95","60.04","2017-01-20 17:23:00.000000","2018-08-07 17:41:54.000000","135.10"
"14a08204d03bb6b6bde8029f801ae0eb","SP","28","38","2185.40","28","38","2185.40","593.70","57.51","2018-03-15 20:13:55.000000","2018-08-20 20:02:22.000000","78.05"
"30c7f28fd3a5897b2c82d152bb760c17","RJ","7","7","2178.27","6","6","1849.38","311.09","308.23","2017-04-22 13:55:16.000000","2017-11-28 13:50:19.000000","308.23"
"8ca1551acf9832a4cf467bbbac15851f","PR","11","12","2176.40","11","12","2176.40","266.54","181.37","2018-02-27 12:04:55.000000","2018-08-15 17:18:49.000000","197.85"
"53d00c40e32aeb924a84ce72b1af869d","SP","17","17","2165.85","17","17","2165.85","296.22","127.40","2018-01-04 22:09:33.000000","2018-08-04 19:54:42.000000","127.40"
"2be17df1c49978426251562096c3cc09","SC","16","16","2165.00","16","16","2165.00","312.55","135.31","2017-01-17 16:58:06.000000","2018-06-30 20:39:53.000000","135.31"
"0ffa40d54288e4f3499b8780dd0f144f","SP","33","35","2162.80","33","35","2162.80","583.67","61.79","2018-01-10 08:52:43.000000","2018-05-11 10:49:37.000000","65.54"
"7fc87cc3e89b3d1d5cabdca32f8485aa","SP","14","14","2153.90","14","14","2153.90","681.92","153.85","2018-05-02 12:35:31.000000","2018-08-02 12:06:29.000000","153.85"
"72bc2cce903c872fe376a8faaa81d237","SP","17","18","2149.20","17","18","2149.20","255.77","119.40","2017-09-19 23:12:15.000000","2018-08-21 22:45:58.000000","126.42"
"b56906f7fd1696e043f1bcce164c487b","SP","40","42","2148.49","40","42","2148.49","846.93","51.15","2016-10-06 14:59:56.000000","2018-08-08 09:00:50.000000","53.71"
"373ee4a3a775a733770ca3f790b8b9ac","RJ","13","22","2141.49","13","22","2141.49","290.32","97.34","2017-02-06 18:57:19.000000","2018-05-08 14:23:15.000000","164.73"
"0ed6ce5d87fd9c69eaacaeb778d67235","SP","43","43","2141.42","42","42","2026.52","670.78","48.25","2017-10-05 17:40:46.000000","2018-08-21 11:40:08.000000","48.25"
"723cd880edaacdb998898b67c8f9da30","SP","11","12","2136.53","11","12","2136.53","413.10","178.04","2018-03-27 12:41:26.000000","2018-08-20 14:00:12.000000","194.23"
"f5f2ab9bdb6b30c14c61be68c5ed37da","SP","18","18","2134.68","18","18","2134.68","339.87","118.59","2016-10-05 22:53:45.000000","2017-12-04 19:12:17.000000","118.59"
"87d30a6a0cbf89356e49324971ab1d24","SP","17","17","2134.13","17","17","2134.13","215.78","125.54","2017-12-21 13:48:26.000000","2018-06-20 20:25:37.000000","125.54"
"9bcdfa7b615b3abb9461d9e3ad9886ae","SC","14","20","2126.07","14","20","2126.07","397.72","106.30","2017-01-31 21:14:52.000000","2018-04-16 20:07:14.000000","151.86"
"13074f016982ff2bd6c58ced8682f000","RS","14","15","2116.00","13","14","1977.00","775.66","141.21","2017-11-02 20:58:23.000000","2018-07-10 16:00:51.000000","152.08"
"8f78f0903005064036736c7173a5c2ed","MG","13","21","2113.70","13","21","2113.70","632.25","100.65","2017-04-12 11:35:01.000000","2018-07-29 22:38:20.000000","162.59"
"cf2384dd2f1dddea3f838efed0945e65","SP","16","16","2101.50","16","16","2101.50","433.44","131.34","2017-03-09 20:28:23.000000","2018-08-02 12:14:15.000000","131.34"
"ffdd9f82b9a447f6f8d4b91554cc7dd3","PR","18","20","2101.20","18","20","2101.20","727.46","105.06","2017-03-05 16:21:27.000000","2018-08-19 14:37:08.000000","116.73"
"e9511df20ccd82658a30c37b7fb343af","SP","22","30","2096.60","22","30","2096.60","726.50","69.89","2017-11-23 19:55:23.000000","2018-08-08 14:23:32.000000","95.30"
"3bfba5a77604f6dfae7e6dd7aaf65821","PR","4","4","2095.50","4","4","2095.50","122.69","523.88","2018-08-09 19:54:54.000000","2018-08-21 20:50:17.000000","523.88"
"7f7b8245c336066a1f9933c359f11d77","SP","38","43","2094.36","38","43","2094.36","535.87","48.71","2018-04-11 16:00:34.000000","2018-08-17 08:20:42.000000","55.11"
"8de8fe3af4449ed695d2434c933ed73e","SP","1","1","2090.00","1","1","2090.00","65.35","2090.00","2018-08-04 15:52:54.000000","2018-08-04 15:52:54.000000","2090.00"
"165b1235e9e9942cb5fae67103576fb0","SP","11","16","2085.15","11","16","2085.15","404.65","130.32","2018-05-20 08:41:02.000000","2018-08-19 07:41:33.000000","189.56"
"f7720c4fa8e3aba4546301ab80ea1f1b","PR","60","78","2083.45","59","77","2043.55","1317.24","26.54","2017-03-28 23:13:25.000000","2018-08-17 18:16:56.000000","34.64"
"e6a69c4a27dfdd98ffe5aa757ad744bc","SP","24","29","2076.20","21","23","508.51","275.83","22.11","2017-02-01 17:21:33.000000","2018-06-10 18:20:21.000000","24.21"
"6aa3928696eab49a19a466e665a649fd","RJ","18","22","2075.00","18","22","2075.00","335.68","94.32","2018-03-10 12:41:26.000000","2018-08-17 22:23:06.000000","115.28"
"082e0bf4cb865a6533b1e8e498cc0255","SP","11","23","2073.30","11","23","2073.30","991.03","90.14","2017-10-29 13:42:54.000000","2018-08-17 07:09:44.000000","188.48"
"6b536a23086fba0d58c08d68814397f6","RJ","19","23","2068.80","18","22","1996.80","359.74","90.76","2017-10-25 14:35:46.000000","2018-07-28 23:06:54.000000","110.93"
"e38db885400cd35c71dfd162f2c1dbcf","DF","30","32","2066.80","30","32","2066.80","670.75","64.59","2017-08-20 19:32:32.000000","2018-08-15 14:11:19.000000","68.89"
"ea65d8b58316a6f2362f2a9e4b3e86ad","SP","9","16","2061.40","9","16","2061.40","230.82","128.84","2018-03-01 16:43:57.000000","2018-08-25 12:13:10.000000","229.04"
"412a4720f3e9431b4afa1476a1acddbe","SP","21","22","2058.10","21","22","2058.10","511.06","93.55","2017-09-10 21:12:43.000000","2018-08-13 21:49:33.000000","98.00"
"dc8798cbf453b7e0f98745e396cc5616","SP","41","51","2056.30","35","43","1733.00","525.95","40.30","2016-10-05 00:32:31.000000","2017-11-06 21:04:43.000000","49.51"
"9449f25aeaf531019b76999ea49a6949","RJ","10","10","2046.45","9","9","1979.55","170.49","219.95","2017-06-08 22:00:07.000000","2018-04-18 09:23:18.000000","219.95"
"bc2ac6b95e1accce9858528ee566c17e","SP","18","22","2045.00","18","22","2045.00","234.56","92.95","2017-08-21 19:07:53.000000","2018-05-21 17:38:06.000000","113.61"
"c6381d2d013342748761e906d45aff76","RS","15","28","2042.98","15","28","2042.98","571.28","72.96","2017-10-31 23:50:58.000000","2018-07-25 01:12:50.000000","136.20"
"f41ce2e25237f9092cd8e6e7516c7a2f","SP","27","28","2030.90","26","27","1961.90","323.92","72.66","2016-10-07 14:42:07.000000","2017-12-18 14:55:09.000000","75.46"
"78c99c6dff4eeae5be99bf635ed21e3f","SP","31","39","2030.88","31","39","2030.88","664.89","52.07","2017-02-08 10:18:09.000000","2017-08-18 11:21:40.000000","65.51"
"71592660bbcb6a4664e97b6f8b68babc","SP","6","7","2027.18","6","7","2027.18","173.37","289.60","2018-02-16 19:32:22.000000","2018-07-31 20:47:41.000000","337.86"
"bf84056e679dbe9c69929847a40e338f","SP","36","40","2024.04","35","38","1918.08","438.50","50.48","2018-02-19 11:58:17.000000","2018-04-29 13:46:06.000000","54.80"
"4c8b8048e33af2bf94f2eb547746a916","SP","23","27","2020.73","19","23","1882.45","385.43","81.85","2017-08-22 16:50:10.000000","2018-08-24 21:17:00.000000","99.08"
"fac1a9017ade7bdc94058fc1c969f355","SP","9","10","2010.84","9","10","2010.84","212.07","201.08","2018-05-11 15:21:35.000000","2018-08-17 14:01:36.000000","223.43"
"1782ce2db72c3dda627d5e7c898104e1","SP","9","10","2010.80","9","10","2010.80","207.37","201.08","2017-02-06 10:13:04.000000","2018-05-05 16:45:11.000000","223.42"
"3a1a1fec38dd360f15fc912e821e169d","SP","15","15","2007.38","15","15","2007.38","371.25","133.83","2017-10-28 12:12:48.000000","2018-05-05 16:21:56.000000","133.83"
"2f09f7d37a97956d11cc1a7cadd5262b","SP","11","12","2005.00","7","8","625.00","126.91","78.13","2017-02-07 17:18:57.000000","2017-09-02 13:22:11.000000","89.29"
"116ccb1a1604bc88e4d234a8c23f33de","SP","61","73","2004.89","61","73","2004.89","943.44","27.46","2017-11-09 12:05:32.000000","2018-08-21 21:49:19.000000","32.87"
"d6ab728cf30867cf3f1a2e216ae2f9b7","SP","12","14","2002.00","12","14","2002.00","231.82","143.00","2018-03-12 09:49:18.000000","2018-08-21 15:43:35.000000","166.83"
"3d2531eccfbde1d7c8db7a3a12fb267a","MG","10","10","1999.54","10","10","1999.54","213.06","199.95","2018-04-24 10:19:45.000000","2018-08-19 18:34:21.000000","199.95"
"8ec76bb0965af3f007692b26fa9d6623","SC","1","1","1999.00","1","1","1999.00","29.75","1999.00","2017-11-17 15:31:37.000000","2017-11-17 15:31:37.000000","1999.00"
"17908cf9b444ee34047cadd5c0f4a516","GO","11","11","1993.99","11","11","1993.99","501.42","181.27","2017-09-21 21:02:09.000000","2018-08-11 22:01:59.000000","181.27"
"bf100ecb7997df312b285358fb32f92c","PR","20","21","1991.90","20","21","1991.90","345.11","94.85","2017-01-23 07:33:11.000000","2018-02-04 20:43:44.000000","99.60"
"c013e57c075a06e5b5c48ee03c525719","SP","42","45","1971.55","42","45","1971.55","857.11","43.81","2018-02-27 15:10:06.000000","2018-08-26 19:04:05.000000","46.94"
"91f5779a8731baca4809fdeade81803f","RJ","6","6","1971.46","6","6","1971.46","145.63","328.58","2017-11-14 18:14:55.000000","2018-04-09 21:48:58.000000","328.58"
"1690cada046eb7e92c12f98b1f8a8167","SP","11","11","1959.00","10","10","1760.00","232.91","176.00","2018-04-16 21:52:12.000000","2018-08-10 17:09:47.000000","176.00"
"93b9a99027bd8bd6af682aff18dd19bf","SP","20","21","1953.00","19","20","1916.00","450.79","95.80","2017-01-26 21:58:53.000000","2018-08-05 06:31:51.000000","100.84"
"6df688df543f90e9b38f4319e75a9d88","MG","40","56","1949.96","39","55","1891.76","769.44","34.40","2017-01-31 13:01:10.000000","2017-11-22 09:09:01.000000","48.51"
"272f092de69afedd4d2969440b37f18f","SP","26","40","1935.33","25","39","1846.33","528.13","47.34","2017-02-05 23:22:30.000000","2017-10-15 04:15:02.000000","73.85"
"4e5725ba188db8252977a4f0227bd462","SP","22","25","1930.59","21","24","1865.09","364.27","77.71","2018-02-20 18:27:39.000000","2018-05-25 23:56:57.000000","88.81"
"cd843d4cf8ef32827de0396605163ba3","MG","5","5","1915.00","5","5","1915.00","697.56","383.00","2017-07-28 10:36:12.000000","2018-08-13 16:25:25.000000","383.00"
"1b8b75e227c9a9c100d0c210fb6176ce","SP","19","19","1914.83","15","15","1444.87","203.62","96.32","2017-01-08 20:57:29.000000","2017-11-30 15:39:45.000000","96.32"
"9dda5bbacd45e18d6485fee649205d09","MG","19","22","1912.60","19","22","1912.60","506.73","86.94","2017-03-27 16:26:18.000000","2018-08-07 11:29:30.000000","100.66"
"f5f1f2c5f923f36ad79ea1d07185ddc9","SP","12","13","1912.15","10","11","1517.77","173.73","137.98","2018-02-22 14:47:02.000000","2018-04-04 18:42:39.000000","151.78"
"901b460cdce0c64e471230d7f2f9f3a3","RS","5","5","1904.00","5","5","1904.00","108.56","380.80","2017-10-18 20:37:23.000000","2018-07-15 07:05:30.000000","380.80"
"e2c92f9c1c7746d899d18f2e158bbff7","SP","14","14","1894.70","12","12","1641.90","314.40","136.83","2018-04-23 09:49:26.000000","2018-08-07 16:05:28.000000","136.83"
"112453736dbe3889cfb74e1aaa0ba0c1","SP","7","14","1890.00","7","14","1890.00","264.77","135.00","2018-06-13 09:39:17.000000","2018-08-18 20:19:40.000000","270.00"
"5ab05b6d86d417796c69ffd6774ec832","SP","10","12","1886.10","10","12","1886.10","256.75","157.18","2017-01-20 21:20:07.000000","2018-08-26 12:38:57.000000","188.61"
"65b081a070633e057c462abdd6fb9dd8","GO","19","20","1885.09","19","20","1885.09","441.58","94.25","2017-10-26 12:25:47.000000","2018-05-07 17:39:18.000000","99.22"
"5debea795b07621e1f90532e18f96145","PR","25","33","1883.78","25","33","1883.78","504.35","57.08","2017-10-21 11:29:06.000000","2018-08-15 07:41:09.000000","75.35"
"7ade73f1b9b4e965f9009a4c3a7e2c15","SP","27","28","1880.30","26","27","1835.30","439.45","67.97","2018-04-13 14:54:22.000000","2018-08-11 13:27:25.000000","70.59"
"e24d3429d294b2eb200b064ebb035879","SP","19","22","1878.58","19","22","1878.58","372.12","85.39","2018-06-25 09:22:58.000000","2018-08-26 04:53:46.000000","98.87"
"5b33b527da3c5b969cc99dc435cad09a","PR","16","17","1872.79","16","17","1872.79","365.55","110.16","2017-01-29 00:31:42.000000","2018-08-11 18:52:49.000000","117.05"
"392e0502231ae2f8b29994ef6398cd77","SP","20","20","1871.70","17","17","1572.90","309.89","92.52","2017-01-09 21:40:42.000000","2018-03-04 13:42:37.000000","92.52"
"95ec4458365c4d11f452ccf538377619","SP","27","31","1866.76","27","31","1866.76","436.67","60.22","2018-01-16 13:33:04.000000","2018-08-20 09:18:49.000000","69.14"
"0417b067eeab773d2f7061a726dc477f","SC","13","13","1859.18","13","13","1859.18","642.57","143.01","2018-03-01 20:13:18.000000","2018-08-20 12:38:56.000000","143.01"
"c8467937e403e76a8ee9f0ab13f6f5ef","MG","30","33","1853.79","30","33","1853.79","588.95","56.18","2017-09-21 15:17:42.000000","2018-08-13 20:11:13.000000","61.79"
"4b1eaadf791bdbbad8c4a35b65236d52","SP","8","8","1849.79","5","5","960.09","68.95","192.02","2016-10-04 09:16:33.000000","2017-03-18 16:32:13.000000","192.02"
"a4bd6e9adf39b63f43dc545d3ca1f53d","RJ","4","5","1848.59","4","5","1848.59","112.38","369.72","2017-04-15 09:42:38.000000","2018-05-03 10:34:01.000000","462.15"
"74bafed391319577bce6f4d2acc0589a","SP","3","3","1847.00","3","3","1847.00","237.73","615.67","2017-09-16 22:28:50.000000","2018-04-16 20:20:19.000000","615.67"
"d97df38225e5abadaff1e72cb72b823c","SP","29","29","1846.00","28","28","1776.00","501.55","63.43","2017-11-03 16:38:02.000000","2018-08-08 17:25:12.000000","63.43"
"a36b125ac6d5fdbc7f50de85c9157bdc","SP","24","26","1843.64","23","25","1793.65","373.89","71.75","2016-10-10 09:23:48.000000","2018-08-04 10:42:49.000000","77.98"
"ffeee66ac5d5a62fe688b9d26f83f534","SP","14","14","1839.86","14","14","1839.86","419.69","131.42","2017-09-30 15:56:56.000000","2018-05-14 08:55:22.000000","131.42"
"6a38087bc8ad4f89ff453561005f6dea","GO","15","22","1833.43","15","22","1833.43","547.92","83.34","2018-05-18 10:34:41.000000","2018-08-17 12:56:21.000000","122.23"
"c679fb69a36e1d8349e8c50a217b4d58","RS","14","17","1825.68","14","17","1825.68","388.21","107.39","2018-07-22 21:45:44.000000","2018-08-20 15:12:17.000000","130.41"
"5075aaa8404020ae6aa8bf4792099b41","MG","13","23","1822.80","10","15","1572.88","299.27","104.86","2017-03-16 10:22:52.000000","2018-01-13 19:23:28.000000","157.29"
"729b2d09b2a0bdab221076327f13d050","SP","49","61","1822.11","48","60","1805.21","934.70","30.09","2017-11-14 17:32:32.000000","2018-08-21 12:27:17.000000","37.61"
"55bb6fe5bebe5012e2d7d9928e1128ff","SP","15","16","1816.55","15","16","1816.55","576.47","113.53","2018-01-20 21:20:55.000000","2018-07-30 13:35:11.000000","121.10"
"a5a1bfcf728ab0e19182959cf0771ee4","SP","21","24","1812.96","21","24","1812.96","347.89","75.54","2018-01-07 21:45:04.000000","2018-08-20 22:09:12.000000","86.33"
"5b85809efd0d0e4dea1a9544e1280ed9","SP","12","14","1804.60","12","14","1804.60","292.76","128.90","2018-05-16 23:08:51.000000","2018-08-20 14:02:55.000000","150.38"
"411f3b52d857390502ee4e4d5ceabc2d","SP","21","30","1804.01","21","30","1804.01","378.71","60.13","2018-04-09 18:48:29.000000","2018-08-22 01:27:49.000000","85.91"
"7fdb0720c8d7c9075538b365dc8c3a22","PR","9","10","1804.00","9","10","1804.00","484.31","180.40","2018-04-21 11:38:28.000000","2018-07-22 20:00:05.000000","200.44"
"2ff6b7bff164ef05590a52734e1296da","PR","7","7","1803.59","7","7","1803.59","151.53","257.66","2017-11-01 21:31:57.000000","2018-05-11 09:30:22.000000","257.66"
"15fa791d5e017f66402dc28c44480657","SP","8","8","1802.00","8","8","1802.00","181.29","225.25","2018-02-16 14:52:20.000000","2018-06-12 21:05:23.000000","225.25"
"c3e1abd72a42fe690fcd89cf5720fe29","SP","13","13","1798.61","13","13","1798.61","168.97","138.35","2018-05-22 19:45:11.000000","2018-08-13 13:36:58.000000","138.35"
"1976a05ecf2996d6ffb7b5430e635fe7","SP","8","9","1796.20","8","9","1796.20","394.46","199.58","2017-02-25 11:11:52.000000","2017-09-12 16:06:10.000000","224.53"
"dfc475d54e1b6dbeeb7d7d9bdaa63827","PR","19","21","1793.76","18","20","1708.37","413.76","85.42","2018-02-21 14:30:22.000000","2018-08-24 13:04:05.000000","94.91"
"5b581417df4480f632484ba681e53944","SC","12","13","1790.60","11","12","1641.60","572.41","136.80","2017-07-19 23:37:44.000000","2018-01-29 19:03:39.000000","149.24"
"406740ee611378a662d274c7d8c43c4a","ES","8","10","1790.00","8","10","1790.00","182.08","179.00","2018-03-08 17:10:28.000000","2018-04-13 13:04:33.000000","223.75"
"fa3a0b5aabb344b9a92e3524b0202123","SP","7","7","1789.00","7","7","1789.00","164.41","255.57","2018-01-26 00:09:45.000000","2018-06-16 21:53:42.000000","255.57"
"81783131d2a97c8d44d406a4be81b5d9","SP","13","15","1782.54","8","9","761.84","113.15","84.65","2018-07-27 13:06:11.000000","2018-08-15 10:06:15.000000","95.23"
"293dee954235e4e4e43f129313625ebe","DF","8","8","1778.92","8","8","1778.92","240.30","222.37","2017-10-11 10:22:56.000000","2018-01-16 16:01:28.000000","222.37"
"07bf9669d84d1f11be443a9dd938f698","SP","18","24","1776.00","18","24","1776.00","646.22","74.00","2017-03-08 16:34:25.000000","2018-06-27 09:01:34.000000","98.67"
"3481aa57cd91f9f9d3fa1fa12d9a3bf7","SP","25","25","1773.03","25","25","1773.03","774.14","70.92","2016-10-04 09:06:10.000000","2017-08-22 11:02:26.000000","70.92"
"ca4b77513ac2040591b0d8fae6958380","SP","14","15","1772.45","14","15","1772.45","201.17","118.16","2018-07-15 13:52:04.000000","2018-08-22 10:28:17.000000","126.60"
"d5b9a084373da994a6e37f732169a853","SP","7","7","1769.00","7","7","1769.00","176.29","252.71","2018-01-20 21:21:28.000000","2018-05-07 22:23:50.000000","252.71"
"3ca08eeb8d5595949fed424bd3677742","PR","14","14","1768.87","13","13","1688.88","449.10","129.91","2017-05-11 16:20:58.000000","2018-01-08 13:00:00.000000","129.91"
"c8417879a15366a17c30af34c798c332","SP","26","36","1767.90","25","35","1734.70","458.15","49.56","2017-02-22 10:49:34.000000","2017-09-28 20:11:40.000000","69.39"
"f63d8f293af3a6454377546bd9dd19ff","SP","17","28","1751.82","17","28","1751.82","495.13","62.57","2017-05-14 14:59:05.000000","2018-02-13 16:01:40.000000","103.05"
"cb810bd318f51b3dc3c753944d61a1fa","RJ","1","1","1750.00","1","1","1750.00","39.02","1750.00","2018-08-16 15:02:31.000000","2018-08-16 15:02:31.000000","1750.00"
"dd4d95ba2d15c071e6c695e2ef6ce169","ES","4","4","1748.00","4","4","1748.00","214.41","437.00","2018-07-08 17:12:30.000000","2018-08-12 13:03:21.000000","437.00"
"4bf658053d453036c70976bccb2c31b2","SP","2","2","1742.99","2","2","1742.99","81.57","871.50","2017-04-15 12:11:01.000000","2017-05-18 12:26:29.000000","871.50"
"198c7ea11960a9844b544d9bcdca860c","MG","25","25","1733.75","25","25","1733.75","491.63","69.35","2017-01-26 13:14:02.000000","2017-08-22 22:19:38.000000","69.35"
"6ddc28b61be28373b4503a1f61cf98a9","SP","11","11","1732.90","11","11","1732.90","167.19","157.54","2018-06-14 17:31:48.000000","2018-08-15 18:14:08.000000","157.54"
"c5f7feb04a6a1fb3596322bfc3cf1917","SP","11","11","1720.60","11","11","1720.60","337.86","156.42","2018-06-14 16:20:35.000000","2018-08-17 09:07:53.000000","156.42"
"d3674f271c91f824f82d24d92011f669","DF","20","20","1718.30","20","20","1718.30","383.52","85.92","2017-07-07 13:26:33.000000","2018-08-12 20:53:01.000000","85.92"
"a70e9066dbfd10b6b97a3f54a1356762","PR","2","4","1716.00","2","4","1716.00","311.40","429.00","2017-04-25 13:46:24.000000","2017-11-20 18:11:00.000000","858.00"
"8378eb36b6b70c5734e83ad7b8cdc3b7","SC","7","13","1714.80","7","13","1714.80","241.87","131.91","2017-12-20 10:19:57.000000","2018-07-02 21:10:53.000000","244.97"
"7139dc5186aa238b006e066d8fbab2e4","SP","22","24","1712.00","22","24","1712.00","535.93","71.33","2018-01-29 11:30:46.000000","2018-08-02 12:05:29.000000","77.82"
"656591be56071d4c9ef4e5fee78a578a","SP","7","11","1702.00","7","11","1702.00","319.20","154.73","2017-03-06 13:59:02.000000","2017-05-07 12:50:03.000000","243.14"
"6b1c4d4d9ccf0be3d8544eb0e71e5318","RS","1","1","1699.00","1","1","1699.00","60.04","1699.00","2018-03-21 14:29:14.000000","2018-03-21 14:29:14.000000","1699.00"
"f235413f677777a0738ff215d0184901","SP","3","3","1696.70","2","2","1191.98","55.83","595.99","2017-01-16 18:36:49.000000","2017-01-23 19:32:40.000000","595.99"
"1dfe5347016252a7884b694d4f10f5c4","SP","21","27","1693.50","20","26","1632.50","420.04","62.79","2017-10-28 15:55:01.000000","2018-04-08 22:20:03.000000","81.63"
"731ef20c231d9a7103a425e83fd91271","SC","2","3","1692.00","2","3","1692.00","505.60","564.00","2017-10-28 16:27:50.000000","2017-10-28 20:52:15.000000","846.00"
"f9903dd0f812c7e771fcad47b6fff231","SC","10","15","1684.85","10","15","1684.85","416.63","112.32","2017-11-15 10:43:50.000000","2018-08-20 14:34:51.000000","168.49"
"3935fe5fe0f82787a9dcb8deb62be09d","SP","16","17","1681.69","16","17","1681.69","419.66","98.92","2018-04-17 09:59:30.000000","2018-08-24 16:08:33.000000","105.11"
"44f091b5abab8018f682fce8124b85e5","SP","6","6","1680.10","3","3","354.40","34.78","118.13","2017-09-11 07:12:41.000000","2017-11-13 11:16:06.000000","118.13"
"bafc5aa11e413978be29040f51342e70","MG","9","9","1679.55","9","9","1679.55","149.92","186.62","2017-12-04 19:43:40.000000","2018-01-25 09:28:33.000000","186.62"
"e64d65bc8dbec2accda90c58de5d1246","SP","12","12","1678.80","12","12","1678.80","221.16","139.90","2017-11-19 13:57:09.000000","2018-03-15 09:38:31.000000","139.90"
"0b18d63d0cd1d723567903fd34a07df2","SP","9","14","1678.14","9","14","1678.14","265.89","119.87","2017-04-11 14:30:03.000000","2018-06-12 23:52:24.000000","186.46"
"0ac4201fda2c68ebc0e47cb9423cf3c9","SP","13","14","1676.88","13","14","1676.88","233.99","119.78","2017-06-19 08:18:34.000000","2018-06-17 13:20:11.000000","128.99"
"1dc2de47ee26a0a5b12dc14fd6dc0dea","SP","25","27","1670.30","25","27","1670.30","617.20","61.86","2018-02-01 09:48:31.000000","2018-08-22 14:19:39.000000","66.81"
"77fccaae319668a8ab6cd0fd16aec48c","RJ","11","12","1667.00","11","12","1667.00","221.44","138.92","2018-05-13 16:45:22.000000","2018-07-30 15:38:45.000000","151.55"
"7586919161935337bf6b6d7ff5779648","RJ","11","18","1664.71","11","18","1664.71","330.22","92.48","2017-06-30 09:06:16.000000","2018-03-20 11:03:07.000000","151.34"
"5f67c6082caacb26e431a7b17940cece","PR","13","14","1662.60","13","14","1662.60","208.43","118.76","2018-02-14 10:07:30.000000","2018-08-06 22:01:08.000000","127.89"
"53b0300ca793f9834cd69c0678d35ee8","SP","5","10","1662.15","5","10","1662.15","137.31","166.22","2017-11-18 16:05:19.000000","2018-07-30 12:08:24.000000","332.43"
"a1040efe9ff4a6f93c28b0499eada8f5","SP","1","1","1658.83","1","1","1658.83","34.48","1658.83","2018-02-03 14:07:04.000000","2018-02-03 14:07:04.000000","1658.83"
"25cf099de44674fde97473224f9d59ab","SP","50","50","1654.36","50","50","1654.36","705.19","33.09","2017-06-06 11:52:48.000000","2018-08-25 21:53:15.000000","33.09"
"df0f42bc4c2142eacf0eaf2cffd0cfbb","SC","14","16","1654.00","14","16","1654.00","292.45","103.38","2017-11-19 21:30:09.000000","2018-07-15 01:16:15.000000","118.14"
"b2a6d334e2833acea353624840e25a0e","SP","25","26","1650.98","25","26","1650.98","387.61","63.50","2017-08-05 18:56:35.000000","2018-06-05 01:26:41.000000","66.04"
"26e2c91ef821e1ff8985f408788fe35b","SP","12","14","1649.40","12","14","1649.40","274.47","117.81","2018-02-20 09:43:30.000000","2018-07-24 16:11:14.000000","137.45"
"ffc470761de7d0232558ba5e786e57b7","SP","28","31","1649.01","27","30","1529.13","421.09","50.97","2018-02-20 18:47:21.000000","2018-08-17 20:31:07.000000","56.63"
"edc518ba25576a0188a0e8f2c3af186f","SP","6","8","1647.39","6","8","1647.39","262.16","205.92","2018-06-30 20:06:44.000000","2018-08-20 13:02:40.000000","274.57"
"0887a9f087bcd5d9f6642b52f897fc6c","SP","12","12","1642.00","12","12","1642.00","220.35","136.83","2017-02-02 15:22:02.000000","2017-08-05 13:51:38.000000","136.83"
"7a2d2949aea47fab95fd98d6c9f618b1","PR","11","12","1638.99","11","12","1638.99","211.24","136.58","2017-02-04 23:28:25.000000","2018-06-25 20:15:05.000000","149.00"
"2a6fbeaa7ab9e5d59a35841a8da71ce4","SC","30","30","1632.79","30","30","1632.79","632.49","54.43","2017-03-08 15:46:42.000000","2018-07-01 09:42:35.000000","54.43"
"9b00ed88b7fdb95d6ff76e27c1b52d16","SP","47","51","1627.88","46","50","1567.88","567.80","31.36","2017-08-25 23:02:45.000000","2018-07-07 23:41:08.000000","34.08"
"3092c0b297aacfb4bb6e056ebe13b9b8","SP","19","21","1623.90","16","17","1184.30","313.98","69.66","2018-01-18 22:44:34.000000","2018-06-29 09:18:48.000000","74.02"
"f1ed6bd0a9b11b581f16c851c6a5a527","RS","17","18","1622.77","17","18","1622.77","373.81","90.15","2017-03-04 21:08:40.000000","2018-05-19 00:41:02.000000","95.46"
"15cd6eefe58588619aaed41dfa6621b1","MG","16","18","1622.74","16","18","1622.74","566.12","90.15","2017-07-17 21:44:27.000000","2018-05-12 17:35:56.000000","101.42"
"b0f2a6122a90a93eb03e68653dd960e3","PR","6","7","1620.30","6","7","1620.30","137.98","231.47","2018-04-28 17:05:06.000000","2018-08-08 16:54:04.000000","270.05"
"013900e863eace745d3ec7614cab5b1a","PR","23","26","1619.70","23","26","1619.70","469.67","62.30","2017-03-04 10:02:28.000000","2018-04-13 16:35:16.000000","70.42"
"02c988090b766852e088c69d7fb3b551","SP","13","17","1618.65","12","16","1564.37","206.57","97.77","2017-07-21 17:52:29.000000","2018-08-15 09:44:30.000000","130.36"
"d354c38a7182125a748cb10474fe963b","RJ","18","20","1610.33","17","19","1500.34","293.37","78.97","2017-05-02 17:07:34.000000","2018-03-08 19:03:20.000000","88.26"
"8daab2245ebdc277c51098d01c5ad8ef","SP","16","16","1604.59","16","16","1604.59","284.05","100.29","2018-04-04 22:25:36.000000","2018-08-22 13:49:40.000000","100.29"
"427165bf50f8ca07efc7bdc2bfcf1688","SP","5","5","1603.50","5","5","1603.50","89.40","320.70","2018-04-05 22:19:06.000000","2018-04-26 18:02:59.000000","320.70"
"7813ea3ebd9411dc600b4dd01f7a97b9","SP","9","9","1599.40","9","9","1599.40","146.59","177.71","2017-08-03 17:22:24.000000","2018-06-07 12:57:35.000000","177.71"
"850857dfac77488c307e2b1cbd84ab5a","PR","1","1","1599.00","1","1","1599.00","39.72","1599.00","2018-06-12 21:05:40.000000","2018-06-12 21:05:40.000000","1599.00"
"8a1ff5c35f6595a73fef4c7b96e4908a","PR","2","2","1598.00","2","2","1598.00","284.80","799.00","2018-06-09 11:41:45.000000","2018-08-01 11:56:01.000000","799.00"
"081acf3de680d554796c9cf041be7bc2","MG","4","8","1597.30","4","8","1597.30","205.50","199.66","2017-11-27 14:39:18.000000","2018-05-23 18:30:11.000000","399.33"
"41b86b552e54e3a7009596125aa8b167","SP","10","11","1595.30","10","11","1595.30","234.61","145.03","2017-03-20 18:47:14.000000","2017-04-09 19:12:02.000000","159.53"
"8a2d12a90e92f012ce5226fc6592b653","PR","18","18","1594.65","18","18","1594.65","338.97","88.59","2017-12-23 13:03:06.000000","2018-08-24 00:01:48.000000","88.59"
"39d54ff918774174706fb065d7f9dc07","SP","23","25","1593.59","22","24","1554.69","348.03","64.78","2017-11-25 17:36:18.000000","2018-07-24 09:09:25.000000","70.67"
"70f84699be677ec988d1fa824aef7d90","MG","5","5","1588.30","5","5","1588.30","116.14","317.66","2017-04-11 14:43:04.000000","2018-07-18 21:15:01.000000","317.66"
"845e8036c3f7bf62099352f5ed910240","RJ","21","24","1584.60","21","24","1584.60","460.64","66.03","2018-05-25 22:07:54.000000","2018-08-24 16:35:15.000000","75.46"
"f3c38ab652836d21de61fb8314b69182","SP","15","15","1581.00","15","15","1581.00","247.59","105.40","2018-04-11 13:05:11.000000","2018-08-06 17:54:58.000000","105.40"
"134285d1f41da5c13a756ee8142c8a4e","SP","3","4","1572.70","3","4","1572.70","80.93","393.18","2018-06-10 13:27:42.000000","2018-08-16 21:31:19.000000","524.23"
"1660ad786c27fd935378b6192a90b417","SP","12","13","1570.00","12","13","1570.00","248.28","120.77","2017-08-17 10:06:55.000000","2018-07-22 17:19:08.000000","130.83"
"c4fb51fb1c5b7c07bc5e67be6e7e8f6e","PR","15","16","1567.90","15","16","1567.90","558.71","97.99","2017-07-24 13:37:49.000000","2018-08-12 18:23:47.000000","104.53"
"47648caee88ccfe951fbb27fbf7b4cbe","SP","3","3","1564.99","3","3","1564.99","68.00","521.66","2018-04-03 09:43:42.000000","2018-05-21 19:01:41.000000","521.66"
"8b87cd0d43d49b9bdf40f56229364d59","SP","5","5","1552.90","2","2","729.00","135.88","364.50","2017-10-10 00:45:51.000000","2017-11-07 22:12:52.000000","364.50"
"817f85dbb65aa3e70831d90fe75cdf89","SP","11","11","1552.27","11","11","1552.27","231.62","141.12","2016-10-03 22:44:10.000000","2017-03-15 12:25:24.000000","141.12"
"0eaa7e33d73809f1f925f7d07c506cbd","SP","15","15","1552.00","15","15","1552.00","194.90","103.47","2017-04-10 10:28:48.000000","2018-08-27 17:01:43.000000","103.47"
"3785b653b1b82de85ab47dd139938091","PR","21","24","1552.00","21","24","1552.00","481.27","64.67","2017-08-24 11:34:24.000000","2018-08-01 22:44:09.000000","73.90"
"fe701d88b67eaca109dffd464d1be9f9","RJ","11","11","1548.90","10","10","1359.00","219.02","135.90","2017-11-21 23:13:30.000000","2018-07-24 14:11:22.000000","135.90"
"78a4d36f65a019172c6154468831a69f","SP","7","7","1545.50","7","7","1545.50","223.40","220.79","2017-10-20 00:43:54.000000","2017-12-08 16:15:26.000000","220.79"
"49cdc90518a4f82676b38b3c1aa43ff6","SP","5","5","1539.50","5","5","1539.50","82.61","307.90","2018-06-11 11:10:56.000000","2018-08-28 17:39:38.000000","307.90"
"06bb3a2fe5e7b7a845b13e8fb91bd944","MG","17","18","1536.19","17","18","1536.19","326.14","85.34","2017-09-11 08:09:15.000000","2018-07-04 22:45:03.000000","90.36"
"cbf09e831b0c11f6f23ffb51004db972","SP","10","10","1535.20","10","10","1535.20","280.20","153.52","2018-05-03 11:21:25.000000","2018-08-21 17:40:41.000000","153.52"
"3a490ba60afa30ece0e7d50cfe74a4f0","MG","8","8","1529.20","8","8","1529.20","165.87","191.15","2017-04-12 23:50:54.000000","2017-12-18 18:30:40.000000","191.15"
"5bf397d04035b5f45cc41e82ec106803","SP","3","4","1525.00","3","4","1525.00","47.28","381.25","2018-05-08 22:04:11.000000","2018-07-02 16:45:00.000000","508.33"
"3586b8580d9c917874e053a1bb37b5ff","SP","36","43","1524.70","36","43","1524.70","827.65","35.46","2017-05-05 11:25:20.000000","2018-08-12 23:05:02.000000","42.35"
"01bcc9d254a0143f0ce9791b960b2a47","GO","11","11","1521.21","10","10","1393.21","251.48","139.32","2017-08-12 16:25:03.000000","2018-02-02 10:03:35.000000","139.32"
"1ca4bdb0cd7fc48e949bac066188ed26","MG","4","4","1520.00","3","3","1140.00","363.45","380.00","2018-03-22 14:08:52.000000","2018-07-09 08:54:35.000000","380.00"
"a7c88262832dfc683781d6a421edefae","SP","5","5","1520.00","5","5","1520.00","82.42","304.00","2017-03-13 17:02:01.000000","2018-02-12 22:54:10.000000","304.00"
"5b97c06a046398e7005b2b7c0d707a92","MG","4","4","1519.96","3","3","1139.97","198.44","379.99","2017-05-31 21:22:31.000000","2017-07-27 12:29:26.000000","379.99"
"866558b3bccef2dbc6d29a2b5995016f","PR","5","6","1519.40","5","6","1519.40","351.35","253.23","2017-10-22 14:36:12.000000","2018-07-20 17:57:36.000000","303.88"
"094ced053e257ae8cae57205592d6712","SP","19","19","1519.20","19","19","1519.20","459.03","79.96","2018-04-04 20:43:55.000000","2018-07-30 10:59:07.000000","79.96"
"2a61c271b1ac763450d846849783e922","SP","18","23","1516.76","17","22","1486.77","482.27","67.58","2017-09-12 16:17:32.000000","2018-02-16 13:43:28.000000","87.46"
"1dd33b8119b3cb1056ed5dc88cd0aaf4","SP","8","8","1513.00","8","8","1513.00","128.74","189.13","2017-11-09 13:49:13.000000","2018-02-14 12:20:44.000000","189.13"
"a23266650e7c84bb93fbbba502137478","RS","11","16","1512.40","11","16","1512.40","279.04","94.53","2017-08-04 13:52:59.000000","2017-12-29 18:39:33.000000","137.49"
"6eb94e1466490d327a09abf8f3552a50","SP","10","10","1511.95","9","9","1372.95","214.27","152.55","2018-05-16 17:09:56.000000","2018-08-23 13:05:40.000000","152.55"
"9b522ba7eae9e1d04082f267144583cc","SP","4","6","1507.60","3","5","1478.60","132.95","295.72","2017-05-17 18:00:42.000000","2018-04-10 21:00:52.000000","492.87"
"b33aaadd1a8891d2dfef0c4c3bdf0371","SP","16","17","1504.00","16","17","1504.00","359.04","88.47","2018-01-12 10:45:12.000000","2018-06-21 12:44:54.000000","94.00"
"714b9a1332840f257b49f476bea4e341","SP","6","6","1499.94","6","6","1499.94","158.15","249.99","2018-01-08 11:48:47.000000","2018-03-24 15:11:38.000000","249.99"
"9a03a4e9eb0b947652fae4f6121a3f5e","SP","7","7","1497.00","7","7","1497.00","185.22","213.86","2018-01-02 12:52:36.000000","2018-08-06 14:32:47.000000","213.86"
"02dcd3e8e25bee036e32512bcf175493","MG","14","17","1491.90","13","15","1341.90","281.59","89.46","2018-02-21 20:55:22.000000","2018-08-22 16:20:30.000000","103.22"
"c7b7db6c8f3c64a7cc1afa634db21d50","SP","1","1","1489.00","1","1","1489.00","22.86","1489.00","2018-03-11 10:27:45.000000","2018-03-11 10:27:45.000000","1489.00"
"431050a06a317f2b38168dec3dcd2b46","SP","12","12","1487.80","10","10","1370.00","206.15","137.00","2018-04-28 23:02:40.000000","2018-07-31 14:01:47.000000","137.00"
"659e8466eb3ff1b0e8740d74fb7bbedd","BA","11","14","1486.80","11","14","1486.80","393.20","106.20","2017-05-18 04:17:44.000000","2018-05-06 19:27:01.000000","135.16"
"b6e1504972665f739dec4facb9943775","SP","14","14","1484.48","14","14","1484.48","225.89","106.03","2017-05-22 21:17:02.000000","2018-03-26 12:35:07.000000","106.03"
"9da1ca0bef29ee170e541927a5aeabdc","SP","6","6","1484.40","6","6","1484.40","127.63","247.40","2017-06-17 18:33:32.000000","2017-09-25 12:24:16.000000","247.40"
"52f0fe436a347ddad7ed5f9aa4e27eaa","SP","21","23","1484.37","19","21","1452.49","436.34","69.17","2018-01-22 15:54:09.000000","2018-05-18 11:23:17.000000","76.45"
"f918546be4bec7104d117789ba758b2b","SP","20","23","1483.00","20","23","1483.00","347.15","64.48","2017-12-05 09:22:52.000000","2018-06-26 15:07:53.000000","74.15"
"6806dad1da97bfb5a9038eac6881f706","PR","10","14","1477.00","10","14","1477.00","306.26","105.50","2017-12-28 18:59:26.000000","2018-08-22 18:32:39.000000","147.70"
"4d232b78ab7ef10393dc3807d827bc0d","MG","5","5","1475.00","5","5","1475.00","214.99","295.00","2018-07-22 14:07:35.000000","2018-08-15 20:14:22.000000","295.00"
"e256a62e0ac58c0edfba09966142d561","PR","12","14","1474.11","12","14","1474.11","335.44","105.29","2018-04-15 18:43:59.000000","2018-07-30 09:37:39.000000","122.84"
"5e105f5c9f63f5f1fd75d6cb942e55b1","SP","8","8","1471.90","8","8","1471.90","273.83","183.99","2018-05-20 11:35:23.000000","2018-08-25 11:42:43.000000","183.99"
"e7f3bf1ecd8526eb7f3b18059e6716e5","SP","18","19","1471.54","17","18","1382.04","260.77","76.78","2017-02-28 17:39:47.000000","2017-09-19 00:03:56.000000","81.30"
"d1ef48b38baca7e831711c4a0aeb398f","PR","29","35","1469.12","28","34","1439.13","652.64","42.33","2018-02-23 12:26:34.000000","2018-07-25 21:14:25.000000","51.40"
"7ecd59e5e20407131822c1a68ac59c1f","DF","24","29","1466.71","24","29","1466.71","587.81","50.58","2017-11-29 10:51:21.000000","2018-08-03 15:30:58.000000","61.11"
"01ed254b9ff8407dfb9d99ba1e17d923","SP","5","5","1465.99","5","5","1465.99","67.72","293.20","2017-08-04 10:33:43.000000","2017-11-08 20:24:38.000000","293.20"
"4ba52dfeba874da5b9ee7b17c7494f04","SP","11","11","1463.00","11","11","1463.00","204.91","133.00","2017-07-31 15:18:44.000000","2017-10-23 18:48:32.000000","133.00"
"1284de4ae8aa26997e748c851557cf0e","SP","3","3","1459.97","3","3","1459.97","86.87","486.66","2017-05-11 18:46:35.000000","2017-10-18 11:41:18.000000","486.66"
"5145090ab595c0d0b8557199f5701fbf","PR","4","4","1459.60","4","4","1459.60","197.85","364.90","2018-03-15 16:04:46.000000","2018-06-09 21:53:29.000000","364.90"
"97512d3fc193b2d1dfcdba0f9d1f0f8a","SP","12","13","1458.87","12","13","1458.87","341.55","112.22","2018-03-20 10:20:27.000000","2018-08-18 16:49:58.000000","121.57"
"d7827b2af99326a03b0ed9c7a24db0d3","SP","1","1","1455.00","1","1","1455.00","101.70","1455.00","2018-04-12 19:18:18.000000","2018-04-12 19:18:18.000000","1455.00"
"a414555ce331b8c8aea4a9cb8395194d","SP","7","8","1450.95","7","8","1450.95","242.64","181.37","2018-03-10 15:31:45.000000","2018-05-04 14:46:10.000000","207.28"
"0ad80de75c811326389cfb1daba7d45e","RJ","6","6","1449.40","6","6","1449.40","115.32","241.57","2017-10-19 08:38:00.000000","2018-01-05 20:37:59.000000","241.57"
"2dcf93836ae3ce0d7c93e2f10876467a","SP","9","12","1443.80","9","12","1443.80","178.64","120.32","2018-06-23 14:16:49.000000","2018-08-07 20:29:36.000000","160.42"
"dace965ca58120f92f8d742a9fa1864b","SP","8","8","1442.00","8","8","1442.00","131.77","180.25","2018-03-25 18:37:26.000000","2018-05-19 16:18:30.000000","180.25"
"66fd84ee7528c0c0de85d0f44a73d5ab","RS","11","21","1438.11","11","21","1438.11","453.19","68.48","2017-03-22 14:05:51.000000","2017-07-28 10:24:45.000000","130.74"
"5b0cc932433fa5184b5b94bfe6bcc256","SP","12","17","1437.80","12","17","1437.80","556.29","84.58","2018-06-20 15:02:35.000000","2018-08-05 21:34:54.000000","119.82"
"3771c85bac139d2344864ede5d9341e3","SP","26","30","1433.30","26","30","1433.30","408.96","47.78","2017-05-25 16:39:50.000000","2017-12-12 22:53:35.000000","55.13"
"ec933281fb017b5020d06df29c3f77e8","SP","8","8","1432.00","8","8","1432.00","230.85","179.00","2017-10-16 10:45:42.000000","2018-07-30 21:21:05.000000","179.00"
"c5f7e746b7e6d07def6c0dae9903279b","PR","10","11","1429.00","10","11","1429.00","229.92","129.91","2018-04-15 18:59:34.000000","2018-08-22 22:36:53.000000","142.90"
"0aea4c6ae1505b3228ddf3dd7822ee5b","SP","8","8","1427.91","8","8","1427.91","151.75","178.49","2017-10-09 20:23:13.000000","2018-04-30 07:04:12.000000","178.49"
"ffff564a4f9085cd26170f4732393726","SP","20","20","1426.30","8","8","359.00","115.35","44.88","2016-10-07 17:37:49.000000","2017-01-24 12:38:48.000000","44.88"
"d9a84e1403de8da0c3aa531d6d108ba6","SP","54","59","1425.20","53","58","1385.30","723.85","23.88","2018-02-22 15:13:31.000000","2018-08-28 09:18:17.000000","26.14"
"adcf50477d6a1f5d91bb9d54c4903cb5","MG","19","38","1425.14","16","31","981.86","615.77","31.67","2017-02-08 17:01:04.000000","2018-06-29 16:03:27.000000","61.37"
"f5f46307a4d15880ca14fab4ad9dfc9b","SC","9","10","1422.94","9","10","1422.94","231.38","142.29","2017-07-12 14:37:58.000000","2017-11-29 21:51:19.000000","158.10"
"89c127985a8b130cfa45c1d36764017a","SP","7","7","1419.57","6","6","1334.67","107.02","222.45","2017-06-30 10:13:23.000000","2018-01-04 21:27:37.000000","222.45"
"0b0ddbc7b9d9584f442c7ac92b0ff6c9","SP","3","3","1416.76","3","3","1416.76","133.88","472.25","2018-03-30 20:29:47.000000","2018-06-04 23:21:42.000000","472.25"
"010543a62bd80aa422851e79a3bc7540","SP","2","2","1416.00","2","2","1416.00","31.95","708.00","2017-07-04 17:54:07.000000","2017-08-02 13:49:39.000000","708.00"
"17eea220a40cc0d2c0c5346379682398","SP","4","4","1414.98","3","3","875.98","76.00","291.99","2017-09-14 10:29:33.000000","2017-09-29 18:39:14.000000","291.99"
"af3ef48d0e13835e529c29ac573c63e5","SP","21","21","1405.63","21","21","1405.63","467.50","66.93","2018-05-16 08:11:59.000000","2018-08-22 19:43:54.000000","66.93"
"921323538c9f1c4e816f2720eac02bea","SP","15","17","1401.84","15","17","1401.84","240.36","82.46","2017-11-25 02:08:25.000000","2018-08-07 23:50:47.000000","93.46"
"8ff1a9df749e454105c55cda13e79143","SP","13","14","1400.60","13","14","1400.60","277.21","100.04","2017-11-06 23:31:37.000000","2018-06-22 16:18:40.000000","107.74"
"d4ffeb15b67e81ff9af2b4252d99fb7e","SP","11","12","1400.40","11","12","1400.40","324.41","116.70","2018-04-26 13:43:04.000000","2018-07-27 19:57:12.000000","127.31"
"d4e12e7884759a14fa0f5f896c791cae","SP","29","32","1400.00","29","32","1400.00","439.67","43.75","2017-09-07 15:21:22.000000","2018-07-23 08:06:43.000000","48.28"
"04843805947f0fc584fc1969b6e50fe7","RS","1","2","1400.00","1","2","1400.00","74.76","700.00","2018-08-05 14:55:14.000000","2018-08-05 14:55:14.000000","1400.00"
"b8114f2f589a6804810f04f99b36b498","SP","8","11","1399.62","8","11","1399.62","292.41","127.24","2018-04-04 16:05:12.000000","2018-08-17 10:28:31.000000","174.95"
"2e1a7d075abe038c1b2743005fe42ff1","SP","19","23","1396.70","18","22","1366.80","344.89","62.13","2017-08-25 15:24:46.000000","2018-05-16 13:24:11.000000","75.93"
"8e2b3afb420011ef0c88c9d5f11ea526","SP","11","11","1384.50","11","11","1384.50","147.93","125.86","2017-11-13 22:31:33.000000","2018-01-29 21:49:38.000000","125.86"
"863d2ebcd347ce4922de7a0f9a5581d6","RJ","18","19","1382.36","17","18","1312.36","293.22","72.91","2017-07-04 17:45:29.000000","2018-08-13 14:51:14.000000","77.20"
"81336a0f57a33776419727a300249e90","SP","16","19","1374.85","15","18","1351.90","277.80","75.11","2017-07-19 14:08:55.000000","2018-04-22 22:07:08.000000","90.13"
"88cf19ec1fc2c58f161aee259d57142c","SP","14","14","1372.97","14","14","1372.97","234.71","98.07","2018-05-20 17:16:24.000000","2018-08-20 18:44:49.000000","98.07"
"8185694b58b2ba6de20fd41ae608bbea","SP","8","8","1372.30","8","8","1372.30","230.27","171.54","2018-03-10 12:45:26.000000","2018-08-11 13:09:33.000000","171.54"
"985c92cc412091f8529c12d7f23d3fef","MG","12","12","1368.50","12","12","1368.50","238.13","114.04","2018-05-04 13:31:43.000000","2018-08-20 21:03:23.000000","114.04"
"0bebbb2cea103a4a020c95d43fd7d754","SP","9","9","1367.20","9","9","1367.20","147.14","151.91","2018-06-30 19:07:30.000000","2018-08-28 12:48:50.000000","151.91"
"556a6409838156ea299c9d1f9e2dde43","PR","4","4","1362.80","4","4","1362.80","86.84","340.70","2018-06-19 10:11:16.000000","2018-08-11 23:28:46.000000","340.70"
"36890be00bbfc1cdb9a4a38a6af05a69","SP","13","13","1361.30","13","13","1361.30","239.58","104.72","2018-06-04 19:51:43.000000","2018-08-19 16:57:32.000000","104.72"
"5a425cc503b39b262a847fd6212bf53b","PR","15","15","1360.59","14","14","1340.60","251.28","95.76","2018-04-27 23:54:06.000000","2018-08-20 13:56:52.000000","95.76"
"a36ac007a4d18f865c8d32c3b2402c2d","SP","9","9","1359.78","8","8","1229.79","161.17","153.72","2017-01-22 21:25:01.000000","2017-09-06 15:36:32.000000","153.72"
"2f73e04d12cdf0c945ded66bb3fcf6c7","ES","3","3","1359.00","3","3","1359.00","101.85","453.00","2017-02-15 16:27:45.000000","2018-08-19 19:52:18.000000","453.00"
"091065b789659bc3cd9af9cb3a6253ff","RS","2","2","1359.00","2","2","1359.00","85.37","679.50","2017-10-15 13:01:37.000000","2018-01-18 17:13:29.000000","679.50"
"42ef3192a9ff87a22d1867b74b3ee205","SP","23","23","1354.09","23","23","1354.09","301.88","58.87","2018-01-02 22:14:43.000000","2018-08-02 19:25:36.000000","58.87"
"9f50216bfd01913736a55a11b55ea842","SP","17","19","1354.00","17","19","1354.00","317.10","71.26","2018-06-22 00:07:03.000000","2018-08-18 13:46:39.000000","79.65"
"04e38a233f726ef161074ab1c9b0399a","SP","23","28","1352.20","19","24","991.60","355.67","41.32","2017-09-15 00:53:25.000000","2018-05-05 21:12:28.000000","52.19"
"b9a03475e6447e631b6799ec8274800f","PR","10","11","1349.10","10","11","1349.10","294.98","122.65","2017-11-06 15:24:21.000000","2018-07-28 19:42:23.000000","134.91"
"e439f7176d763f92de325271111b2fd5","SC","7","7","1348.40","6","6","1320.90","226.80","220.15","2018-05-01 16:18:19.000000","2018-08-01 11:11:04.000000","220.15"
"c3ee2331a724e6fc02c4b698b57a73f3","SP","2","3","1347.00","2","3","1347.00","140.88","449.00","2017-11-22 08:33:09.000000","2017-12-02 09:45:39.000000","673.50"
"7e26c750b4cb9f6766f58265ff9ebe95","MG","23","27","1344.30","23","27","1344.30","388.88","49.79","2017-02-03 16:10:44.000000","2017-10-13 12:42:33.000000","58.45"
"20b54c376b794ed028df09a3cd88e8dc","SP","11","11","1342.95","7","7","927.87","114.20","132.55","2017-09-16 17:56:07.000000","2018-06-15 14:30:59.000000","132.55"
"b43d8b707f887a30f4675391098354a0","SP","3","4","1342.00","3","4","1342.00","184.76","335.50","2018-04-07 23:06:26.000000","2018-07-22 19:49:25.000000","447.33"
"186cdd1b2df32caa72cfb410bba768d3","SC","6","6","1341.45","6","6","1341.45","268.28","223.58","2018-05-11 11:17:57.000000","2018-08-06 13:16:55.000000","223.58"
"8ea394aed8138685abe1eb9f25e1021d","SP","2","2","1340.00","2","2","1340.00","77.60","670.00","2017-12-30 10:29:21.000000","2018-06-07 11:31:23.000000","670.00"
"ecccfa2bb93b34a3bf033cc5d1dcdc69","PR","15","19","1338.64","12","16","1120.85","212.47","70.05","2016-09-15 12:16:38.000000","2016-10-10 11:39:06.000000","93.40"
"7357b52d27cbaa90f81a96cbc1279396","MG","12","12","1328.02","12","12","1328.02","217.81","110.67","2018-05-15 18:17:45.000000","2018-08-22 21:33:00.000000","110.67"
"058cb5aeb36d7c0fcae20fc85d5e0a59","RJ","12","13","1328.00","11","12","1236.00","747.82","103.00","2017-09-25 22:41:26.000000","2018-08-14 23:23:38.000000","112.36"
"3faf68a3b0af94b10bac70d86077be49","SP","7","7","1322.93","7","7","1322.93","119.16","188.99","2017-02-04 22:19:45.000000","2017-05-02 06:29:43.000000","188.99"
"5d9f3746e112e696f98ea22c56b3e912","SP","1","1","1322.64","1","1","1322.64","47.77","1322.64","2018-07-24 17:36:19.000000","2018-07-24 17:36:19.000000","1322.64"
"d2e753bb80b7d4faa77483ed00edc8ca","BA","14","15","1320.70","14","15","1320.70","454.24","88.05","2017-10-06 16:05:51.000000","2018-05-18 00:35:08.000000","94.34"
"718539d38d07dd351c76db862760e2e2","SP","37","45","1318.90","35","43","1273.01","634.60","29.60","2017-04-26 11:19:47.000000","2018-01-03 19:50:16.000000","36.37"
"2bd05d410a8fd26dc4184a15f4f2f588","MG","6","7","1316.73","6","7","1316.73","198.54","188.10","2017-01-27 10:29:59.000000","2017-10-21 11:22:57.000000","219.46"
"5151aea44289d6c6b090ee31c2132508","SP","7","7","1315.30","7","7","1315.30","167.17","187.90","2017-02-17 15:29:41.000000","2017-02-20 13:50:49.000000","187.90"
"3f8034bfc6b8b4135534975d49f04c63","PR","12","16","1313.90","11","14","1273.90","249.03","90.99","2017-01-18 10:42:05.000000","2017-05-24 09:05:17.000000","115.81"
"4eb61f060e7dcc1d5a80d806c35cc541","SP","8","8","1313.00","8","8","1313.00","153.12","164.13","2018-03-23 13:10:56.000000","2018-08-23 00:46:54.000000","164.13"
"c794dab4928dd97beb41d05514441e86","SP","16","16","1312.40","16","16","1312.40","232.19","82.03","2017-12-08 09:46:41.000000","2018-06-24 03:33:48.000000","82.03"
"f4a04f7be452aa3bb31760bf00055dd0","SP","18","18","1312.10","18","18","1312.10","241.85","72.89","2017-10-31 21:47:13.000000","2018-08-17 16:02:15.000000","72.89"
"e63e8bfa530fb16910dd6956e592bb81","SP","42","43","1311.70","41","42","1282.80","645.41","30.54","2017-08-07 09:14:30.000000","2018-08-28 10:44:03.000000","31.29"
"626ab1cd96932367f0eeec2e47046c12","SP","3","3","1310.00","3","3","1310.00","80.47","436.67","2018-01-16 11:20:57.000000","2018-07-28 16:45:10.000000","436.67"
"7f40d06aa0b5f1aa4f41af8c0480e2ef","SP","6","6","1309.94","6","6","1309.94","125.68","218.32","2018-08-09 08:17:42.000000","2018-08-27 19:21:58.000000","218.32"
"9a1aea68d3efa00862ec88c0768037d0","SP","7","8","1309.20","7","8","1309.20","192.51","163.65","2018-02-09 00:14:41.000000","2018-07-19 17:24:12.000000","187.03"
"0e982cff76cc0579f632cea8a0e38c9d","SC","7","12","1307.34","6","7","971.90","109.26","138.84","2017-09-26 12:57:49.000000","2018-04-03 07:28:21.000000","161.98"
"a13580f0e8f782b7a543885a0ef99f08","RJ","10","10","1304.90","10","10","1304.90","258.78","130.49","2017-08-17 18:21:17.000000","2018-05-07 20:42:38.000000","130.49"
"4dbd95a08b31ede5c82d3f861cb1ce1a","PR","6","6","1304.67","4","4","370.78","93.14","92.70","2017-05-21 11:56:58.000000","2017-11-13 14:13:52.000000","92.70"
"83b08de96980757220871b31bf6cffca","RJ","5","7","1304.17","5","7","1304.17","454.21","186.31","2017-10-13 15:52:21.000000","2018-05-07 10:08:06.000000","260.83"
"542917da124346b47ea1ac79a93ce454","PR","20","20","1303.90","20","20","1303.90","363.18","65.20","2017-03-04 16:27:08.000000","2017-08-07 14:14:22.000000","65.20"
"90d4125885ab6c86e8820a722be71974","SP","3","5","1299.55","0","0","0.00","0.00",,,,
"45a3d05fb00435e52a28859dd03703b3","SP","1","1","1299.00","1","1","1299.00","24.79","1299.00","2017-02-03 18:08:16.000000","2017-02-03 18:08:16.000000","1299.00"
"56e361f411e38dcef17cdc2a3d99628b","SP","5","10","1298.00","5","10","1298.00","1857.76","129.80","2018-07-02 16:39:17.000000","2018-08-23 14:41:37.000000","259.60"
"d101c6da914ae3d53f7bee42283f2fe2","SP","13","16","1297.40","13","16","1297.40","260.15","81.09","2016-10-05 08:46:55.000000","2017-05-30 09:27:49.000000","99.80"
"10ff823eda2b032e2c93d17a7d294736","SP","9","9","1294.97","8","8","1144.98","147.88","143.12","2017-06-14 17:47:53.000000","2018-04-06 10:26:19.000000","143.12"
"51ed72984a04e5dd35c2b27e77179038","SP","7","7","1294.30","7","7","1294.30","198.93","184.90","2017-11-11 19:29:52.000000","2018-04-21 18:38:11.000000","184.90"
"f08c008c8a8d31417763738a1788a2a8","PR","22","23","1291.72","20","21","1211.92","392.08","57.71","2017-10-10 23:58:26.000000","2018-01-09 15:55:38.000000","60.60"
"b9ca8e8baa5d4aa038394a700f63e69f","SP","14","14","1289.77","14","14","1289.77","388.18","92.13","2018-04-23 14:23:32.000000","2018-08-28 12:38:17.000000","92.13"
"25e47381a6c510ddeb36084e33b89f0c","SP","16","17","1289.60","16","17","1289.60","282.11","75.86","2017-05-16 18:26:49.000000","2017-06-29 07:53:56.000000","80.60"
"141440cad9341e553f8401c574a2aa38","PR","11","12","1288.20","11","12","1288.20","290.80","107.35","2018-05-01 12:22:52.000000","2018-08-14 02:08:11.000000","117.11"
"bc07d855eac23aab5ac8a120f21d16b2","SP","12","13","1283.11","11","12","1202.62","204.74","100.22","2018-03-08 19:38:25.000000","2018-08-12 13:26:21.000000","109.33"
"e3d3b3efac954a60d61be70b7e05b49b","SP","3","3","1282.05","3","3","1282.05","123.78","427.35","2018-06-06 12:18:34.000000","2018-06-25 01:28:11.000000","427.35"
"4eeb99008a0f59d2c7759c59f9a346eb","SP","2","2","1282.00","2","2","1282.00","38.95","641.00","2018-04-23 10:39:30.000000","2018-06-18 14:07:12.000000","641.00"
"269cff2d3c8d205c11f37a52402ea93b","SP","4","5","1281.59","4","5","1281.59","133.41","256.32","2018-06-28 08:44:49.000000","2018-08-10 18:09:49.000000","320.40"
"a478c7961d6a992065b24e63b366f90b","SC","8","9","1281.50","8","9","1281.50","170.06","142.39","2017-02-09 09:33:26.000000","2018-02-21 02:17:40.000000","160.19"
"fec8cd45395b3cb0c2b173d7739706a1","SP","4","4","1280.00","4","4","1280.00","96.94","320.00","2018-01-04 11:11:33.000000","2018-04-25 15:44:24.000000","320.00"
"5795aebfe331fbcd02a2c4b679fb7952","SC","6","6","1280.00","6","6","1280.00","156.09","213.33","2018-02-11 15:26:46.000000","2018-08-20 11:59:20.000000","213.33"
"2709af9587499e95e803a6498a5a56e9","SP","26","47","1279.56","25","46","1180.56","549.73","25.66","2017-02-15 22:32:29.000000","2018-08-26 19:01:18.000000","47.22"
"1dcfa3835714681d4ba4a93bc1e0fd41","SP","13","15","1278.50","12","14","1186.60","296.88","84.76","2017-07-27 09:24:18.000000","2017-12-14 00:29:03.000000","98.88"
"bb5d956dece964a06c12bceb66b923ae","RJ","2","2","1278.36","2","2","1278.36","50.14","639.18","2018-01-21 15:52:24.000000","2018-02-19 12:18:48.000000","639.18"
"128f9bfbe4c7d5185033914b1de3d39a","SP","14","16","1277.29","13","15","1267.39","251.98","84.49","2017-09-13 17:44:20.000000","2018-06-17 13:26:47.000000","97.49"
"52f9db5cfb423382a2fa5c9e39303202","SP","22","23","1269.77","21","22","1218.78","345.75","55.40","2017-11-06 20:40:57.000000","2018-08-02 16:45:33.000000","58.04"
"c8c1bea22194a4eefa2dc9a9fa89f536","SC","7","13","1266.00","7","13","1266.00","292.73","97.38","2018-06-04 10:34:10.000000","2018-08-03 10:20:22.000000","180.86"
"2646baaf662d4d92ac48f047e35db92d","SP","15","18","1263.05","15","18","1263.05","286.34","70.17","2018-04-29 22:00:59.000000","2018-08-09 19:37:47.000000","84.20"
"9ed65337433adfbedefd23dd76eaa494","SP","6","6","1262.60","6","6","1262.60","81.05","210.43","2017-12-19 09:27:15.000000","2018-08-01 17:15:29.000000","210.43"
"da7039f29f90ce5b4846ffc0fcc93beb","SP","17","18","1259.10","17","18","1259.10","244.45","69.95","2018-04-20 08:04:26.000000","2018-08-18 09:47:18.000000","74.06"
"9140bd1d9de28b197dce077bdd687438","SP","6","8","1258.87","6","8","1258.87","184.06","157.36","2018-05-21 21:49:55.000000","2018-08-10 10:10:06.000000","209.81"
"8a9260f2b0340411d6d2a56bcf4f7378","MG","8","9","1256.00","8","9","1256.00","140.94","139.56","2018-02-17 02:10:19.000000","2018-08-17 13:48:52.000000","157.00"
"b8578d2d823bd8e251f6fdd02b40902d","SC","9","9","1255.60","9","9","1255.60","244.00","139.51","2018-04-12 20:58:52.000000","2018-07-19 15:42:35.000000","139.51"
"4cf490a58259286ada5ba8525ba9e84a","SP","8","8","1254.20","7","7","1075.30","142.55","153.61","2017-03-14 13:06:10.000000","2017-11-23 12:17:53.000000","153.61"
"734def04b237117a09321dd6d8f3f2a2","SP","2","2","1252.43","2","2","1252.43","28.80","626.22","2018-04-08 22:50:52.000000","2018-06-21 04:46:11.000000","626.22"
"402916f742e5c740cc751493d9cf5053","MG","9","10","1252.00","9","10","1252.00","226.43","125.20","2018-08-05 20:23:26.000000","2018-08-24 09:26:31.000000","139.11"
"b5abf4f36adc043117b4fca82c22984c","DF","11","12","1247.80","8","9","803.10","166.84","89.23","2017-04-11 12:05:15.000000","2018-08-11 14:35:56.000000","100.39"
"30a81d8cf85fb2ada1b1b094c9583a95","SP","17","20","1245.42","17","20","1245.42","168.10","62.27","2018-02-22 01:14:05.000000","2018-08-15 10:14:58.000000","73.26"
"3fac58ce0ad699020c7944d53c41329c","SP","10","16","1244.95","10","16","1244.95","183.02","77.81","2018-05-31 13:16:15.000000","2018-08-20 22:29:55.000000","124.50"
"671585f5a2af58b6e276bc01003c0d2b","PR","27","27","1244.00","27","27","1244.00","448.11","46.07","2018-07-27 21:43:27.000000","2018-08-25 23:39:08.000000","46.07"
"5d76d80a2f5f39c891b996a1bf4c9853","SP","6","6","1238.50","6","6","1238.50","171.25","206.42","2018-07-25 13:18:32.000000","2018-08-18 14:48:50.000000","206.42"
"67225bff54a172ff67579aaf583efd78","PA","8","8","1238.00","8","8","1238.00","155.11","154.75","2017-09-15 10:34:54.000000","2018-02-03 19:28:45.000000","154.75"
"002100f778ceb8431b7a1020ff7ab48f","SP","51","55","1234.50","50","54","1216.60","778.56","22.53","2017-09-14 01:00:31.000000","2018-04-12 12:58:23.000000","24.33"
"4fb41dff7c50136976d1a5cf004a42e2","BA","3","3","1230.00","3","3","1230.00","66.77","410.00","2017-11-27 20:01:56.000000","2018-02-02 21:38:36.000000","410.00"
"7daca0837f033a41a6f3428c18657533","SP","7","7","1228.98","7","7","1228.98","168.16","175.57","2018-04-19 15:47:11.000000","2018-06-10 14:08:05.000000","175.57"
"0afccdb8a34ee5c79f7c06faf2b4d56e","MG","25","25","1225.50","24","24","1185.60","371.49","49.40","2017-04-05 11:04:33.000000","2018-04-07 13:48:17.000000","49.40"
"2d518637f53161b973e01f56ea4bb88e","SP","13","13","1219.89","13","13","1219.89","319.81","93.84","2018-04-13 14:37:55.000000","2018-07-30 20:33:35.000000","93.84"
"9c4d31c7e46ab03a43fc06e3142afd4e","RJ","2","2","1218.90","2","2","1218.90","43.82","609.45","2018-08-14 17:26:41.000000","2018-08-20 18:55:21.000000","609.45"
"7a425d299613df3e613bcf9d2eaf5c49","RJ","18","18","1218.80","18","18","1218.80","286.67","67.71","2017-11-09 18:22:26.000000","2018-08-01 23:12:08.000000","67.71"
"2cb6eb1b7185064167657fa09f541105","MG","6","7","1217.90","6","7","1217.90","164.78","173.99","2018-02-20 22:32:06.000000","2018-08-03 21:35:53.000000","202.98"
"093805f8f2aeb63881444571e1f48f30","SP","22","27","1215.79","22","27","1215.79","343.94","45.03","2017-08-31 20:38:35.000000","2018-01-30 12:01:37.000000","55.26"
"f9d010e39375d9c91dce3f40b73a2f84","SP","4","5","1212.00","4","5","1212.00","138.14","242.40","2018-02-17 15:54:49.000000","2018-07-23 09:02:12.000000","303.00"
"57c764b4a836300be881e2ff86e449f9","SP","29","30","1211.00","28","29","1156.10","457.39","39.87","2017-02-02 09:23:41.000000","2018-08-22 17:14:06.000000","41.29"
"788e857f317e53de488d393e65a80f45","SP","11","11","1210.00","11","11","1210.00","184.95","110.00","2018-05-28 16:37:29.000000","2018-08-22 11:16:54.000000","110.00"
"6426d21aca402a131fc0a5d0960a3c90","SP","23","23","1209.64","23","23","1209.64","384.18","52.59","2017-05-15 21:42:34.000000","2017-10-02 21:37:12.000000","52.59"
"01fd077212124329bac32490e8ef80d9","SP","31","39","1208.00","31","39","1208.00","575.36","30.97","2018-04-16 10:44:09.000000","2018-08-24 17:52:59.000000","38.97"
"b566ab0ef88016e00422755e305103c6","MG","5","5","1208.00","5","5","1208.00","220.22","241.60","2018-03-11 10:26:01.000000","2018-07-23 13:26:43.000000","241.60"
"7238f877570096ae403c51898fa64566","SP","3","3","1200.00","3","3","1200.00","49.52","400.00","2018-04-11 19:11:36.000000","2018-05-29 15:28:44.000000","400.00"
"f0563bacf40c311f1c4d3d6b67b8a7a7","SC","1","1","1199.00","0","0","0.00","0.00",,,,
"6bef34c5be6f2bbd70aa5165f6df94b1","SC","2","2","1198.00","2","2","1198.00","132.88","599.00","2018-07-14 16:12:14.000000","2018-07-31 23:31:44.000000","599.00"
"11fb6f6d341adbe19e81733701704635","SP","3","3","1197.00","3","3","1197.00","399.66","399.00","2018-08-07 17:16:36.000000","2018-08-25 18:36:46.000000","399.00"
"a20d8058c866dbaeca014d2cd20ac62e","SP","2","2","1194.00","2","2","1194.00","44.90","597.00","2017-12-20 14:52:29.000000","2018-05-16 01:18:19.000000","597.00"
"d8c7ba53e7e38711eaef8c2849d6d2e1","PR","22","22","1190.87","22","22","1190.87","597.47","54.13","2018-05-08 23:46:50.000000","2018-08-21 06:58:44.000000","54.13"
"700f03c207639c22d933381ff60b35c2","SP","4","4","1189.86","4","4","1189.86","136.45","297.47","2016-10-07 21:30:12.000000","2017-11-29 17:43:31.000000","297.47"
"c0098efcf800861dcae589affca31408","SP","9","9","1189.28","9","9","1189.28","187.46","132.14","2017-12-06 18:59:33.000000","2018-07-17 08:06:39.000000","132.14"
"1710c3aaa9c6b44ec3883ee0fe300e21","SP","2","2","1188.90","2","2","1188.90","37.65","594.45","2018-04-25 17:22:38.000000","2018-05-02 13:13:23.000000","594.45"
"e504a4e2efaa45cbff7e268a2c58c956","SP","11","12","1188.80","10","11","1088.90","240.80","98.99","2018-05-14 17:58:27.000000","2018-08-15 10:11:11.000000","108.89"
"c273175f7c6c80fb02f051e2fc6d0d72","SP","14","14","1188.23","14","14","1188.23","255.22","84.87","2017-01-25 16:25:03.000000","2017-07-20 11:33:01.000000","84.87"
"439a47cc365d6e3bd526812ea9de3c29","SP","8","13","1186.50","8","13","1186.50","224.43","91.27","2017-08-21 15:37:43.000000","2018-07-05 01:16:37.000000","148.31"
"a5259c149128e82c9d6d46e0c1c812bb","RO","8","8","1182.26","8","8","1182.26","438.87","147.78","2017-07-31 13:45:07.000000","2018-03-09 10:24:31.000000","147.78"
"7ff588a03c2aeae4fbd23f9ae64b760d","SP","14","16","1182.20","14","16","1182.20","221.18","73.89","2018-06-06 08:34:53.000000","2018-08-26 21:47:50.000000","84.44"
"ec4608a1f76453166bb312b2968aeaf4","SP","18","35","1181.75","17","29","968.81","894.55","33.41","2017-02-22 15:57:47.000000","2018-08-14 14:19:51.000000","56.99"
"725af026f869236a8dd0ceb98564d156","MG","7","8","1177.71","5","5","810.72","125.95","162.14","2017-10-22 11:20:45.000000","2018-06-01 21:48:43.000000","162.14"
"327b89b872c14d1c0be7235ef4871685","AM","3","3","1177.00","3","3","1177.00","81.80","392.33","2017-02-03 01:06:06.000000","2017-03-15 14:28:24.000000","392.33"
"b1aaae6b66ad3c40f54b389d7ea4bee0","SP","15","17","1176.50","15","17","1176.50","392.74","69.21","2017-01-22 11:08:52.000000","2017-05-24 17:01:03.000000","78.43"
"dbec9a0a7efeff029d4d9dce7dc4cc95","MG","3","3","1170.00","3","3","1170.00","118.59","390.00","2018-06-15 21:45:12.000000","2018-08-14 18:15:54.000000","390.00"
"f1b854361f4e15d5851b494df66f22b2","RJ","3","4","1168.80","3","4","1168.80","306.44","292.20","2018-04-15 17:02:51.000000","2018-07-25 15:35:55.000000","389.60"
"8629c241b3622ac12cd4118afdc8d394","SP","13","13","1167.66","13","13","1167.66","334.36","89.82","2018-03-19 16:11:16.000000","2018-07-10 17:45:13.000000","89.82"
"a425f92c199eb576938df686728acd20","PR","17","19","1165.80","16","18","1106.30","293.39","61.46","2017-10-03 18:52:56.000000","2018-07-30 12:02:51.000000","69.14"
"c8e135e7b21ecbc36c1153a29d2f5a06","SP","7","7","1165.50","7","7","1165.50","101.98","166.50","2017-02-01 14:39:07.000000","2017-05-28 21:29:35.000000","166.50"
"5ee7fd217d08dfe5d3e2f51f96a12c9a","SP","9","9","1165.50","9","9","1165.50","269.68","129.50","2017-06-17 23:06:16.000000","2018-08-21 09:28:11.000000","129.50"
"5f3ae9136c875522250f8184f253413a","SP","43","46","1158.00","42","45","1143.05","596.72","25.40","2018-01-15 12:02:56.000000","2018-08-22 10:56:54.000000","27.22"
"d1c7fa84e48cfa21a0e595167c1c500e","RS","12","12","1156.03","12","12","1156.03","321.35","96.34","2018-03-24 18:25:24.000000","2018-07-23 15:59:52.000000","96.34"
"d1b9d4be4b6f9ebd85f8acd6745ba612","MG","11","11","1154.35","11","11","1154.35","194.18","104.94","2017-10-11 14:49:49.000000","2018-08-21 17:03:40.000000","104.94"
"2d378dbb39815785238c0139c7647fb7","SC","2","2","1154.00","2","2","1154.00","300.44","577.00","2017-04-13 19:35:02.000000","2017-05-17 09:44:13.000000","577.00"
"432c67955c0acd1fd6b0b5d678766a71","SP","3","3","1151.00","1","1","389.00","60.65","389.00","2016-10-08 18:39:08.000000","2016-10-08 18:39:08.000000","389.00"
"c35672b10ad50968f567ea3f4b91e877","RJ","18","22","1150.57","18","22","1150.57","364.78","52.30","2017-08-21 20:40:53.000000","2018-08-04 16:27:58.000000","63.92"
"5fd924b4836098a5be0ecf81ba054ce0","SP","7","8","1148.80","7","8","1148.80","135.54","143.60","2017-01-17 20:38:15.000000","2017-03-01 08:28:57.000000","164.11"
"1d2732ef8321502ee8488e8bed1ab8cd","RJ","4","5","1148.00","4","5","1148.00","80.18","229.60","2017-04-19 11:58:54.000000","2018-05-03 16:46:51.000000","287.00"
"d4910f1cdcfdabd48d6b316e395d4a23","SP","11","12","1146.88","11","12","1146.88","215.04","95.57","2018-07-30 13:01:12.000000","2018-08-17 17:13:02.000000","104.26"
"10089e9f2fd0c668a8fd4e52e1698888","SP","3","3","1139.90","3","3","1139.90","59.41","379.97","2017-03-12 17:35:58.000000","2017-11-14 09:41:18.000000","379.97"
"5f26c1408a65b42a7224cd463bdf3292","PR","10","10","1139.80","10","10","1139.80","217.29","113.98","2018-06-28 18:11:28.000000","2018-08-26 19:45:32.000000","113.98"
"6562efe88ce0826a4ca4f189f03b4b84","PR","9","21","1135.90","8","20","1076.00","282.32","53.80","2017-03-14 08:47:46.000000","2018-01-08 12:25:43.000000","134.50"
"6b89abe95848c850399130d149a39b63","GO","8","8","1135.20","8","8","1135.20","330.53","141.90","2018-02-15 23:30:37.000000","2018-04-13 15:55:02.000000","141.90"
"5b07547f10dd980738a1a27f685af669","SP","13","14","1134.60","13","14","1134.60","185.47","81.04","2018-08-01 10:27:42.000000","2018-08-24 10:46:25.000000","87.28"
"75fbb52eda0cbc24f479d3b2fbfa8d3e","GO","40","43","1130.99","38","41","1094.19","900.26","26.69","2017-01-31 10:48:02.000000","2018-06-16 17:34:31.000000","28.79"
"9485a23c0430ba1d58d359391606fce6","SP","5","5","1129.90","4","4","830.90","54.96","207.73","2017-03-21 13:50:46.000000","2017-12-28 11:05:22.000000","207.73"
"713e3a23ca5e47786eb6f0d99f94cfac","PR","4","4","1126.00","4","4","1126.00","87.03","281.50","2018-02-06 13:32:02.000000","2018-06-03 20:17:27.000000","281.50"
"138dbe45fc62f1e244378131a6801526","SP","49","58","1125.56","49","58","1125.56","689.24","19.41","2018-05-07 11:11:27.000000","2018-08-24 14:30:31.000000","22.97"
"9bc484c87d79cd4874e05ca182658045","SP","9","9","1120.00","8","8","970.00","105.12","121.25","2017-11-23 13:48:08.000000","2018-05-02 14:22:52.000000","121.25"
"c878515173c84a492ebe50d6b493230b","PR","9","10","1118.84","9","10","1118.84","189.20","111.88","2017-03-13 14:28:41.000000","2017-11-15 20:16:54.000000","124.32"
"cda598c48d7c614bc1cad7d8ff6f0010","SP","17","18","1118.60","17","18","1118.60","301.60","62.14","2018-03-17 21:11:23.000000","2018-08-15 10:36:56.000000","65.80"
"365e445f796710c3431557e85caa25db","SP","4","5","1115.00","4","5","1115.00","79.30","223.00","2017-02-01 16:03:51.000000","2017-06-16 13:35:23.000000","278.75"
"1b65c144b17e607c0f37f10bb7dfec8d","SC","5","5","1109.50","5","5","1109.50","144.85","221.90","2018-04-20 20:36:31.000000","2018-06-29 11:31:08.000000","221.90"
"b586cd24c010a13916af621b0325fbba","SC","6","7","1108.94","6","7","1108.94","263.99","158.42","2018-06-17 21:50:12.000000","2018-08-23 11:27:36.000000","184.82"
"6c6cc59a5c00cacc5054ca06d65cc282","RS","1","1","1107.00","1","1","1107.00","148.71","1107.00","2018-08-11 12:14:35.000000","2018-08-11 12:14:35.000000","1107.00"
"abc015ebac1d283a323ca9db35ede4b9","SP","12","13","1106.80","12","13","1106.80","222.85","85.14","2017-02-10 10:31:39.000000","2017-12-09 09:44:23.000000","92.23"
"457fe919b032a3f7dadba6fb92cf7855","SP","9","12","1104.89","9","12","1104.89","141.22","92.07","2018-05-02 18:19:06.000000","2018-08-06 14:48:29.000000","122.77"
"596849622429351f47b32e6cae1055ff","SP","14","14","1104.70","13","13","1069.80","153.10","82.29","2018-06-07 18:26:24.000000","2018-08-21 20:32:25.000000","82.29"
"48328ec9a579151d9cc6a86d4a59336c","RS","1","1","1099.00","1","1","1099.00","97.78","1099.00","2017-09-19 14:23:31.000000","2017-09-19 14:23:31.000000","1099.00"
"c88f62b4c386a59281014d677864d016","PR","1","1","1099.00","0","0","0.00","0.00",,,,
"4b39558c138930b9e5489c93b6df5fe3","SE","4","5","1096.70","4","5","1096.70","132.40","219.34","2017-11-15 00:16:15.000000","2018-01-14 16:43:17.000000","274.18"
"b55638ad525e906c698fa2ce742c1742","SC","11","12","1094.80","11","12","1094.80","290.87","91.23","2017-11-06 19:23:13.000000","2018-08-08 12:51:29.000000","99.53"
"119d1aef1b4144adba89163f6cd9f5d4","SP","4","4","1094.00","4","4","1094.00","204.24","273.50","2017-05-26 20:01:38.000000","2017-11-17 19:46:19.000000","273.50"
"8b655f0855926bcb49f5835d38dfddf6","SP","5","5","1089.50","5","5","1089.50","73.31","217.90","2018-05-13 12:51:15.000000","2018-08-17 10:55:49.000000","217.90"
"f205b1a3ca9a34e0f8a228bae6e4c7b3","RS","8","8","1088.00","8","8","1088.00","396.90","136.00","2018-07-13 12:35:28.000000","2018-08-26 17:28:44.000000","136.00"
"76ea5315acb3f5f7ade3cd261faf922a","SP","15","15","1087.06","15","15","1087.06","224.02","72.47","2018-05-18 09:49:56.000000","2018-08-19 11:28:18.000000","72.47"
"fe87f472055fbcf1d7e691c00b1560dc","SP","6","6","1085.80","6","6","1085.80","130.16","180.97","2018-05-07 13:09:18.000000","2018-08-19 21:44:37.000000","180.97"
"e48cc16ab70bfa09e1401740dce0b3d7","SP","14","17","1084.83","14","17","1084.83","326.30","63.81","2017-05-27 10:15:14.000000","2018-06-14 10:51:59.000000","77.49"
"39f776d2974049026ff531fc42ef2a3e","GO","3","4","1084.04","3","4","1084.04","90.37","271.01","2018-01-12 18:17:38.000000","2018-04-25 18:57:38.000000","361.35"
"71dc18fd8cbf5fd77f45dd8b427abb34","PR","4","9","1080.00","4","9","1080.00","149.40","120.00","2017-02-14 12:56:01.000000","2017-12-13 23:56:00.000000","270.00"
"4091f77d8c768fc3e81c20761471761d","SP","8","8","1079.00","8","8","1079.00","230.87","134.88","2018-01-06 14:14:53.000000","2018-08-07 09:12:17.000000","134.88"
"4736e9d642ef4257cd7622516931eb51","SP","16","20","1078.87","16","20","1078.87","370.90","53.94","2017-11-16 15:50:27.000000","2018-08-25 17:37:28.000000","67.43"
"03a2a6dcbe45d639c4dc2a0d24769c40","SP","9","9","1078.41","9","9","1078.41","172.25","119.82","2018-03-13 08:11:07.000000","2018-08-15 18:21:14.000000","119.82"
"a066df7361163e7ddc5d7452dd17448b","SP","15","17","1078.30","15","17","1078.30","266.32","63.43","2017-12-12 14:37:18.000000","2018-05-12 17:45:26.000000","71.89"
"278b6e0b20c4f61fefaa0577943d7a35","SC","1","2","1078.00","0","0","0.00","0.00",,,,
"577719699805dd125d5b6fdde5943bba","RS","8","8","1077.80","8","8","1077.80","209.56","134.73","2018-04-19 17:28:29.000000","2018-08-21 21:30:35.000000","134.73"
"167fd940acebc789debd6eb418c46e38","SP","5","5","1077.58","5","5","1077.58","100.90","215.52","2017-11-30 18:26:24.000000","2018-06-04 20:13:34.000000","215.52"
"3d4b1ae7539303b5704493798893e82c","SP","6","9","1076.00","6","9","1076.00","145.69","119.56","2017-12-06 20:43:07.000000","2018-02-28 16:31:53.000000","179.33"
"334cab711dee080b079fa5779b584783","SP","11","26","1069.70","11","26","1069.70","351.67","41.14","2018-04-08 13:05:27.000000","2018-08-09 18:06:43.000000","97.25"
"b18871c324516afa228a13e8f1ef0ae9","SP","9","23","1064.60","9","23","1064.60","243.80","46.29","2018-02-28 22:21:37.000000","2018-06-18 18:47:16.000000","118.29"
"eb72802c83dc7547529c9546d1a9b8ef","SP","8","8","1063.92","8","8","1063.92","117.71","132.99","2018-05-07 20:36:52.000000","2018-07-27 10:59:09.000000","132.99"
"8fbd63429be6d3e5e6d1a709b6464802","SP","6","8","1061.40","6","8","1061.40","179.57","132.68","2018-04-18 00:27:01.000000","2018-06-28 09:17:04.000000","176.90"
"b2eecf5ea250510da76590ca79d60e5d","SP","9","11","1060.00","9","11","1060.00","153.15","96.36","2017-03-05 04:18:49.000000","2017-11-11 21:04:48.000000","117.78"
"f5fea3ffed6c2e889bab72705557c63a","RJ","3","3","1059.90","1","1","345.00","123.80","345.00","2017-04-18 23:53:54.000000","2017-04-18 23:53:54.000000","345.00"
"1464afc72f696af775557a821c2e253f","RJ","29","30","1059.36","29","30","1059.36","454.42","35.31","2017-04-12 12:13:43.000000","2018-08-19 09:08:14.000000","36.53"
"de9727ca376d1be6ec121b110aa7954c","PR","10","12","1058.70","9","11","997.80","197.84","90.71","2018-05-15 14:07:20.000000","2018-08-15 08:52:48.000000","110.87"
"226b05fe067266c59c15dae208213d06","PR","10","11","1056.90","10","11","1056.90","188.68","96.08","2018-03-08 23:14:39.000000","2018-04-12 16:01:28.000000","105.69"
"55dedd83e501d8248880557d9073cbfd","RJ","8","9","1055.30","8","9","1055.30","110.79","117.26","2018-08-10 22:50:14.000000","2018-08-28 19:31:41.000000","131.91"
"04fdea0c111866e6cf812f1570d6b5bd","SP","10","10","1055.00","8","8","865.00","173.35","108.13","2017-10-14 09:11:45.000000","2018-01-31 13:57:40.000000","108.13"
"9d7a1d34a5052409006425275ba1c2b4","SP","13","16","1054.82","13","16","1054.82","277.05","65.93","2017-07-17 16:18:44.000000","2018-08-20 19:58:51.000000","81.14"
"fcf16b7a8697e559f0123190bb30177d","SP","3","7","1052.80","3","7","1052.80","499.77","150.40","2018-02-18 18:41:59.000000","2018-08-13 20:33:57.000000","350.93"
"4324dd16853115efb0fd9d0d131ba6f4","SP","12","18","1052.25","12","18","1052.25","327.22","58.46","2017-05-31 08:51:45.000000","2018-03-06 11:51:44.000000","87.69"
"bb135baca94c82fcb731335ad5b04a03","SP","18","38","1049.80","18","38","1049.80","472.88","27.63","2017-01-21 06:58:31.000000","2018-08-11 16:39:54.000000","58.32"
"b7d5b4b87af9d42b601865d3f3810bff","SC","2","2","1049.00","1","1","350.00","20.69","350.00","2017-05-06 18:49:21.000000","2017-05-06 18:49:21.000000","350.00"
"49067458c68f7701fd334ce326accbe0","MG","17","37","1047.65","17","37","1047.65","573.85","28.31","2017-09-27 16:49:41.000000","2018-08-17 20:47:06.000000","61.63"
"1cbd32d00d01bb8087a5eb088612fd9c","SP","11","12","1045.47","11","12","1045.47","244.06","87.12","2018-05-10 14:32:26.000000","2018-08-19 12:31:08.000000","95.04"
"c03121937e54a93fcc1825c3098bbb6e","PR","7","7","1043.00","7","7","1043.00","154.94","149.00","2017-03-28 17:03:51.000000","2018-05-03 20:52:38.000000","149.00"
"89f69225956f951295ca4c7fb1266553","RJ","11","12","1041.30","11","12","1041.30","277.41","86.78","2018-05-13 21:20:26.000000","2018-08-14 00:04:22.000000","94.66"
"3d4824f20035949c710eaf111f869d39","SP","9","10","1041.04","8","9","449.97","125.60","50.00","2018-06-04 19:07:48.000000","2018-08-23 00:20:45.000000","56.25"
"1bc2e21de46adfea6b98cc96b00f3b40","SC","3","5","1039.95","3","5","1039.95","102.60","207.99","2017-02-06 23:01:32.000000","2017-05-16 10:55:20.000000","346.65"
"7c5b05cbdb5542049f38d90d7815b97d","SP","22","24","1038.96","21","23","993.97","298.92","43.22","2018-04-28 14:32:54.000000","2018-07-15 09:56:32.000000","47.33"
"7df1fc11cc5cbc518b39faa60cf5d67c","MS","5","5","1037.60","5","5","1037.60","134.36","207.52","2018-04-14 10:39:22.000000","2018-07-24 11:46:04.000000","207.52"
"633ecdf879b94b5337cca303328e4a25","SP","6","6","1037.60","6","6","1037.60","87.89","172.93","2017-09-15 11:59:48.000000","2017-09-22 18:11:44.000000","172.93"
"c54679b132454625907c773d273d4126","SP","7","8","1032.00","7","8","1032.00","107.93","129.00","2018-03-27 14:16:24.000000","2018-07-28 18:11:21.000000","147.43"
"8c5e007d7bd5693fa1386ffefbc99f6c","SP","9","24","1029.11","9","24","1029.11","378.30","42.88","2018-06-05 16:09:34.000000","2018-08-19 20:45:58.000000","114.35"
"8f2b51a30523cdecddc2f179f351c7d6","SP","7","8","1027.90","7","8","1027.90","148.33","128.49","2017-04-13 16:53:02.000000","2017-07-01 18:50:04.000000","146.84"
"76c47a299e4a8fe992316a85865acbe9","SP","6","10","1024.46","6","10","1024.46","221.88","102.45","2017-06-22 11:14:21.000000","2018-06-17 21:01:50.000000","170.74"
"e58a5b390e28abc0b216cfb0e07d27d7","RJ","7","7","1022.60","7","7","1022.60","144.63","146.09","2018-04-25 19:54:53.000000","2018-08-09 10:30:41.000000","146.09"
"7994081388d55b9cf976c050653dd359","SP","2","6","1020.00","1","1","120.00","14.60","120.00","2017-02-09 14:29:29.000000","2017-02-09 14:29:29.000000","120.00"
"26785a546900236d66f2e4197c211158","SP","15","15","1019.20","15","15","1019.20","225.45","67.95","2017-11-22 19:20:46.000000","2018-07-24 17:04:30.000000","67.95"
"7aa538dd6e114e503a2e6154ea352253","SP","5","5","1016.68","5","5","1016.68","101.92","203.34","2018-04-23 17:55:31.000000","2018-08-17 15:45:42.000000","203.34"
"a13aaf2d2886ab9fb30fb9a920160b8f","SC","4","4","1011.52","4","4","1011.52","74.31","252.88","2018-07-22 23:58:52.000000","2018-08-02 22:48:54.000000","252.88"
"28872dc528e978a639754bc8c2ce5a4c","RS","1","1","1009.90","1","1","1009.90","29.00","1009.90","2018-06-11 22:55:43.000000","2018-06-11 22:55:43.000000","1009.90"
"5011f0d93373a4c5753adf58ca77af8d","SP","12","22","1009.42","11","21","859.52","363.67","40.93","2017-08-16 11:32:22.000000","2018-05-14 14:34:52.000000","78.14"
"5b664594895aefb418afaee6d40a9a23","RJ","16","22","1008.80","16","22","1008.80","226.38","45.85","2017-01-15 10:14:31.000000","2018-08-05 15:20:44.000000","63.05"
"b45d7ebfb7378630f1bcd74b6ff86ff7","MG","5","5","1007.50","3","3","899.70","68.44","299.90","2017-09-03 15:21:44.000000","2017-10-05 15:13:49.000000","299.90"
"00720abe85ba0859807595bbf045a33b","SP","13","26","1007.50","13","26","1007.50","315.98","38.75","2018-01-27 13:46:31.000000","2018-08-03 16:57:01.000000","77.50"
"fb3cfbc8a86f5d7fbb4d36b8df63f60d","RJ","10","15","1007.30","10","15","1007.30","217.76","67.15","2018-06-11 23:08:00.000000","2018-08-18 15:58:52.000000","100.73"
"bc47d5d1490df2b36add65d733eafaba","SP","24","25","1004.80","21","22","929.80","372.06","42.26","2018-01-11 15:08:00.000000","2018-08-08 14:33:34.000000","44.28"
"980640c45d7a4635885491d077167e4d","SP","14","14","1004.29","14","14","1004.29","242.37","71.74","2018-07-01 09:14:54.000000","2018-08-22 15:43:52.000000","71.74"
"ef9952469137ff190bacafe117f51537","MG","5","5","1002.66","5","5","1002.66","83.94","200.53","2017-03-10 12:46:23.000000","2017-05-30 15:57:13.000000","200.53"
"515d781150feed28a6ac091bb0e3cb8c","MS","6","6","1002.35","6","6","1002.35","152.37","167.06","2016-10-07 21:50:26.000000","2017-05-11 15:19:44.000000","167.06"
"2379bdc3888025689a9deb7b141507d5","SP","9","9","999.50","9","9","999.50","126.11","111.06","2018-01-31 16:57:52.000000","2018-08-03 10:17:53.000000","111.06"
"41c9d3997dd3c072c31139dc5bb5761f","MG","3","3","998.80","3","3","998.80","111.74","332.93","2017-01-27 12:31:05.000000","2017-03-05 14:28:33.000000","332.93"
"cb4a705d00e100b9732d0ca34817d441","SC","1","2","998.00","1","2","998.00","82.56","499.00","2017-11-24 22:07:05.000000","2017-11-24 22:07:05.000000","998.00"
"dff87e4de60c9736ce8df835951b09bc","SP","2","2","998.00","0","0","0.00","0.00",,,,
"b5e3e38609125694d2ea2417522a60b7","SC","16","17","995.04","16","17","995.04","301.14","58.53","2017-04-16 20:39:21.000000","2017-09-19 13:30:18.000000","62.19"
"8a43128d7f9a3db592b866e6861a6cce","SP","3","4","990.60","3","4","990.60","67.89","247.65","2018-06-25 20:37:05.000000","2018-08-23 09:57:21.000000","330.20"
"7ecef8194babfec876ca720714327841","SP","7","8","990.50","7","8","990.50","123.76","123.81","2017-10-15 22:41:59.000000","2018-07-20 18:38:33.000000","141.50"
"d1582f4043306e6b91afa6a8a884f898","SP","9","9","990.00","9","9","990.00","131.92","110.00","2017-11-20 11:47:02.000000","2018-02-12 20:28:01.000000","110.00"
"6025c79c035c3d772133b8b8238463b2","PR","2","4","989.74","2","4","989.74","108.59","247.44","2018-07-18 16:51:01.000000","2018-08-06 21:19:27.000000","494.87"
"8fdca8e349553f99bc738833a62c8802","SP","22","29","989.34","22","29","989.34","380.88","34.12","2016-10-06 12:51:54.000000","2017-08-09 10:26:30.000000","44.97"
"edd066cd02126d7800f9b66e980e9931","DF","6","6","987.70","6","6","987.70","186.23","164.62","2017-06-17 11:42:52.000000","2018-06-13 07:25:51.000000","164.62"
"e84ad2127668df3aafc6b73531a0beb8","SP","19","23","987.00","19","23","987.00","286.73","42.91","2017-12-11 15:30:13.000000","2018-08-08 13:37:57.000000","51.95"
"77dcbb67ccb3659bd58eaf5661560a30","RS","2","2","984.00","0","0","0.00","0.00",,,,
"7a9c12e235c36247c3c81f50d6ea9cea","SP","5","5","983.90","5","5","983.90","115.69","196.78","2017-03-31 23:54:45.000000","2017-05-04 19:13:41.000000","196.78"
"325f3178fb58e2a9778334621eecdbf9","SP","36","46","981.70","36","46","981.70","451.67","21.34","2017-03-09 10:24:00.000000","2018-01-29 19:18:47.000000","27.27"
"83645b1645cdee8953ee54c29ceed564","PR","14","14","978.90","14","14","978.90","266.20","69.92","2017-03-12 12:24:51.000000","2018-08-04 20:00:03.000000","69.92"
"e0eabded302882513ced4ea3eb0c7059","SP","8","8","978.40","8","8","978.40","138.79","122.30","2018-04-02 03:54:22.000000","2018-06-03 20:14:44.000000","122.30"
"a99504ac23ed125aaf5302af6cc30af9","SP","1","1","978.00","1","1","978.00","47.24","978.00","2017-10-14 14:45:58.000000","2017-10-14 14:45:58.000000","978.00"
"8e670472e453ba34a379331513d6aab1","MG","1","1","975.00","1","1","975.00","108.96","975.00","2017-09-06 17:07:29.000000","2017-09-06 17:07:29.000000","975.00"
"3f2af2670e104d1bcb54022274daeac5","PR","6","7","973.60","6","7","973.60","360.58","139.09","2017-09-29 08:52:58.000000","2018-05-19 23:15:03.000000","162.27"
"c1ed9e3daf6154542826a6996af0fb8c","SC","9","17","971.25","8","16","757.50","292.57","47.34","2017-08-15 20:57:47.000000","2018-03-02 15:27:23.000000","94.69"
"ef2fbc2b607d8492bcffe657a4645434","RJ","20","22","970.80","19","21","920.90","353.61","43.85","2018-07-02 16:44:40.000000","2018-08-26 11:44:34.000000","48.47"
"528bcf6680c36dddf07620bd35b33a6f","SP","2","2","969.98","2","2","969.98","43.86","484.99","2017-06-11 21:57:20.000000","2017-10-17 01:08:50.000000","484.99"
"3c3017960b2dbd72711a61f0400aab8f","SC","10","10","968.80","9","9","878.90","228.72","97.66","2017-01-28 17:57:35.000000","2017-04-05 17:01:38.000000","97.66"
"9261d76c62caaf0b24677c2ceb7f8f20","SC","6","7","968.70","6","7","968.70","247.54","138.39","2018-07-05 09:49:54.000000","2018-08-20 23:41:45.000000","161.45"
"9e9b539eb2806acee3f5c28085c1db9f","MG","3","3","967.00","3","3","967.00","72.47","322.33","2017-11-22 00:37:30.000000","2017-12-07 13:19:30.000000","322.33"
"b19c48688808720822399ffa9f2dbe2f","SP","1","1","959.99","1","1","959.99","24.82","959.99","2018-08-22 14:14:50.000000","2018-08-22 14:14:50.000000","959.99"
"05a940b4ecae36cadfd8e93bd9c43257","GO","10","10","952.00","9","9","695.10","169.00","77.23","2017-07-16 17:22:22.000000","2018-02-19 15:20:06.000000","77.23"
"05730013efda596306417c3b09302475","SC","4","4","952.00","4","4","952.00","216.67","238.00","2018-07-06 18:37:58.000000","2018-08-22 20:16:37.000000","238.00"
"f0e103c63864d5405b958d984b6e94c9","SP","11","11","951.70","11","11","951.70","149.71","86.52","2017-04-04 14:13:05.000000","2017-08-26 00:59:30.000000","86.52"
"5b2e94f2c22b39ccc24d34ad0f669672","SP","10","10","949.78","10","10","949.78","390.36","94.98","2018-05-02 14:36:01.000000","2018-08-07 15:10:27.000000","94.98"
"07017df32dc5f2f1d2801e579548d620","PB","8","9","946.49","8","9","946.49","181.75","105.17","2017-03-08 15:00:44.000000","2018-07-29 21:34:43.000000","118.31"
"4f1f1c8666cdb6442f775c4e8caed465","MG","2","2","944.98","2","2","944.98","125.41","472.49","2018-07-25 22:39:01.000000","2018-08-01 14:04:51.000000","472.49"
"4e06067cc08b3f41d837768d392c3ee3","MG","31","46","941.72","31","46","941.72","572.53","20.47","2017-07-16 15:27:12.000000","2018-08-04 19:38:07.000000","30.38"
"6cf476a4ca74498db55cbccdaa9dcfb6","SP","6","7","939.93","5","6","624.94","166.66","104.16","2016-10-06 08:28:19.000000","2017-04-09 22:51:08.000000","124.99"
"69b5eaa096c3f9d1e5c398c597f567d6","SP","2","2","938.00","2","2","938.00","49.02","469.00","2018-08-15 22:27:30.000000","2018-08-25 10:41:50.000000","469.00"
"79a679c36c08d606b3fd47ead9de109b","SP","3","7","935.00","3","7","935.00","137.22","133.57","2018-03-02 12:01:02.000000","2018-05-03 17:57:35.000000","311.67"
"db46ca7bce82b11f7e247539271fc390","RJ","16","16","933.97","16","16","933.97","215.89","58.37","2017-03-21 10:42:25.000000","2017-07-05 09:08:28.000000","58.37"
"3d621842b2ed28e2b474132480edac3c","SP","10","10","928.91","8","8","873.93","123.21","109.24","2017-08-01 22:04:23.000000","2017-11-30 20:18:51.000000","109.24"
"4ebdc7e6cd6102a022dadc49156d4ea8","SP","29","32","928.70","29","32","928.70","369.20","29.02","2017-02-22 10:39:37.000000","2018-07-19 19:38:57.000000","32.02"
"c8025364abeecb115431bf95c11a747f","RS","2","2","928.00","2","2","928.00","43.28","464.00","2018-05-16 19:07:31.000000","2018-08-09 20:57:18.000000","464.00"
"bfd938b22bc99bce1ae60dc602889f52","RJ","6","12","922.80","4","6","623.40","100.47","103.90","2017-01-22 21:50:07.000000","2017-04-03 07:55:19.000000","155.85"
"343e716476e3748b069f980efbaa294e","SP","17","24","922.60","17","24","922.60","312.10","38.44","2017-04-19 22:03:31.000000","2018-08-10 08:00:25.000000","54.27"
"2d42ebcda99fd55f6f4bc2f1ca035d50","GO","10","11","921.50","10","11","921.50","282.47","83.77","2018-06-24 13:21:50.000000","2018-08-08 13:20:45.000000","92.15"
"670a9dda115b5a88b18cfadee8de2332","SP","11","11","918.90","11","11","918.90","183.09","83.54","2017-08-29 20:13:34.000000","2018-08-16 16:28:13.000000","83.54"
"7d7d2b7a51328016102d4528c411d630","SP","7","7","918.80","7","7","918.80","180.05","131.26","2018-04-07 18:26:07.000000","2018-08-18 08:17:21.000000","131.26"
"1caf283236cd69af44cbc09a0a1e7d32","RJ","33","37","917.60","33","37","917.60","612.65","24.80","2017-04-07 12:07:32.000000","2018-07-26 19:41:13.000000","27.81"
"dc7192adf8ba09569261f4a8d576afe0","SP","7","8","917.00","7","8","917.00","161.43","114.63","2018-07-22 19:49:25.000000","2018-08-22 18:50:34.000000","131.00"
"e9729944ba65dc3ce425e0c5a22ae7b2","RJ","4","4","916.70","4","4","916.70","61.73","229.18","2018-05-03 07:32:52.000000","2018-06-09 13:31:20.000000","229.18"
"08d2d642cf72b622b14dde1d2f5eb2f5","SP","17","21","914.00","16","20","909.00","306.16","45.45","2017-02-12 21:40:53.000000","2017-12-06 08:31:25.000000","56.81"
"32e5635e63cb374eb63afdd242fb6134","RJ","1","1","910.00","1","1","910.00","17.82","910.00","2017-08-15 21:29:06.000000","2017-08-15 21:29:06.000000","910.00"
"70849ca4f400aaabb62cb7462a6f1428","MG","12","12","909.58","12","12","909.58","233.66","75.80","2017-12-14 18:10:22.000000","2018-08-18 23:19:12.000000","75.80"
"3f9c56764fabca627406093dcb3ef0b4","RJ","7","7","909.30","7","7","909.30","105.65","129.90","2018-01-22 09:47:40.000000","2018-04-24 18:02:40.000000","129.90"
"973f21788dfab357250f69a8dcb7ddee","MG","10","21","909.00","9","19","819.00","490.03","43.11","2017-01-25 15:47:27.000000","2018-05-14 11:48:47.000000","91.00"
"e5cbe890e679490127e9a390b46bbd20","SP","2","2","908.99","2","2","908.99","28.72","454.50","2018-06-11 22:31:34.000000","2018-08-19 20:04:58.000000","454.50"
"9198786624eaeb375793215cad26cfa6","SC","9","10","908.30","8","9","854.40","198.30","94.93","2017-02-02 19:59:34.000000","2018-04-23 20:25:37.000000","106.80"
"4a1f694197d05fe70026b016a7316b41","SP","14","23","907.77","14","23","907.77","370.98","39.47","2018-02-17 01:22:20.000000","2018-08-12 20:10:32.000000","64.84"
"e250d617a0ad591ba9bd663e584a895d","SP","8","20","904.12","8","20","904.12","300.79","45.21","2018-02-26 19:29:46.000000","2018-08-21 10:47:37.000000","113.02"
"ae45df84722b1d15c5f32b23a095746c","SP","9","12","901.83","9","12","901.83","163.66","75.15","2018-02-22 18:41:33.000000","2018-08-21 10:19:27.000000","100.20"
"e1c76f339ebd5460999f25a2aa8c92c5","SP","1","1","899.90","1","1","899.90","28.80","899.90","2018-05-12 17:51:47.000000","2018-05-12 17:51:47.000000","899.90"
"7dc9a3355bae96dd82008b313d3a456c","MG","1","1","899.00","1","1","899.00","50.62","899.00","2018-06-20 07:42:30.000000","2018-06-20 07:42:30.000000","899.00"
"e51f22821f0c12a16ad5c020cdcd55e9","SP","4","4","898.71","4","4","898.71","98.13","224.68","2018-05-29 09:23:00.000000","2018-08-07 15:17:28.000000","224.68"
"1961c3e1272bfeceb05d0b78b5bbfdaf","SP","3","4","896.00","2","3","657.00","39.01","219.00","2018-07-28 23:32:46.000000","2018-08-18 22:35:15.000000","328.50"
"4ef4c39cf3c24f326434cf0b2e48046a","SP","8","9","891.00","7","8","792.00","109.51","99.00","2018-01-18 19:22:23.000000","2018-08-23 09:53:04.000000","113.14"
"f8201cab383e484733266d1906e2fdfa","SC","10","10","889.00","10","10","889.00","255.83","88.90","2017-06-17 15:21:29.000000","2018-08-11 19:39:37.000000","88.90"
"160e4f13fd3a64b1b86807be88b5ffb0","PR","4","4","886.00","4","4","886.00","94.45","221.50","2017-11-15 19:51:30.000000","2018-02-13 19:14:16.000000","221.50"
"e1dc0754bada9ee4cfe9713f22f61292","RJ","12","12","885.00","12","12","885.00","264.78","73.75","2018-06-13 18:23:39.000000","2018-08-20 14:38:06.000000","73.75"
"ffad1e7127fb622cb64a900751590acd","SP","10","15","884.30","10","15","884.30","206.53","58.95","2018-03-13 14:21:08.000000","2018-07-14 17:40:59.000000","88.43"
"6b9b80d53ba3676eafe60268a810b5a1","SP","10","10","882.70","9","9","783.70","157.51","87.08","2017-02-01 08:42:45.000000","2017-08-28 20:36:01.000000","87.08"
"48985c61529077fa4f1e38bcff0f2ed3","RS","7","7","879.30","7","7","879.30","148.07","125.61","2017-01-31 08:37:02.000000","2017-08-01 13:29:51.000000","125.61"
"e644cbadf7eeb30d0d29f335ce7d52ec","SP","8","10","878.90","7","9","768.91","161.12","85.43","2018-07-03 09:10:24.000000","2018-08-21 23:14:33.000000","109.84"
"134a288e7de827ec5ec62e3ec9c3a295","SP","9","9","877.45","9","9","877.45","126.55","97.49","2017-05-01 12:25:44.000000","2017-09-17 21:55:13.000000","97.49"
"68f86ba270525243e68ae74044f992b9","RJ","11","12","876.50","10","11","777.50","186.70","70.68","2017-08-21 16:49:22.000000","2018-07-30 11:58:55.000000","77.75"
"1f867308a0ce13133a4e639ff4de0c02","PR","7","13","875.10","7","13","875.10","209.82","67.32","2017-09-25 12:07:37.000000","2018-06-02 11:03:09.000000","125.01"
"cac63f48c38cd7d002a7e846dcd99a23","SP","10","10","874.00","10","10","874.00","140.62","87.40","2017-11-27 22:26:08.000000","2018-08-18 19:39:10.000000","87.40"
"efff9341f3f8f5237b44ff67ed36a7bf","ES","5","5","872.99","5","5","872.99","99.66","174.60","2018-05-01 22:37:30.000000","2018-08-15 19:42:43.000000","174.60"
"9c690ceacd5c66731bf443ea810195cb","MG","10","12","871.80","10","12","871.80","249.22","72.65","2017-08-22 20:06:39.000000","2018-08-06 01:16:56.000000","87.18"
"bf00385a5f7fc1ef39a13c2e9ee50a5f","SP","29","29","870.30","28","28","855.40","333.85","30.55","2018-07-03 15:45:08.000000","2018-08-27 19:59:06.000000","30.55"
"eddd1991bd6d9309995a480c39b95137","PR","3","3","866.00","2","2","601.00","71.55","300.50","2017-11-06 13:59:41.000000","2017-11-06 18:48:57.000000","300.50"
"557f22c76691849db52d2abccf0015d0","GO","13","14","865.86","12","13","799.87","308.67","61.53","2017-05-08 13:45:25.000000","2017-09-12 23:58:05.000000","66.66"
"400f221ab83037c0ea78f1267da9624d","SP","1","1","865.00","0","0","0.00","0.00",,,,
"ab3e0c171fe84a7ba7de130f19cfb485","PR","7","10","863.42","6","7","623.45","112.88","89.06","2017-04-16 12:18:38.000000","2018-04-05 18:57:58.000000","103.91"
"a67780aba9dd436e7ac0aa1f889e73ec","SP","6","6","863.00","6","6","863.00","178.04","143.83","2017-11-24 12:23:11.000000","2018-08-06 18:03:11.000000","143.83"
"41da412d33e8da4f22baf55cb1bde82c","ES","15","21","862.90","15","21","862.90","374.16","41.09","2018-01-24 19:13:01.000000","2018-06-20 08:46:31.000000","57.53"
"20cb7c2fde3e5bf10f0bbe7394e1c6a9","PR","32","51","861.90","31","50","845.00","780.15","16.90","2017-03-14 19:26:29.000000","2018-08-21 19:23:38.000000","27.26"
"6a8a889bde935bafa76d7848782dfaf9","SP","26","30","860.82","26","30","860.82","367.80","28.69","2018-03-21 14:04:40.000000","2018-06-04 07:25:50.000000","33.11"
"c4fabeea6e569d42d02993bb1f4f1cbc","CE","11","11","859.30","11","11","859.30","277.22","78.12","2018-01-12 12:45:01.000000","2018-08-07 15:42:52.000000","78.12"
"2c43fb513632d29b3b58df74816f1b06","MG","3","3","858.00","3","3","858.00","72.17","286.00","2018-06-20 21:40:18.000000","2018-07-23 20:50:50.000000","286.00"
"e8dba4d70f7f2b20e775d09cae01142d","SP","9","9","855.91","9","9","855.91","176.48","95.10","2018-05-29 21:59:03.000000","2018-08-21 12:20:19.000000","95.10"
"0aa124728afc1131dff5655f4c6f487b","MG","2","2","850.92","0","0","0.00","0.00",,,,
"f783a638e9c6af4a7d0dbfde811e7a81","SP","5","5","849.80","5","5","849.80","153.10","169.96","2018-02-04 03:44:01.000000","2018-04-03 16:17:10.000000","169.96"
"1099a00e0ee3a50935e6c2447ca090c5","RJ","3","3","849.70","3","3","849.70","61.13","283.23","2017-11-09 18:46:46.000000","2018-01-02 18:05:48.000000","283.23"
"4221a7df464f1fe2955934e30ff3a5a1","BA","5","5","849.50","5","5","849.50","239.54","169.90","2018-06-27 20:35:02.000000","2018-08-13 12:29:00.000000","169.90"
"010da0602d7774602cd1b3f5fb7b709e","SP","1","5","849.50","1","5","849.50","230.25","169.90","2018-06-06 18:37:14.000000","2018-06-06 18:37:14.000000","849.50"
"a0d7fbb07bb5ebc3b05980e750db56f3","SP","3","4","848.99","3","4","848.99","236.19","212.25","2018-05-04 00:28:43.000000","2018-08-12 22:56:51.000000","283.00"
"3dbbce181edfaa4a597ec858c382d2ec","PR","17","20","848.30","17","20","848.30","440.27","42.42","2017-04-17 10:11:29.000000","2017-12-11 19:56:32.000000","49.90"
"fe1b067411b8c5066e962aa146ccee03","SP","8","8","847.78","8","8","847.78","143.10","105.97","2018-07-24 13:41:59.000000","2018-08-21 09:33:04.000000","105.97"
"113e3a788b935f48aad63e1c41dac1bd","SP","39","48","847.35","39","48","847.35","686.60","17.65","2017-07-22 13:30:25.000000","2018-08-17 08:59:55.000000","21.73"
"2dd1fb6f0e42a2243b8a01e40cd41216","PR","4","5","845.89","3","4","686.89","80.43","171.72","2017-02-20 08:35:25.000000","2017-04-22 14:49:56.000000","228.96"
"2b03ac196f5ed62ac483960fe0fa3b65","SP","7","7","843.10","7","7","843.10","92.09","120.44","2017-11-10 10:51:55.000000","2018-05-02 10:48:44.000000","120.44"
"ddd51ae8cda92f3995a51fc0f0f3eec7","RJ","8","25","842.70","8","25","842.70","276.92","33.71","2017-01-28 18:30:17.000000","2018-01-16 20:24:56.000000","105.34"
"0791d9fc1e30678ecf03d3e55fa108d3","MG","5","11","842.00","5","11","842.00","186.99","76.55","2018-05-15 14:03:08.000000","2018-07-24 16:03:03.000000","168.40"
"a1544b9ea0b2390e020537d4daa89049","SP","8","8","841.20","8","8","841.20","107.33","105.15","2017-02-17 01:16:37.000000","2018-08-16 15:35:40.000000","105.15"
"a3b42d266fa8afc874b909422ce88582","SP","1","6","839.40","1","6","839.40","81.84","139.90","2018-07-31 10:27:34.000000","2018-07-31 10:27:34.000000","839.40"
"c37b2059d4f90d4feead554e5246565e","SP","12","16","839.30","12","16","839.30","221.98","52.46","2017-11-03 16:43:28.000000","2018-07-02 20:39:32.000000","69.94"
"6e4f5ff6b086632ba8dcb558fb10249e","RS","5","5","838.90","5","5","838.90","214.35","167.78","2018-02-27 01:52:55.000000","2018-07-19 14:17:07.000000","167.78"
"82cb9f452fe8334df74b22d37824b431","RS","14","18","838.20","14","18","838.20","317.06","46.57","2018-04-11 10:48:10.000000","2018-08-01 15:01:52.000000","59.87"
"eba88037e1dca898cd02881f67ced679","SP","6","6","838.10","6","6","838.10","93.47","139.68","2017-04-26 14:18:33.000000","2018-03-10 17:32:15.000000","139.68"
"b81e3a6c866a764974fe849821abeebd","SP","8","11","836.15","8","11","836.15","216.86","76.01","2018-07-14 19:31:09.000000","2018-08-15 22:06:09.000000","104.52"
"28f10b1c5e5abb9d4857745bede6147c","SP","28","28","835.00","28","28","835.00","350.42","29.82","2018-04-28 07:47:49.000000","2018-08-17 14:33:23.000000","29.82"
"297d5eccd19fa9a83b2630071ff105e4","PR","8","8","834.97","8","8","834.97","141.76","104.37","2018-07-19 22:48:13.000000","2018-08-23 09:35:05.000000","104.37"
"1bb3812d5f0747a3ab7348f199001a10","SP","9","9","834.40","9","9","834.40","215.17","92.71","2017-11-06 23:39:18.000000","2018-08-14 19:46:25.000000","92.71"
"91543f9849d68d023e17194926598543","SC","4","6","834.00","4","6","834.00","266.57","139.00","2017-08-04 19:02:19.000000","2018-02-22 17:20:48.000000","208.50"
"c00396cbdd2e088fe4281baa5920aef1","PR","1","3","832.41","1","3","832.41","73.44","277.47","2018-04-04 14:36:46.000000","2018-04-04 14:36:46.000000","832.41"
"a2deecd5398f5df4987110c80a1972a3","SP","16","16","827.43","13","13","623.81","221.99","47.99","2018-04-04 21:44:26.000000","2018-08-24 14:37:50.000000","47.99"
"8602a61d680a10a82cceeeda0d99ea3d","SP","17","19","826.99","17","19","826.99","252.91","43.53","2017-08-04 16:41:25.000000","2018-08-02 16:31:11.000000","48.65"
"1cd9e0cc1839d55516843def5600816d","SP","5","5","825.00","5","5","825.00","101.72","165.00","2018-06-18 13:34:26.000000","2018-08-19 15:43:09.000000","165.00"
"340636a908b13bbe0f4fb63fbe1d0c03","SP","5","6","823.20","3","3","490.50","36.00","163.50","2018-04-06 17:48:33.000000","2018-05-06 11:40:23.000000","163.50"
"51e4e89242cbb846c2deff3dc015650e","RS","16","16","822.58","16","16","822.58","353.17","51.41","2018-04-04 16:32:31.000000","2018-08-20 17:16:49.000000","51.41"
"10076e5788b8ee532724bcd460baf762","SP","23","26","821.48","23","26","821.48","377.30","31.60","2017-05-11 17:19:02.000000","2018-07-24 16:05:58.000000","35.72"
"28ea411b354f14b1a494be4e79f0ce02","SP","6","6","820.00","6","6","820.00","76.93","136.67","2017-02-28 13:40:03.000000","2018-01-30 16:34:50.000000","136.67"
"0aa2205ca24f113f4658a5c536667426","SP","4","11","815.62","4","11","815.62","172.48","74.15","2018-04-18 11:16:54.000000","2018-08-14 17:39:49.000000","203.91"
"63a79f5a7eb5cb48a7e5787b141c7993","MG","11","11","815.10","11","11","815.10","200.83","74.10","2018-04-11 12:14:12.000000","2018-07-16 12:34:46.000000","74.10"
"daf565f087a52def0fd5c5825b3661bc","SC","9","9","813.90","9","9","813.90","307.93","90.43","2018-06-16 21:14:44.000000","2018-08-22 12:44:03.000000","90.43"
"dc64d75cc406bb0697be983831430e60","MG","4","4","813.00","4","4","813.00","92.55","203.25","2018-05-22 15:15:50.000000","2018-08-16 09:41:52.000000","203.25"
"a1bea7061f61f6fdd9a85a6325ba1033","SP","9","9","810.95","9","9","810.95","99.93","90.11","2018-06-27 11:26:01.000000","2018-08-26 13:26:12.000000","90.11"
"5996cddab893a4652a15592fb58ab8db","SP","1","1","810.00","1","1","810.00","70.75","810.00","2018-07-04 12:08:27.000000","2018-07-04 12:08:27.000000","810.00"
"17adeba047385fb0c67d8e90b4296d21","SP","1","3","809.70","0","0","0.00","0.00",,,,
"bd4431c1a8dfa744b59e1e2a8bc99b9e","RJ","7","7","809.50","7","7","809.50","204.09","115.64","2018-04-05 22:09:05.000000","2018-08-14 12:35:00.000000","115.64"
"14ee35374a7876217954b5fa08e50463","SP","6","6","809.00","6","6","809.00","114.05","134.83","2017-10-04 19:55:43.000000","2018-01-17 11:42:31.000000","134.83"
"ba5daa4041e1f15cdf34b76e3e18a450","SP","15","15","806.80","15","15","806.80","152.55","53.79","2018-02-03 12:38:58.000000","2018-08-20 11:16:03.000000","53.79"
"caa9bc43a9fe8cf9c564ddd8a03cc4a6","SP","13","14","803.87","13","14","803.87","233.87","57.42","2018-04-16 13:04:33.000000","2018-08-27 18:50:06.000000","61.84"
"a72c2f59332659e361d647515c698798","RS","5","6","802.90","5","6","802.90","131.03","133.82","2018-01-14 17:09:25.000000","2018-07-16 21:37:24.000000","160.58"
"11eac105f3f90a9b87b19c89d91e24f3","SP","5","5","802.89","5","5","802.89","124.94","160.58","2017-05-24 10:21:15.000000","2017-07-12 17:17:00.000000","160.58"
"ba6b4a237f92479743cf0ca06b67a9ac","RJ","8","8","801.89","8","8","801.89","111.82","100.24","2018-01-17 08:46:59.000000","2018-08-03 18:35:52.000000","100.24"
"7a91bf945c6fae0779f1c61ce97fe45c","RJ","5","5","799.50","4","4","634.60","65.17","158.65","2017-07-17 00:25:55.000000","2017-09-29 15:00:13.000000","158.65"
"253f95b3a0e6983ae18aed49fbc2b845","SP","5","5","799.50","5","5","799.50","91.44","159.90","2018-03-21 08:26:56.000000","2018-06-11 11:52:05.000000","159.90"
"9c7fd21e0aa159b20da593371f08ff7c","SP","7","8","798.30","7","8","798.30","123.50","99.79","2018-03-14 09:25:14.000000","2018-08-21 16:50:51.000000","114.04"
"a247197e2e9c19a6a53a6888cb8b660f","SP","2","2","798.00","0","0","0.00","0.00",,,,
"13511db12ac61e2f89c53b72a944a60b","RS","6","6","798.00","6","6","798.00","265.97","133.00","2018-04-23 13:50:35.000000","2018-08-18 19:15:41.000000","133.00"
"365e4bce19bda0082c3d15d83fdb8bcd","SP","6","7","796.40","6","7","796.40","98.62","113.77","2018-01-22 13:52:39.000000","2018-06-29 23:18:47.000000","132.73"
"5a05a16bb50629ee31afab8a6d4c2674","RS","14","15","794.30","14","15","794.30","281.18","52.95","2018-03-06 17:45:41.000000","2018-07-02 17:52:02.000000","56.74"
"e3a386fc36e22064434e1fa256f6a9fa","SP","16","17","793.90","16","17","793.90","253.25","46.70","2018-01-23 17:08:56.000000","2018-08-16 06:29:04.000000","49.62"
"0d4c8269e7f0401201794deef160edd6","SP","3","4","792.64","3","4","792.64","99.39","198.16","2017-10-17 22:36:32.000000","2017-11-07 17:17:18.000000","264.21"
"52956b80ae65fda598f06f6b9943e7a9","PR","3","3","792.00","3","3","792.00","66.85","264.00","2018-05-07 21:04:51.000000","2018-05-31 16:24:49.000000","264.00"
"5962468f885ea01a1b6a97a218797b0a","PR","8","9","791.00","6","6","674.00","91.74","112.33","2017-07-01 16:58:53.000000","2017-10-18 23:24:26.000000","112.33"
"3d5d0dc7073a299e31fa718ce1bc00b6","RJ","23","24","790.70","21","22","674.80","352.32","30.67","2018-06-13 15:23:50.000000","2018-08-06 19:55:49.000000","32.13"
"134b867a0f7f8bbe6abf10f91874891e","SP","1","1","789.89","1","1","789.89","132.95","789.89","2018-04-19 22:04:20.000000","2018-04-19 22:04:20.000000","789.89"
"f9eedec3129e8cc6b6429c42d0808c5b","RJ","2","2","789.80","2","2","789.80","43.35","394.90","2018-07-24 21:30:17.000000","2018-07-26 00:39:18.000000","394.90"
"ac6417315ae5da8f9a38ee11de6f7780","SP","8","8","788.90","7","7","716.40","134.72","102.34","2017-04-27 09:34:25.000000","2018-03-27 11:44:20.000000","102.34"
"2305ab43e846518f58dd9d59f3f54e96","SP","3","3","788.89","3","3","788.89","42.37","262.96","2018-04-24 13:42:07.000000","2018-06-18 14:46:06.000000","262.96"
"4c61e37f664c3c88aff092aa5ac779d7","RJ","7","8","788.31","7","8","788.31","119.86","98.54","2018-03-10 18:18:20.000000","2018-04-17 11:12:01.000000","112.62"
"3492e68f37fd1df87f4f2f2ea247f445","SP","8","9","787.86","8","9","787.86","169.40","87.54","2018-05-09 22:09:32.000000","2018-08-08 19:53:48.000000","98.48"
"da03c298e3999e9d828591fc2179d109","SP","4","5","787.70","4","5","787.70","54.78","157.54","2017-12-04 21:12:17.000000","2018-02-28 16:31:10.000000","196.93"
"1cbd50a8c52e6cf8e315c5709fab386f","PR","9","9","785.97","9","9","785.97","220.69","87.33","2018-01-23 12:49:41.000000","2018-07-20 12:28:34.000000","87.33"
"9d681c7e12db302cb261e721040dde65","PR","13","14","785.60","13","14","785.60","273.08","56.11","2018-05-21 18:18:25.000000","2018-08-16 16:19:13.000000","60.43"
"9535a841eecebed61a9fb1ac1cbb5597","SP","2","2","784.90","2","2","784.90","33.43","392.45","2017-01-26 16:25:36.000000","2017-02-10 10:34:36.000000","392.45"
"de09d00cfc265b8804c7df34075a68fa","SP","3","3","784.00","3","3","784.00","43.97","261.33","2017-10-15 10:29:07.000000","2018-05-07 15:48:42.000000","261.33"
"5f06030071324cc52bf0304014ac7234","SP","4","4","783.96","4","4","783.96","100.35","195.99","2017-08-20 17:34:32.000000","2017-08-26 11:01:38.000000","195.99"
"d4f117125b59ce73c3302f88ee40c458","SP","17","17","783.29","17","17","783.29","215.32","46.08","2017-12-05 19:02:08.000000","2018-08-12 15:55:36.000000","46.08"
"ef30892870c278497523264be1be2241","SP","9","9","783.20","9","9","783.20","109.34","87.02","2017-12-05 21:18:13.000000","2018-01-31 18:59:31.000000","87.02"
"52a52b9f656520e99716f5bc40f661c8","SP","7","8","783.10","7","8","783.10","148.12","97.89","2018-04-29 18:49:23.000000","2018-07-28 13:11:22.000000","111.87"
"41c2bad7229b0c25e6becf179ebf63ff","RN","20","23","782.00","20","23","782.00","189.92","34.00","2017-11-27 23:23:49.000000","2018-07-20 21:11:30.000000","39.10"
"11742f81550ac064cc9a40f67151d9ad","SP","2","2","781.90","2","2","781.90","49.11","390.95","2018-08-02 14:41:02.000000","2018-08-17 19:00:16.000000","390.95"
"70bf57d811208f8923b41bbd499a67a4","SP","7","7","780.80","7","7","780.80","88.93","111.54","2018-06-26 20:41:56.000000","2018-08-27 17:24:25.000000","111.54"
"e560e4022d8f7aebf155db95946c5c0f","MG","2","2","780.00","2","2","780.00","90.21","390.00","2018-06-12 11:26:51.000000","2018-07-11 20:39:58.000000","390.00"
"cb6c9f5888a7a090c75beaf615925792","ES","11","11","779.89","11","11","779.89","229.08","70.90","2018-04-30 06:31:44.000000","2018-08-19 19:12:14.000000","70.90"
"6524b847b982cd56bb5d4b02b776ee42","SP","1","2","779.80","1","2","779.80","55.14","389.90","2018-02-14 11:42:55.000000","2018-02-14 11:42:55.000000","779.80"
"4deebb3199eeafb282ae33229144f94b","SP","4","5","779.70","4","5","779.70","141.79","155.94","2018-01-14 18:19:35.000000","2018-07-28 13:14:25.000000","194.93"
"5a413ade68e8f8d93071a7f52a64cb9e","SP","14","14","778.90","14","14","778.90","153.77","55.64","2018-08-08 07:11:24.000000","2018-08-29 08:25:34.000000","55.64"
"d66c11a9572221d92fbb8c4897db5f9b","RJ","16","16","776.56","16","16","776.56","387.82","48.54","2018-06-23 22:12:28.000000","2018-08-22 18:36:40.000000","48.54"
"74636e24f01da9268b0ed88dacd8513e","SP","4","4","776.00","4","4","776.00","272.61","194.00","2018-04-25 14:50:27.000000","2018-08-14 07:54:20.000000","194.00"
"71271995e85f5b8530be99ed54a91b89","RS","8","8","776.00","6","6","582.00","92.15","97.00","2017-11-23 11:16:22.000000","2018-05-23 09:07:46.000000","97.00"
"5c3460cd3e8a984382ae254e7dd20d9f","SP","9","10","775.76","9","10","775.76","198.54","77.58","2018-02-23 21:00:11.000000","2018-08-16 15:40:31.000000","86.20"
"d9442042130b7fe579d1295f9f4a248f","SP","19","22","772.16","19","22","772.16","338.88","35.10","2017-04-23 00:17:47.000000","2017-09-11 20:01:57.000000","40.64"
"25be943a321c8938947bdaabca979a90","SP","5","5","769.00","3","3","479.00","95.63","159.67","2018-05-09 14:54:32.000000","2018-07-28 23:15:29.000000","159.67"
"0ff83046c3fa22efee8ecf291888b191","RS","10","11","768.90","10","11","768.90","254.48","69.90","2017-04-01 18:33:06.000000","2018-04-01 22:36:20.000000","76.89"
"4a1917ef994878940e1fb03eeb787ad7","DF","2","3","768.00","2","3","768.00","78.62","256.00","2018-06-19 16:41:53.000000","2018-07-26 10:31:00.000000","384.00"
"562f8cfc51f265411f487d07e9c40e7f","MG","13","13","766.92","13","13","766.92","199.33","58.99","2017-10-18 12:20:20.000000","2018-05-07 18:58:49.000000","58.99"
"80f2cf9abf6b5a0e5c612b5eea6646e6","SP","7","7","766.08","6","6","654.08","225.84","109.01","2018-04-05 08:21:18.000000","2018-05-15 08:31:26.000000","109.01"
"6f83d9e4da896daae20b9b6b2d3ff8d2","PR","11","11","765.19","11","11","765.19","219.85","69.56","2018-03-22 10:15:19.000000","2018-07-31 17:24:44.000000","69.56"
"0b36063d5818f81ccb94b54adfaebbf5","SC","1","15","765.00","1","15","765.00","18.00","51.00","2017-01-30 21:44:49.000000","2017-01-30 21:44:49.000000","765.00"
"5acd070dd3fe441bbb2ec1f1ede515ee","SP","7","8","764.17","7","8","764.17","122.20","95.52","2017-11-24 16:24:26.000000","2018-02-25 14:01:00.000000","109.17"
"2063dd1b9f568df1c16741ea7d3e6adb","PR","3","3","763.10","3","3","763.10","57.17","254.37","2017-03-05 20:31:56.000000","2017-11-15 21:27:34.000000","254.37"
"39c763cca83e654764b7a4a650fb9b7c","GO","11","11","761.00","11","11","761.00","223.21","69.18","2017-09-14 20:57:31.000000","2018-07-27 20:36:45.000000","69.18"
"a56e351445e5863fc8960640ba9190c7","SC","3","4","760.92","3","4","760.92","65.06","190.23","2018-04-06 21:36:54.000000","2018-04-27 14:04:53.000000","253.64"
"ca77545ca4d2dfd1431bf61334e2fa3c","PR","6","10","760.00","6","10","760.00","213.71","76.00","2018-01-02 09:37:13.000000","2018-04-24 15:34:22.000000","126.67"
"ac51cac5e20d69ff485a54746488ef48","SP","4","4","759.90","3","3","700.00","58.70","233.33","2018-01-14 18:50:16.000000","2018-01-29 10:29:18.000000","233.33"
"7c51de0ab286204ce75ff42bf7c10d92","SC","4","4","759.00","4","4","759.00","149.64","189.75","2018-07-22 10:11:35.000000","2018-08-12 17:52:19.000000","189.75"
"458c6fa920810ce2492da71bc26d9eec","SP","2","2","756.76","2","2","756.76","105.61","378.38","2017-12-12 12:05:08.000000","2017-12-21 15:09:09.000000","378.38"
"312ba1d77e9c332ef21f9598b7f64cd7","SP","9","10","756.00","7","7","513.00","102.41","73.29","2018-01-29 11:36:06.000000","2018-07-23 10:53:28.000000","73.29"
"cf654707ed6a99f112c7ec3d6f314b8b","SP","3","4","756.00","3","4","756.00","33.54","189.00","2018-05-14 08:59:51.000000","2018-08-14 21:18:48.000000","252.00"
"21c62b998a043ebe31161d38f84929fc","CE","4","4","750.49","4","4","750.49","90.84","187.62","2018-07-16 17:15:06.000000","2018-08-08 22:21:23.000000","187.62"
"61c36f0fc4a47f9532e5512b66668e62","SP","1","1","750.00","1","1","750.00","17.69","750.00","2018-03-30 09:27:22.000000","2018-03-30 09:27:22.000000","750.00"
"9dc79dd988ac42f4d56c340d7048420a","SP","4","4","749.60","4","4","749.60","94.33","187.40","2018-08-09 09:30:59.000000","2018-08-27 15:18:45.000000","187.40"
"87d3c3aeb3ead335511b3ce315eb341e","SP","15","15","749.35","15","15","749.35","213.71","49.96","2018-06-13 14:35:29.000000","2018-08-17 07:44:54.000000","49.96"
"fd435faa3c0422b60440ea3480d0e77c","PB","1","1","749.00","1","1","749.00","133.87","749.00","2018-08-20 07:36:53.000000","2018-08-20 07:36:53.000000","749.00"
"191d55f7edb8524d525ed01b20fe32e8","DF","3","3","747.00","3","3","747.00","65.80","249.00","2017-11-27 23:57:41.000000","2018-01-18 00:19:41.000000","249.00"
"8d46553a36e68f95350a200c12f8f2e2","SP","13","16","746.60","9","11","660.00","157.21","60.00","2017-08-19 10:08:37.000000","2018-03-15 17:34:36.000000","73.33"
"c89cf7c468a48af70aada384e722f9e2","RJ","14","14","745.00","14","14","745.00","226.01","53.21","2017-06-07 16:38:50.000000","2018-08-06 14:31:24.000000","53.21"
"ba6ce6de456f6c11d08c17701ba5c26f","SP","6","7","744.35","6","7","744.35","130.16","106.34","2018-02-15 17:02:21.000000","2018-07-23 19:41:14.000000","124.06"
"e8a85b5f3df47be0984c55fd4064dbb4","DF","8","14","743.00","8","14","743.00","222.99","53.07","2018-02-11 08:14:07.000000","2018-08-21 08:35:57.000000","92.88"
"6e864f5c4669eff3d98140a07cc50202","SP","13","13","740.59","13","13","740.59","191.77","56.97","2017-08-02 13:12:25.000000","2018-05-30 14:51:11.000000","56.97"
"2ba91c7ad80ff88b23b7db823b43c233","SP","6","6","740.40","6","6","740.40","99.93","123.40","2018-04-04 12:42:36.000000","2018-08-12 19:57:00.000000","123.40"
"5bba18b40e8c973b0f32e748004775b0","SP","1","1","739.98","1","1","739.98","44.82","739.98","2016-10-10 13:57:41.000000","2016-10-10 13:57:41.000000","739.98"
"c522be04e020c1e7b79f3acff36513d5","SP","7","7","739.93","6","6","649.94","90.48","108.32","2018-04-23 01:40:58.000000","2018-08-23 13:33:34.000000","108.32"
"8a40ae794fa3f9892cee24bd5af0488b","PR","6","6","739.85","6","6","739.85","206.41","123.31","2017-06-12 22:07:23.000000","2018-06-19 14:04:13.000000","123.31"
"ba6b68b55fe8704377a7d43c8e5c0185","MG","5","5","739.77","5","5","739.77","92.45","147.95","2017-05-02 06:49:31.000000","2017-06-03 14:27:54.000000","147.95"
"6bb62a4912377c7bfe7cb17b406bc7e6","SP","4","6","739.52","4","6","739.52","105.87","123.25","2018-07-30 15:26:34.000000","2018-08-14 06:30:49.000000","184.88"
"8c91bfea4263b8fba54081460693e2a1","RS","2","2","739.00","2","2","739.00","46.75","369.50","2017-02-05 21:37:59.000000","2017-02-20 16:53:03.000000","369.50"
"e73bf2cea7fe4b0b4d287a7568ed1099","SC","4","5","737.70","4","5","737.70","100.13","147.54","2018-07-29 19:40:38.000000","2018-08-26 10:48:04.000000","184.43"
"89dda63a3c907c468ec88c310ed91213","SP","2","2","734.99","1","1","44.99","20.40","44.99","2018-04-08 09:41:45.000000","2018-04-08 09:41:45.000000","44.99"
"56db5c0782e8f7ddc9343f9576ff6d16","SC","2","2","734.80","2","2","734.80","57.15","367.40","2017-01-27 22:01:41.000000","2018-08-07 20:45:25.000000","367.40"
"4200ddf1967c5e41e48db62bc6d4b5ac","SP","22","42","734.80","22","42","734.80","487.93","17.50","2017-08-20 19:18:04.000000","2018-04-18 14:22:18.000000","33.40"
"6e1862e15f33d9994bc25922a85e1efc","SP","8","14","732.49","7","12","668.49","110.83","55.71","2018-06-08 09:47:41.000000","2018-08-21 15:44:52.000000","95.50"
"808d4348b916efa08e766ebad39f61eb","SP","21","21","731.10","20","20","712.95","268.59","35.65","2018-07-07 19:45:17.000000","2018-08-22 10:41:47.000000","35.65"
"33cbbec1e7e1044aaf11d152172c776f","RS","15","16","730.67","15","16","730.67","398.83","45.67","2018-04-03 20:15:00.000000","2018-08-18 13:56:19.000000","48.71"
"da4d149c0ddbac90557103ac0a0ec356","SP","1","1","730.00","0","0","0.00","0.00",,,,
"014d9a685fd57276679edd00e07089e5","PR","11","12","729.88","11","12","729.88","146.93","60.82","2017-11-21 13:22:00.000000","2018-08-17 13:13:21.000000","66.35"
"7210cd29727d674c00741e5e387b3ccd","SP","9","13","729.09","9","13","729.09","145.09","56.08","2018-06-10 13:08:26.000000","2018-08-20 14:31:33.000000","81.01"
"da6a60cc8cc724fe51be021ff8be779c","RJ","12","13","728.79","12","13","728.79","255.79","56.06","2018-05-21 21:49:53.000000","2018-08-17 00:51:18.000000","60.73"
"aac51c486b672a9850d59f3e84b1cf88","SP","10","13","728.28","10","13","728.28","131.29","56.02","2018-08-12 09:56:51.000000","2018-08-24 20:24:26.000000","72.83"
"8132b9bd16876e1b0f8808d43825dd48","SC","2","3","727.90","1","1","77.90","21.00","77.90","2017-05-05 18:20:43.000000","2017-05-05 18:20:43.000000","77.90"
"f19516b9ff26bfeb091b30108db4ddbd","SP","5","5","727.60","3","3","162.70","56.52","54.23","2017-09-24 06:37:27.000000","2017-11-14 21:09:04.000000","54.23"
"d29ba1220fb8634fa3a107e54497b8a4","SP","9","9","724.94","9","9","724.94","182.92","80.55","2018-04-15 17:04:07.000000","2018-08-15 21:17:21.000000","80.55"
"fe1bbc5feda5c8979a8a1b3b2512d5a6","MG","9","10","724.72","9","10","724.72","137.53","72.47","2017-02-03 06:55:52.000000","2017-07-14 17:24:41.000000","80.52"
"6d22a1fcebb6dd08c9cd90b92a93e8d0","SC","12","13","723.70","12","13","723.70","222.73","55.67","2017-08-27 23:06:38.000000","2018-01-26 14:27:45.000000","60.31"
"d9e7e7778b32987280a6f2cb9a39c57d","SP","11","13","722.50","11","13","722.50","263.89","55.58","2018-01-10 14:42:48.000000","2018-06-08 16:40:18.000000","65.68"
"07d75e33f2750d97d467fb57e4dfdd8a","SP","2","2","722.40","2","2","722.40","37.19","361.20","2018-03-06 09:17:21.000000","2018-05-07 09:49:04.000000","361.20"
"c8cc60ffd415254af5d9b9f34f32c369","SP","8","9","722.20","8","9","722.20","194.03","80.24","2018-06-05 19:11:38.000000","2018-08-15 17:47:48.000000","90.28"
"b16d3dadc47d4eb18be3d88bad0775ce","RS","10","11","722.10","10","11","722.10","178.44","65.65","2018-05-29 23:02:46.000000","2018-08-16 22:06:01.000000","72.21"
"94231344608e603693b0a8891143f65d","SP","3","3","722.00","3","3","722.00","102.18","240.67","2018-05-19 15:07:25.000000","2018-08-07 16:58:43.000000","240.67"
"d79e8478eed9999493990b44955fb22e","RJ","5","5","721.89","5","5","721.89","80.72","144.38","2018-06-28 09:14:43.000000","2018-08-19 12:33:05.000000","144.38"
"68ca56ce86830f3d31b1b7ec6a54da3e","PR","6","6","719.59","5","5","599.69","123.34","119.94","2018-07-11 18:16:29.000000","2018-08-10 18:10:00.000000","119.94"
"07de60b03d150fb3ea09eab5da5e4c8b","SP","9","9","719.10","9","9","719.10","169.90","79.90","2018-01-31 23:06:27.000000","2018-08-18 20:44:06.000000","79.90"
"75a4764c108403a7a0575140cb22287c","RS","5","9","716.90","5","9","716.90","210.15","79.66","2017-12-12 08:14:21.000000","2018-04-10 08:47:23.000000","143.38"
"d558ebe531605a1285ab2b1bc3256dfb","MG","3","3","709.00","3","3","709.00","73.23","236.33","2018-03-16 18:48:02.000000","2018-06-09 18:56:00.000000","236.33"
"024b564ae893ce8e9bfa02c10a401ece","SP","2","8","706.40","2","8","706.40","212.00","88.30","2016-10-05 12:41:38.000000","2017-02-12 18:46:20.000000","353.20"
"e21a1e8be4715b0fcfd5385643bc49c4","SC","21","24","703.60","20","23","673.70","454.51","29.29","2017-05-09 13:20:39.000000","2018-02-22 20:29:58.000000","33.69"
"18e694e0e48ed6f7aa3f24aade5fd697","SP","31","34","701.54","31","34","701.54","504.23","20.63","2018-06-05 19:28:28.000000","2018-08-26 19:07:32.000000","22.63"
"39d61be7a92eb77b7da367bd4845bc0e","SP","7","14","700.59","7","14","700.59","209.03","50.04","2018-03-21 20:35:30.000000","2018-08-07 14:24:03.000000","100.08"
"3ef37b7ca6dd2b80bd8af81a62504996","SP","2","2","700.00","2","2","700.00","40.97","350.00","2017-03-02 18:58:10.000000","2017-09-01 16:25:37.000000","350.00"
"328acb143b4a73aad6bee8e734f5d20d","PR","2","2","699.98","2","2","699.98","34.77","349.99","2017-02-06 13:51:28.000000","2017-02-10 14:49:23.000000","349.99"
"1b4b28463457a256e9a784ebe2a8f630","SP","1","1","699.42","1","1","699.42","15.92","699.42","2018-08-07 16:49:52.000000","2018-08-07 16:49:52.000000","699.42"
"59cea8e446d3834393058e7e0666b6fb","PR","10","10","696.60","10","10","696.60","204.54","69.66","2018-06-16 16:17:45.000000","2018-08-16 14:23:18.000000","69.66"
"c7fdb77fdbff3c41981bc52f787e959e","SP","10","12","696.32","9","11","658.48","166.68","59.86","2018-01-10 02:05:46.000000","2018-07-21 19:34:46.000000","73.16"
"0d83f8e03188682112cc0d93523705cc","RS","4","8","696.26","4","8","696.26","124.31","87.03","2017-11-14 09:05:04.000000","2018-01-22 11:52:53.000000","174.07"
"1352e06ae67b410cdae0b2a22361167b","RJ","4","4","696.00","2","2","178.00","36.10","89.00","2017-04-07 18:12:59.000000","2017-04-07 19:33:15.000000","89.00"
"fac35d150712afb921ec59ac5f39bb11","MG","5","6","696.00","5","6","696.00","104.64","116.00","2018-02-24 14:37:03.000000","2018-07-16 13:57:23.000000","139.20"
"83d7070a0b9a8b4625fa8682b819fabb","SP","2","2","694.77","0","0","0.00","0.00",,,,
"73b8eb4a9a729d4019b24ed1be748cbf","SP","8","8","692.41","7","7","568.90","86.60","81.27","2018-06-18 10:32:17.000000","2018-08-07 14:24:49.000000","81.27"
"b4b447d715f9ab302a188fb43d3e96b3","SP","5","5","685.93","5","5","685.93","93.73","137.19","2018-07-03 15:00:40.000000","2018-08-26 22:19:40.000000","137.19"
"b2c97074649f92197d9387d9033dda5f","SP","10","11","684.71","10","11","684.71","279.37","62.25","2018-04-23 10:28:37.000000","2018-08-14 13:27:56.000000","68.47"
"4e6015589b781adaa5ce7f1892d06bb1","SP","3","3","684.00","3","3","684.00","56.50","228.00","2017-10-12 19:42:09.000000","2018-01-24 11:06:18.000000","228.00"
"2fb25ab44bdbeae6a4d816e0d0c9d500","RJ","5","5","683.08","5","5","683.08","78.21","136.62","2017-08-18 01:36:03.000000","2018-06-22 21:40:54.000000","136.62"
"9aa388272ee334b6ae07bc73706e254a","MG","6","7","678.00","6","7","678.00","183.46","96.86","2018-03-30 21:23:29.000000","2018-08-17 00:25:31.000000","113.00"
"d9cd369bffa979d1634f8e1318bf2f1b","SP","3","3","678.00","3","3","678.00","66.81","226.00","2018-05-13 22:12:59.000000","2018-08-10 11:02:08.000000","226.00"
"89a51f50b8095ea78d5768f34c13a76f","DF","10","11","677.16","10","11","677.16","177.10","61.56","2018-04-24 15:34:42.000000","2018-07-31 20:54:09.000000","67.72"
"a513150f33f99a06569e9cd5c4bb889b","SP","2","2","677.00","2","2","677.00","34.25","338.50","2017-11-27 14:19:38.000000","2017-12-01 15:32:44.000000","338.50"
"6861de0f40cacb0602e473c51639f980","PR","5","8","674.00","5","8","674.00","275.73","84.25","2017-11-18 10:53:18.000000","2018-07-04 17:37:50.000000","134.80"
"c6218512d16fcac0af02fe92691cf274","MG","8","8","674.00","8","8","674.00","194.64","84.25","2017-04-11 13:00:12.000000","2017-06-02 14:34:31.000000","84.25"
"8c0de775f52fe41590b376a3b7c50f68","SP","9","9","672.70","8","8","594.80","112.72","74.35","2018-03-15 22:24:24.000000","2018-07-03 15:02:54.000000","74.35"
"7354220fb240bde543b3c40c060d41e7","DF","7","7","672.00","7","7","672.00","165.13","96.00","2018-01-04 13:40:05.000000","2018-07-25 04:34:42.000000","96.00"
"e4ebd3f87bf70440014f07ddda7fbe03","SP","7","7","671.50","7","7","671.50","115.76","95.93","2017-12-07 21:14:24.000000","2018-03-05 18:13:14.000000","95.93"
"0a85ebe4e328db81ac9109781205e2f7","SP","12","12","667.90","12","12","667.90","137.75","55.66","2018-05-11 10:18:31.000000","2018-08-24 15:40:41.000000","55.66"
"6824a69c9ea0313eba299dd4a2dba09a","MG","6","7","666.90","6","7","666.90","117.18","95.27","2018-07-24 14:23:37.000000","2018-08-20 15:12:42.000000","111.15"
"7bcd7c5f8631701474db233ccf1c094b","SP","11","11","666.00","8","8","419.00","132.04","52.38","2017-04-14 14:28:24.000000","2017-08-27 17:51:48.000000","52.38"
"5f7300535881cef3b625fd683cf7d145","RS","10","11","665.98","10","11","665.98","170.85","60.54","2017-10-15 23:06:38.000000","2018-07-22 21:51:37.000000","66.60"
"55c26bcb609f480eb7868594245febb5","SP","6","6","664.40","6","6","664.40","161.83","110.73","2018-04-09 13:11:49.000000","2018-08-09 11:44:40.000000","110.73"
"bdae679a9b282249bc23b9b69dae9a99","DF","6","12","663.15","6","12","663.15","188.83","55.26","2018-02-14 11:37:48.000000","2018-08-13 12:13:40.000000","110.53"
"1430239a858e7682bbc43b20758af153","SP","18","23","660.79","17","22","633.99","254.65","28.82","2017-08-22 16:56:24.000000","2018-08-21 18:22:34.000000","37.29"
"49383af7ab774e4e8f3000f49c83dc4b","SP","8","12","660.00","8","12","660.00","242.23","55.00","2018-04-27 19:48:04.000000","2018-08-20 23:18:27.000000","82.50"
"299c89a525fee36c567f4fe72f038100","CE","2","2","658.00","1","1","189.00","53.67","189.00","2018-08-08 17:36:33.000000","2018-08-08 17:36:33.000000","189.00"
"525e75a6fb1454a2325ab1734bcec221","SP","10","11","657.07","9","10","607.17","112.22","60.72","2017-04-13 10:14:47.000000","2017-10-02 12:47:00.000000","67.46"
"b0398568231ba5e6734af1881671a317","ES","4","4","656.77","4","4","656.77","113.35","164.19","2018-03-22 14:59:06.000000","2018-04-10 09:24:49.000000","164.19"
"c447f8dd3ed213f291d65ef074a268eb","SP","7","8","655.00","7","8","655.00","122.23","81.88","2017-02-06 00:25:15.000000","2017-06-19 02:03:15.000000","93.57"
"b7cc6c5e001441ae8cdd5c69a480cbe4","SC","6","6","651.80","5","5","452.80","137.25","90.56","2017-02-26 23:33:43.000000","2017-11-24 14:59:30.000000","90.56"
"cd3d09fbe6e3e9ff0c0ac0c300e93ae7","SP","12","12","651.04","12","12","651.04","229.19","54.25","2018-06-27 12:13:43.000000","2018-08-18 12:18:56.000000","54.25"
"5d043cd5512d4bd2f88e5ccdd5736c38","SP","1","1","650.00","1","1","650.00","64.91","650.00","2017-03-11 19:12:49.000000","2017-03-11 19:12:49.000000","650.00"
"43402bdf22aa2310e8f99e2f94f78628","SP","4","5","649.95","4","5","649.95","187.15","129.99","2018-05-14 18:13:58.000000","2018-06-28 00:15:39.000000","162.49"
"f435898e493ba0356019a0b1cb8b55b1","PR","10","12","649.76","10","12","649.76","230.92","54.15","2017-02-05 02:16:12.000000","2018-05-25 10:23:03.000000","64.98"
"236585a4ddb5fea9fa40233e2249ed91","RS","11","11","649.53","11","11","649.53","188.14","59.05","2017-11-05 15:36:10.000000","2018-08-09 23:21:52.000000","59.05"
"9cad4b68bb993ee401a3c5aaa2bc26dd","SP","5","7","649.30","5","7","649.30","114.03","92.76","2018-01-16 10:17:13.000000","2018-07-15 23:59:54.000000","129.86"
"54aa8463e87776b5612f4bdc4bd5d4de","MG","7","7","649.30","7","7","649.30","123.53","92.76","2016-10-07 10:57:46.000000","2017-02-21 10:53:34.000000","92.76"
"95b293867b5862941c9cd74f756a3c68","SP","9","9","648.10","9","9","648.10","98.12","72.01","2017-11-27 11:34:56.000000","2018-02-22 09:55:25.000000","72.01"
"b26741d31a563d769b4af0465ab20c56","SC","2","2","648.00","2","2","648.00","47.03","324.00","2018-02-20 18:17:18.000000","2018-03-26 16:14:32.000000","324.00"
"72c38a04bd6a1c3dbc5298425a0db86d","PR","4","5","647.30","4","5","647.30","113.35","129.46","2018-05-13 22:30:46.000000","2018-07-05 10:00:59.000000","161.83"
"2aa3443d7bf9d9bb11133f420d75e083","RJ","10","10","647.00","10","10","647.00","134.12","64.70","2017-11-14 12:43:54.000000","2018-08-13 01:18:39.000000","64.70"
"13f57c12a00ed4610db646b913a7f5c6","SP","7","13","645.20","7","13","645.20","175.95","49.63","2017-09-25 10:08:28.000000","2018-05-04 06:35:42.000000","92.17"
"8d899e15a5925f097cca50faa49b15e3","SP","4","10","645.00","4","10","645.00","150.98","64.50","2018-05-28 11:02:23.000000","2018-08-17 12:58:36.000000","161.25"
"ad273c9eb54ecb4532de4bf75bae9e4e","PR","10","11","645.00","10","11","645.00","184.75","58.64","2017-03-01 11:31:23.000000","2018-08-09 01:14:45.000000","64.50"
"f3295428338a40977a03f555246a70f4","ES","7","7","644.98","7","7","644.98","124.40","92.14","2017-10-23 14:59:46.000000","2018-02-05 23:24:02.000000","92.14"
"5882f40daf39bc2a465e0cb453ddc222","SP","1","1","640.00","0","0","0.00","0.00",,,,
"bd1d49a326abfa9b1036772e40445430","SP","12","13","637.70","12","13","637.70","188.50","49.05","2017-11-07 22:51:11.000000","2018-06-15 12:52:13.000000","53.14"
"bc503e244f187939d10c92a5c8e378ce","SP","7","16","637.67","6","13","430.31","173.41","33.10","2017-04-04 13:46:04.000000","2018-02-26 18:30:59.000000","71.72"
"7b98de631987e26dd6d803490c43a13c","PR","8","8","634.20","8","8","634.20","144.43","79.28","2018-05-22 15:14:41.000000","2018-08-02 12:07:34.000000","79.28"
"385799a1cddbd26dfeb9157356a42282","SP","5","7","633.93","4","6","551.94","74.78","91.99","2017-03-28 16:03:34.000000","2017-09-09 16:16:29.000000","137.99"
"be8e909810184b9b19e886129149d8e5","SP","15","15","629.85","15","15","629.85","216.23","41.99","2017-10-03 13:27:13.000000","2018-05-13 13:20:54.000000","41.99"
"c33a5c3c983090c8b78a28e65052a20d","SC","9","9","629.10","8","8","559.20","128.13","69.90","2018-01-15 10:28:06.000000","2018-06-24 23:22:22.000000","69.90"
"685b870da5b52a710782c9c0fefbeb5b","SP","2","2","627.00","2","2","627.00","43.98","313.50","2017-12-09 13:51:24.000000","2018-03-01 16:36:58.000000","313.50"
"8759e7aedd644f487315e5860962f162","SP","3","3","627.00","3","3","627.00","166.34","209.00","2017-11-28 14:16:21.000000","2017-12-27 17:50:31.000000","209.00"
"0570350b23eda5444f8d1d9544932058","SP","6","11","626.90","6","11","626.90","124.86","56.99","2018-04-12 23:43:37.000000","2018-05-22 20:17:22.000000","104.48"
"d8cf3b6a2151949f930d0252b180ec42","PR","6","19","623.70","6","19","623.70","406.48","32.83","2018-04-13 10:09:10.000000","2018-06-21 11:12:14.000000","103.95"
"3969863bb8af7f72580b3b1ffd3a17b3","SP","12","13","623.15","12","13","623.15","226.87","47.93","2017-11-25 00:32:14.000000","2018-08-14 16:18:52.000000","51.93"
"26bad72add1f86e08a776ce4ffdaf1ca","SP","7","7","622.00","7","7","622.00","123.92","88.86","2017-09-13 14:44:40.000000","2018-05-21 11:08:51.000000","88.86"
"b5bb2b985208834bd5bd86c7a402bbad","RS","2","2","621.06","2","2","621.06","38.66","310.53","2018-01-31 21:10:29.000000","2018-04-21 22:27:34.000000","310.53"
"6b15924333bd1a741595fe981ea04822","SP","21","21","614.32","21","21","614.32","240.14","29.25","2017-02-01 11:13:37.000000","2017-07-05 00:35:30.000000","29.25"
"b0b346d3a89f5eb4c2968af3f083cd43","SP","11","12","614.00","9","9","469.00","160.70","52.11","2017-11-14 12:22:53.000000","2018-08-03 11:15:31.000000","52.11"
"1d29dfba02015238dfbe2449a5eaa361","MG","12","12","612.80","12","12","612.80","177.12","51.07","2017-02-01 09:54:31.000000","2018-05-10 13:09:26.000000","51.07"
"b44dbfbf62e52125f3c15d230569ea91","SP","4","8","609.37","4","8","609.37","89.69","76.17","2018-04-19 11:45:55.000000","2018-08-10 10:03:27.000000","152.34"
"3d3ccf2b2f8134b10dce9dd446f0e075","SP","3","3","608.60","3","3","608.60","141.93","202.87","2018-06-20 21:14:59.000000","2018-08-10 11:48:43.000000","202.87"
"c6a7539d424a8402232c2228d7a03c5e","SP","10","15","607.50","10","15","607.50","393.82","40.50","2017-09-05 13:30:15.000000","2018-05-22 22:39:03.000000","60.75"
"2059c39f76271d4ca3f15b5ffaccc8b8","PR","12","12","604.90","12","12","604.90","186.39","50.41","2017-02-01 13:18:42.000000","2017-09-07 20:12:30.000000","50.41"
"aae5e7b457a3c72ee230a47d98fceda5","PR","5","7","604.80","5","7","604.80","140.77","86.40","2018-04-05 14:35:51.000000","2018-08-17 18:21:02.000000","120.96"
"5a6a02f419701fc8c605af71d4fc57a4","SP","10","11","600.50","10","11","600.50","113.91","54.59","2018-05-14 21:43:39.000000","2018-08-24 23:42:21.000000","60.05"
"6179a28a13a726c29b3bf54c070dccab","MG","2","2","600.00","1","1","300.00","61.27","300.00","2017-07-06 17:11:14.000000","2017-07-06 17:11:14.000000","300.00"
"1588ac4010787100dddef64568f0ae35","PR","3","3","599.97","3","3","599.97","46.00","199.99","2017-12-22 20:35:38.000000","2018-01-18 15:29:09.000000","199.99"
"8e29d051f810eb22959ede205b462b9f","SP","2","2","599.80","2","2","599.80","213.48","299.90","2018-06-10 14:03:38.000000","2018-06-19 13:38:23.000000","299.90"
"ad8ada0ffa993cb1197d102d9ab21a3e","MG","1","2","599.80","0","0","0.00","0.00",,,,
"3be5841cdcc46de4ed3f9116f104b2c5","SP","4","4","599.60","4","4","599.60","88.35","149.90","2017-01-24 21:16:50.000000","2017-02-12 21:41:09.000000","149.90"
"53336f97ddbe53e2a617d07b17447b95","SP","1","1","599.50","1","1","599.50","75.33","599.50","2017-10-04 09:13:51.000000","2017-10-04 09:13:51.000000","599.50"
"d94ba08b99bedd6a5f6c875ecc4a6fac","PR","9","10","599.00","8","9","539.10","161.60","59.90","2017-04-12 11:02:29.000000","2017-07-27 10:15:39.000000","67.39"
"262237171f48e85819065498cac80d7b","SC","4","10","599.00","4","10","599.00","150.00","59.90","2017-08-02 08:58:27.000000","2018-08-02 22:27:23.000000","149.75"
"d0d70d21e2234dd7cd3cf63fe414148a","PB","8","9","598.40","8","9","598.40","366.59","66.49","2018-06-28 00:41:07.000000","2018-08-15 20:43:17.000000","74.80"
"638cba8be1fb599bbb76fd6948351eb3","SP","17","26","598.20","16","22","535.40","268.27","24.34","2017-05-21 19:27:09.000000","2017-09-28 15:30:58.000000","33.46"
"8bd0e3abda539b9479c4b44a691be1ec","RS","7","13","596.55","6","12","425.75","212.27","35.48","2017-05-29 19:02:29.000000","2018-01-06 23:02:42.000000","70.96"
"791cfcfe22fe4a771ece27f90017da92","SP","2","2","596.26","1","1","298.13","17.85","298.13","2017-06-12 14:07:14.000000","2017-06-12 14:07:14.000000","298.13"
"38e6dada03429a47197d5d584d793b41","SP","7","12","596.14","7","12","596.14","206.91","49.68","2017-09-06 19:27:08.000000","2017-10-29 11:59:16.000000","85.16"
"11938fcc75f6902fea1d0a6f72b54a57","SC","2","2","594.98","2","2","594.98","142.16","297.49","2018-01-11 21:19:54.000000","2018-05-27 23:24:55.000000","297.49"
"3d68c634a99a1ba46dbca3967a69c623","SC","2","2","594.00","2","2","594.00","263.70","297.00","2018-07-22 15:43:14.000000","2018-08-02 12:07:27.000000","297.00"
"eebb3372362aa9a46975164bed19a7e7","SP","7","8","591.92","4","4","295.96","58.65","73.99","2017-03-28 11:33:47.000000","2017-05-09 20:50:26.000000","73.99"
"6e0908ef4d4efadbc3cc2b74ea477cb0","RJ","8","11","589.45","8","11","589.45","160.83","53.59","2017-02-05 17:06:00.000000","2017-09-01 16:11:40.000000","73.68"
"768a86e36ad6aae3d03ee3c6433d61df","SP","17","17","587.46","17","17","587.46","180.24","34.56","2018-06-19 11:51:55.000000","2018-08-23 20:27:42.000000","34.56"
"6e4a902d1054e4e17aa6eab87fac1c75","SP","7","8","586.57","7","8","586.57","109.13","73.32","2018-08-06 23:49:14.000000","2018-08-21 21:15:52.000000","83.80"
"b274baf5bbd142410eb2958cf685d684","RS","7","7","585.90","7","7","585.90","148.67","83.70","2018-05-16 12:51:33.000000","2018-07-20 11:33:51.000000","83.70"
"bf961104a38e01b9062ee026bb657dee","SP","4","4","585.56","4","4","585.56","79.90","146.39","2017-02-02 13:51:50.000000","2017-02-09 19:08:19.000000","146.39"
"851773c885feb5e2da3b4f82bc2b17ce","SP","10","10","585.30","10","10","585.30","251.83","58.53","2018-02-08 13:55:48.000000","2018-08-26 13:33:43.000000","58.53"
"70b52a4cfc823994561b00bad161b4ed","SP","8","10","585.00","8","10","585.00","100.35","58.50","2017-02-21 16:17:51.000000","2018-07-18 13:50:09.000000","73.13"
"83353a83fd769dfafa4f21a72b15e3e5","SP","5","5","579.50","5","5","579.50","94.83","115.90","2017-04-01 17:31:42.000000","2017-12-17 23:30:16.000000","115.90"
"be3b4b0f050a6aa1b2d901c4b77e979f","PR","3","8","578.20","3","8","578.20","155.52","72.28","2018-04-26 09:05:59.000000","2018-06-08 12:12:54.000000","192.73"
"f524ad65d7e0f1daab730ef2d2e86196","RS","1","2","578.00","1","2","578.00","31.50","289.00","2018-01-29 22:29:52.000000","2018-01-29 22:29:52.000000","578.00"
"01c97ebb5cdac52891c0ed1c37ba0012","SP","9","12","577.50","9","12","577.50","178.50","48.13","2017-04-13 23:47:01.000000","2018-07-31 19:13:20.000000","64.17"
"5ef131ac72773e5b3f6c0d63cf424657","SP","10","11","575.79","10","11","575.79","246.20","52.34","2018-07-03 22:53:10.000000","2018-08-25 16:48:02.000000","57.58"
"ed8cb7b190ceb6067227478e48cf8dde","SP","15","17","573.50","15","17","573.50","242.71","33.74","2018-07-19 15:36:35.000000","2018-08-27 12:39:11.000000","38.23"
"26af45f5dfd967225a832838aa4e24a3","PR","10","11","573.10","10","11","573.10","198.51","52.10","2018-01-11 13:15:43.000000","2018-08-22 21:26:03.000000","57.31"
"9599519be538b98748162a2b48248960","SP","1","3","570.00","1","3","570.00","60.06","190.00","2018-04-08 07:57:38.000000","2018-04-08 07:57:38.000000","570.00"
"4e326052e5dbba8adcd512f3450a307e","SP","3","6","570.00","3","6","570.00","85.96","95.00","2018-01-31 16:24:50.000000","2018-02-25 11:56:11.000000","190.00"
"a35ef466c6fd6d052f5d241240d3c5e2","RS","3","3","569.90","3","3","569.90","79.65","189.97","2017-08-14 23:18:10.000000","2017-09-30 18:38:46.000000","189.97"
"3f9be91358837bff69df67edfa3e42e8","PR","7","7","569.70","7","7","569.70","132.36","81.39","2018-03-30 11:29:18.000000","2018-05-12 18:04:04.000000","81.39"
"a254c682cc01e119f83530446f1df9a9","SP","6","7","569.40","6","7","569.40","240.02","81.34","2018-03-19 13:24:33.000000","2018-08-22 12:47:22.000000","94.90"
"cd2169d9f31ff6fbb9ca3373b0c9e354","RJ","1","1","569.00","1","1","569.00","56.33","569.00","2018-06-15 11:46:28.000000","2018-06-15 11:46:28.000000","569.00"
"4170f6a9367e6b5d6401d03ce6d54569","DF","4","5","568.78","4","5","568.78","93.03","113.76","2017-10-20 16:51:47.000000","2017-12-20 00:40:45.000000","142.20"
"89ad3263c0931c47f976d7c5778e60f6","SP","6","6","568.20","6","6","568.20","131.54","94.70","2018-06-25 10:02:54.000000","2018-07-28 14:44:16.000000","94.70"
"f52c2422904463fdd7741f99045fecb6","SP","12","13","567.79","12","13","567.79","177.01","43.68","2018-06-15 21:52:01.000000","2018-08-21 18:44:58.000000","47.32"
"b7ed9fb14c8eadb37adb9c45d67ab0fb","SP","7","11","566.00","7","11","566.00","221.75","51.45","2017-07-01 12:10:10.000000","2018-07-27 20:09:23.000000","80.86"
"2f74af7a0ee5636f12c2336f9fffed47","SP","13","13","560.70","13","13","560.70","163.77","43.13","2017-06-04 12:09:58.000000","2017-11-20 18:50:52.000000","43.13"
"6dc9bec584588412a6a338830946a3e4","SP","2","2","560.00","1","1","280.00","84.96","280.00","2017-02-17 13:53:06.000000","2017-02-17 13:53:06.000000","280.00"
"5f5a58930c3c35f3b5af264f34fb8c85","SP","3","3","560.00","3","3","560.00","68.59","186.67","2018-06-25 09:19:01.000000","2018-07-19 12:04:10.000000","186.67"
"b12cfd255810394b60caef18ae163547","PR","2","2","560.00","2","2","560.00","166.15","280.00","2017-11-20 16:52:14.000000","2017-11-24 00:34:46.000000","280.00"
"820c7c9eaf76d2b226b6c242bcf3f34d","SP","1","1","559.00","1","1","559.00","18.00","559.00","2017-01-30 17:33:05.000000","2017-01-30 17:33:05.000000","559.00"
"35b96509602ec4b7da831b5cd73ff2c2","RS","2","2","558.90","2","2","558.90","47.55","279.45","2018-05-08 09:35:12.000000","2018-08-03 19:12:10.000000","279.45"
"6eeed17989b0ae47c9f11ece6f38ea90","SP","3","3","557.00","3","3","557.00","119.01","185.67","2018-07-03 18:58:41.000000","2018-08-27 21:28:43.000000","185.67"
"48fb026ed7455a42f5d3e9390ed5088e","RJ","11","11","555.71","9","9","489.73","191.54","54.41","2017-05-24 12:42:59.000000","2017-08-27 23:02:04.000000","54.41"
"8a207b6080964f3c1fc9d35bd6096ba4","SP","2","3","553.70","2","3","553.70","176.34","184.57","2017-09-20 11:20:55.000000","2017-11-03 11:10:16.000000","276.85"
"74871d19219c7d518d0090283e03c137","SP","6","7","550.04","6","7","550.04","87.87","78.58","2018-04-05 16:56:38.000000","2018-08-21 19:11:28.000000","91.67"
"eb9cd5b35d95206585e2185318cb5c61","SP","2","3","550.00","2","3","550.00","61.55","183.33","2018-06-21 12:24:00.000000","2018-07-16 11:01:26.000000","275.00"
"bb2afe2061d53c6968aa0cffa233a8ec","SP","5","6","549.40","5","6","549.40","94.62","91.57","2018-05-09 17:11:55.000000","2018-07-21 23:56:29.000000","109.88"
"e433f5fd4050e3352b5d83522b7fe24b","PR","1","1","548.06","1","1","548.06","48.71","548.06","2018-08-23 11:45:59.000000","2018-08-23 11:45:59.000000","548.06"
"0d33a55da925bbf1ff02af5f6059fc7f","SP","22","24","547.30","22","24","547.30","385.61","22.80","2017-11-09 12:56:00.000000","2018-08-01 12:32:19.000000","24.88"
"6c99c983ce3b6ba0ab813e6790e81691","MG","9","9","546.75","9","9","546.75","205.76","60.75","2018-05-31 22:54:21.000000","2018-08-07 11:15:11.000000","60.75"
"9c1c0c36cd23c20897e473901a8fb149","SP","6","7","544.97","6","7","544.97","172.07","77.85","2018-05-18 18:22:51.000000","2018-08-23 19:57:47.000000","90.83"
"af7cdac9d9897cddead9c6b08976c642","SP","6","6","543.54","6","6","543.54","150.47","90.59","2018-03-14 08:57:54.000000","2018-08-18 11:30:57.000000","90.59"
"4cc4fd4fdd406a85bbdc1f824b731bd7","PR","1","2","539.98","1","2","539.98","31.24","269.99","2018-02-26 12:08:58.000000","2018-02-26 12:08:58.000000","539.98"
"228e4c1a0be164f613d41c24345f9d2c","PR","5","5","539.70","5","5","539.70","229.74","107.94","2018-05-07 13:31:20.000000","2018-08-10 22:17:45.000000","107.94"
"6c17baf138731a4aaacc3210adf2037b","SP","4","5","538.80","4","5","538.80","89.92","107.76","2018-08-06 15:08:47.000000","2018-08-20 23:20:11.000000","134.70"
"08d1c9478fb0d7d7fcac9c0da4e82fc7","MG","1","1","538.00","1","1","538.00","67.57","538.00","2018-06-12 08:29:53.000000","2018-06-12 08:29:53.000000","538.00"
"79ee721b6f766066a80264402548d359","SP","2","2","538.00","0","0","0.00","0.00",,,,
"ff314fa6033cc68ec451c47aee2d6ba4","SP","2","2","537.90","2","2","537.90","32.44","268.95","2017-01-25 09:09:46.000000","2017-05-19 16:09:06.000000","268.95"
"1fe61aa5494bd3ae92a2c13e067c810f","SC","1","2","537.76","1","2","537.76","100.82","268.88","2017-11-27 12:12:28.000000","2017-11-27 12:12:28.000000","537.76"
"cb9fb4ca75d7ba8437480e8dde64fe98","SP","10","10","532.14","10","10","532.14","173.42","53.21","2017-06-07 16:32:26.000000","2017-10-11 09:41:39.000000","53.21"
"1f7fd2a6fcd5a6fa5d8a4dabc72aaae0","RS","3","3","531.80","3","3","531.80","100.88","177.27","2017-04-05 15:15:05.000000","2018-05-07 09:12:36.000000","177.27"
"6650fcccd8cd2f7e55ffa524f30c4c59","SP","3","3","529.70","2","2","339.80","96.31","169.90","2017-09-05 18:26:23.000000","2017-10-06 16:19:03.000000","169.90"
"2e7ea2aafec5835e781b21d6d1faf1f1","SP","7","7","528.40","7","7","528.40","118.22","75.49","2018-07-05 18:35:55.000000","2018-08-23 21:46:53.000000","75.49"
"7402d13c03a7e91366337cd1de471144","PR","4","4","528.38","3","3","473.89","110.90","157.96","2018-02-10 21:03:56.000000","2018-08-17 11:18:22.000000","157.96"
"6879c4d287a8dd06b11f54ea8f78e4da","SP","6","6","527.67","6","6","527.67","149.46","87.95","2018-06-13 23:58:54.000000","2018-08-14 23:53:56.000000","87.95"
"979e9f8b5b39dd243a2550c8b05aecf0","SP","3","4","525.00","3","4","525.00","46.88","131.25","2018-01-25 12:48:59.000000","2018-04-04 21:49:23.000000","175.00"
"3968920b9aa752ab98f7d5888c9252f2","SP","8","10","523.30","8","10","523.30","157.71","52.33","2018-05-03 19:10:38.000000","2018-08-06 16:19:52.000000","65.41"
"02b72cdeb9cfcc429f1af6f4e3f3b737","SP","4","4","522.65","4","4","522.65","225.99","130.66","2018-07-25 21:20:47.000000","2018-08-22 20:09:46.000000","130.66"
"6e13dd869aa7185f601c941423abcc8f","SP","5","6","522.00","5","6","522.00","76.08","87.00","2018-04-07 18:30:52.000000","2018-07-17 16:29:37.000000","104.40"
"c026ef0d72e9132d9fa112308090c8dc","RJ","1","1","520.00","1","1","520.00","37.72","520.00","2018-08-05 11:38:06.000000","2018-08-05 11:38:06.000000","520.00"
"fc59392d66ef99377e50356ee4f3b4e1","BA","5","5","519.99","5","5","519.99","86.97","104.00","2018-05-20 01:15:58.000000","2018-08-12 07:47:57.000000","104.00"
"f9ec7093df3a7b346b7bcf7864069ca3","SP","9","9","519.20","9","9","519.20","118.93","57.69","2018-07-05 06:46:44.000000","2018-08-26 20:08:21.000000","57.69"
"d197aa8fbc64087f61984deef05f6227","SP","6","7","519.09","6","7","519.09","111.56","74.16","2018-05-16 21:36:57.000000","2018-08-21 13:46:22.000000","86.52"
"b6dc74ed30f124f95227bed4e43a3bed","PR","11","13","518.96","9","10","387.56","164.33","38.76","2017-02-28 22:22:48.000000","2017-12-05 10:31:53.000000","43.06"
"ff4e2d38692ce827b1a4f4b8196e680d","SP","11","11","518.90","11","11","518.90","150.28","47.17","2017-08-20 16:31:57.000000","2018-07-08 10:36:42.000000","47.17"
"a7dc4098e4da6e41b426269d12ae7e91","SP","2","3","518.00","2","3","518.00","36.45","172.67","2018-07-19 11:18:27.000000","2018-08-10 10:39:43.000000","259.00"
"7e79d65b5c6f1f544b7daea036acf720","SP","4","4","517.80","4","4","517.80","62.09","129.45","2017-06-14 14:13:14.000000","2017-10-24 12:11:43.000000","129.45"
"3296662b1331dea51e744505065ae889","SP","1","1","517.80","1","1","517.80","27.71","517.80","2018-08-27 12:41:49.000000","2018-08-27 12:41:49.000000","517.80"
"9e6967d3cf386d284251784b18ccb485","SP","9","11","517.67","9","11","517.67","137.23","47.06","2018-06-12 20:43:08.000000","2018-08-14 15:42:47.000000","57.52"
"64cc804291f90c81f02bfc2bb58ff55a","PR","2","2","517.60","2","2","517.60","46.54","258.80","2018-04-15 00:08:41.000000","2018-07-18 16:51:45.000000","258.80"
"1d503743d2526f03f0c2c89540ee008c","SP","12","17","516.04","12","17","516.04","204.49","30.36","2018-01-25 15:23:17.000000","2018-07-15 12:57:22.000000","43.00"
"b87a7ea0c30fad2dd6781b74a0064859","SP","9","9","515.40","9","9","515.40","122.35","57.27","2018-01-10 19:14:05.000000","2018-07-02 14:00:47.000000","57.27"
"a06c8ff043abea0528ee44171e2140a2","MG","8","8","514.50","8","8","514.50","92.43","64.31","2018-02-22 16:33:54.000000","2018-08-09 21:16:06.000000","64.31"
"c157bdeedcbc9a8e3c8bf0d87ff24428","SP","7","10","514.27","7","10","514.27","208.70","51.43","2017-05-05 16:46:55.000000","2017-08-20 12:22:14.000000","73.47"
"7e959205cebc10adefcb331f934238a4","SP","2","2","513.90","0","0","0.00","0.00",,,,
"4a82168aaef173cbb6e46ae88728f919","PR","4","4","512.00","4","4","512.00","100.39","128.00","2018-07-13 15:26:30.000000","2018-08-07 13:32:25.000000","128.00"
"c84592044b180dec206770c38603814b","SP","15","15","511.94","14","14","491.94","209.03","35.14","2018-02-28 14:53:09.000000","2018-05-12 11:42:27.000000","35.14"
"2b2fed75b8e5ea3a052fc4c0825da485","MG","3","4","510.90","3","4","510.90","59.93","127.73","2017-04-23 15:20:31.000000","2017-07-29 22:32:22.000000","170.30"
"c3aad7dc65449ae90a5e9c3c6c1e78e0","SP","6","6","510.00","6","6","510.00","130.36","85.00","2018-08-10 15:26:47.000000","2018-08-23 00:23:11.000000","85.00"
"c53bcd3be457a342a97e39e5a9f0be22","SE","5","5","509.50","5","5","509.50","186.09","101.90","2017-01-30 23:20:41.000000","2018-07-22 20:44:34.000000","101.90"
"270d3ef21830ad0ecf3a6c53d08a533a","SP","6","18","509.00","5","17","471.00","217.61","27.71","2017-12-06 14:04:08.000000","2018-04-28 02:23:24.000000","94.20"
"4be6b962d83299498bae2190f95d6566","SP","11","12","508.80","11","12","508.80","182.29","42.40","2018-03-07 16:53:53.000000","2018-08-12 16:08:03.000000","46.25"
"f650a9708fa1bab22bdd8d3a818cc415","SC","5","5","507.75","4","4","416.04","71.44","104.01","2017-01-25 13:42:49.000000","2017-02-25 19:21:14.000000","104.01"
"33cbda8716511e27e556dff9d8418bf2","SC","5","6","507.40","5","6","507.40","108.17","84.57","2017-03-30 14:48:27.000000","2018-06-05 13:29:17.000000","101.48"
"5e49e3a44bdeb5aab2684258bbd4f525","SC","3","3","507.00","3","3","507.00","52.77","169.00","2017-12-14 11:30:41.000000","2018-03-15 14:54:00.000000","169.00"
"3ea00e1dea2b0659dbaf654735929220","PR","7","7","505.00","7","7","505.00","144.97","72.14","2017-02-22 16:04:36.000000","2018-03-14 23:13:24.000000","72.14"
"e627629ba868740e287800f1a9be81c2","SP","13","13","504.50","11","11","337.10","109.56","30.65","2017-02-03 21:44:34.000000","2017-07-13 13:08:15.000000","30.65"
"2493dc3f20131696a0ecdb9948051a8d","DF","4","4","504.38","4","4","504.38","70.69","126.10","2017-01-24 17:09:24.000000","2017-02-07 23:15:25.000000","126.10"
"20a7efa9721046319bdde5d60b6b5365","SP","3","6","501.20","3","6","501.20","95.39","83.53","2018-01-08 10:50:24.000000","2018-02-08 14:19:47.000000","167.07"
"39a5005f2605cbdb4f9ac14485cabfd1","SP","3","8","501.07","3","8","501.07","232.59","62.63","2018-06-27 10:45:14.000000","2018-08-04 13:18:33.000000","167.02"
"28fb0829fd777877cdc350d25cb5bd5b","SP","4","4","499.60","2","2","279.80","42.08","139.90","2017-10-29 17:10:13.000000","2017-11-22 21:15:27.000000","139.90"
"97e995629983723d11830a829bc2b246","SP","5","5","499.50","5","5","499.50","99.37","99.90","2017-11-07 16:31:04.000000","2018-08-16 15:44:33.000000","99.90"
"13c2ed7698b3ca92dad49e849219da59","PR","8","9","498.61","8","9","498.61","154.68","55.40","2018-01-03 20:20:26.000000","2018-08-02 12:06:05.000000","62.33"
"265fdc289dffa9f1ad801c74f7d0de47","SP","1","1","495.00","1","1","495.00","51.55","495.00","2018-08-13 12:20:57.000000","2018-08-13 12:20:57.000000","495.00"
"e59e489e2ea74bd409b798b5daf49de3","PR","3","5","495.00","3","5","495.00","86.76","99.00","2017-09-05 18:29:33.000000","2018-05-01 15:58:00.000000","165.00"
"ccbd753e6863fe7314dc6c0ca5a074e7","SC","1","1","495.00","1","1","495.00","101.56","495.00","2018-08-12 20:58:54.000000","2018-08-12 20:58:54.000000","495.00"
"c458e2045a8aa8964f8879af03fdcce6","SP","4","9","494.91","4","9","494.91","196.79","54.99","2017-02-12 18:48:56.000000","2017-05-05 12:35:47.000000","123.73"
"fcba71d4d5db057f43249145e4eb1e27","SP","3","3","494.55","3","3","494.55","53.72","164.85","2017-10-30 21:45:33.000000","2018-02-26 21:43:45.000000","164.85"
"c286ec035ee04ba81c97508f0b5df544","PR","2","2","493.00","1","1","294.00","50.67","294.00","2017-05-12 22:47:15.000000","2017-05-12 22:47:15.000000","294.00"
"0951a6e282947e09cd47969f4ed0b47f","SP","7","7","492.30","7","7","492.30","88.02","70.33","2018-07-26 09:25:14.000000","2018-08-27 14:39:21.000000","70.33"
"e601b04acf48b4576e73ddca9481f0dc","SP","15","16","491.94","15","16","491.94","211.00","30.75","2018-04-13 08:56:04.000000","2018-08-27 11:19:47.000000","32.80"
"b9c0ffa92f3ff9a5a3d45ef7213c0842","SP","3","3","490.00","3","3","490.00","82.17","163.33","2017-09-17 06:44:58.000000","2017-12-14 20:24:06.000000","163.33"
"64b87978a11c1ea7501a89eabe8c2c1a","SP","7","7","489.93","0","0","0.00","0.00",,,,
"7816cd9c5b1238e320545f5bf7eb80e8","SP","1","1","489.00","1","1","489.00","22.76","489.00","2018-05-24 21:30:11.000000","2018-05-24 21:30:11.000000","489.00"
"f88adb15807168d3c43d71021090ce4a","SP","3","3","488.80","3","3","488.80","52.26","162.93","2018-04-23 22:45:21.000000","2018-08-14 18:06:34.000000","162.93"
"d65f31d2413268e671989503f6cf9993","SP","2","3","488.80","0","0","0.00","0.00",,,,
"6219ba2359cfb97f2e38fd4c321eb309","SP","6","6","487.50","5","5","342.60","82.55","68.52","2017-09-19 12:20:28.000000","2018-06-29 11:02:18.000000","68.52"
"09bad886111255c5b5030314fc7f1a4a","SP","5","5","487.50","5","5","487.50","72.86","97.50","2018-08-08 18:25:48.000000","2018-08-27 19:37:48.000000","97.50"
"83a75eea11694e36e56dd0cb2240229a","SP","3","3","487.00","3","3","487.00","42.47","162.33","2018-02-25 20:10:26.000000","2018-04-18 13:43:52.000000","162.33"
"b3f19518fcec265b2e97af287725f981","SP","9","9","486.91","8","8","444.92","124.88","55.62","2017-03-20 20:01:39.000000","2017-08-22 12:44:01.000000","55.62"
"6ee85be3693ed79a8e80718743d80655","SP","9","13","484.50","5","5","147.50","88.97","29.50","2017-01-19 11:26:57.000000","2017-04-23 19:31:30.000000","29.50"
"c7a0a13cbcf29d5ce51c8f80afdc0b89","SC","8","9","483.08","8","9","483.08","174.72","53.68","2017-10-04 23:18:03.000000","2018-08-08 23:12:35.000000","60.39"
"70c4eedec9cb4a85cda2f3f9673557b4","SP","2","2","479.80","1","1","239.90","13.18","239.90","2017-06-05 16:37:47.000000","2017-06-05 16:37:47.000000","239.90"
"c1f12f926d0ba950578b4fa41115cbb6","SP","2","4","479.60","2","4","479.60","76.96","119.90","2018-02-24 12:00:07.000000","2018-08-01 17:20:32.000000","239.80"
"0c7f30ae9b147eca07affbef92832a6a","PR","5","5","479.50","5","5","479.50","87.61","95.90","2017-03-03 11:02:44.000000","2017-04-17 20:12:02.000000","95.90"
"32fdd5d44ecb43dfd6a24b9369eca144","MG","8","8","479.20","8","8","479.20","138.68","59.90","2017-03-22 12:10:36.000000","2017-05-15 13:20:05.000000","59.90"
"bac692d6c0ed08467878018e6cc9c26c","SC","1","3","477.00","1","3","477.00","82.23","159.00","2018-07-31 16:21:04.000000","2018-07-31 16:21:04.000000","477.00"
"f1198c871e0171278b63f40d112caeec","SP","2","2","475.80","2","2","475.80","82.27","237.90","2017-08-15 21:33:49.000000","2017-11-10 18:13:05.000000","237.90"
"768de2a4fc06aacecb9a586ccc30746a","DF","14","14","475.60","13","13","442.70","221.01","34.05","2017-08-08 21:31:55.000000","2018-05-18 10:33:52.000000","34.05"
"29e6e05b65f93bc224c644319dc52ecf","MG","4","4","475.60","4","4","475.60","83.32","118.90","2018-06-28 09:19:36.000000","2018-08-17 22:06:17.000000","118.90"
"e1b12447a7563944843191754aeb5562","SP","9","10","472.46","9","10","472.46","126.67","47.25","2017-09-12 13:52:02.000000","2018-01-05 00:47:54.000000","52.50"
"e3dd723429d1b23614b7fa85e2c7a853","SP","7","8","471.05","7","8","471.05","126.57","58.88","2018-03-25 14:10:37.000000","2018-06-08 17:19:34.000000","67.29"
"2953ce3a88f5e3c3b696d77fc9e4c8eb","SP","14","15","470.00","14","15","470.00","161.32","31.33","2017-10-01 10:19:07.000000","2018-08-23 17:19:57.000000","33.57"
"8fec2e460530482132c436cfb5439925","SP","3","5","468.46","3","5","468.46","80.15","93.69","2018-01-29 17:16:45.000000","2018-02-22 09:54:40.000000","156.15"
"038b75b729c8a9a04b0d07cba7eabe86","SP","2","2","467.00","2","2","467.00","90.85","233.50","2018-04-20 12:29:17.000000","2018-04-22 18:42:38.000000","233.50"
"c42fd8e4d47dfb18ce5222f2dd7752f9","SP","7","11","466.99","7","11","466.99","161.64","42.45","2017-02-13 11:10:57.000000","2017-05-21 15:02:45.000000","66.71"
"9fc70243fb26800cba56e8f014797004","MG","6","7","466.60","6","7","466.60","104.70","66.66","2017-11-13 15:17:00.000000","2018-07-29 08:32:21.000000","77.77"
"feb793c88d836c3a75efa4b5a3465d70","SP","1","1","466.00","1","1","466.00","64.17","466.00","2018-03-23 19:26:13.000000","2018-03-23 19:26:13.000000","466.00"
"2c3d56f92f360fb89d849b84e8f50eae","SP","8","8","465.60","7","7","425.10","111.76","60.73","2017-10-06 08:49:02.000000","2018-03-23 18:38:45.000000","60.73"
"ee2fbacc2fc3794e656cc4d933d59ce7","SP","2","3","464.97","2","3","464.97","53.73","154.99","2018-08-07 14:05:50.000000","2018-08-21 21:36:22.000000","232.49"
"651fe66032c9520ee5587f694908040d","RS","7","7","464.00","7","7","464.00","128.73","66.29","2018-07-16 08:52:35.000000","2018-08-21 21:32:17.000000","66.29"
"40536e7ca18e1bce252828e5876466cc","SP","2","4","463.96","0","0","0.00","0.00",,,,
"0a82f5fb06a4fe4ac2cf7cb412ec71b8","SP","2","2","462.00","2","2","462.00","22.80","231.00","2018-02-03 13:14:01.000000","2018-03-31 12:09:05.000000","231.00"
"cb0b3bcf14e0a709df412a99424a59d7","SP","2","2","460.00","2","2","460.00","47.43","230.00","2018-04-05 22:53:51.000000","2018-04-16 17:46:55.000000","230.00"
"aec99834ab5d38ead22766ada8497e87","PR","1","1","459.00","1","1","459.00","17.51","459.00","2018-07-20 17:20:48.000000","2018-07-20 17:20:48.000000","459.00"
"dd88d13bea9e4c2bf47daf224f8141e5","RS","1","1","458.00","1","1","458.00","29.38","458.00","2018-04-10 23:09:48.000000","2018-04-10 23:09:48.000000","458.00"
"8b2d4ab22f42c5cfc338b846decfda60","PR","6","9","458.00","6","9","458.00","185.32","50.89","2018-03-28 00:32:25.000000","2018-08-20 00:11:37.000000","76.33"
"c7dcd301ecfe5ab7f778ac172cf74be7","MG","4","4","457.69","3","3","407.79","50.40","135.93","2016-10-04 12:06:11.000000","2016-10-04 23:26:51.000000","135.93"
"38102b031c2a15e54623d711bfc753d3","CE","9","11","457.00","8","10","418.00","308.21","41.80","2017-02-09 11:01:14.000000","2018-02-14 10:32:00.000000","52.25"
"e546117ed9cafbc40239c0c78635c584","SP","2","2","456.00","2","2","456.00","28.34","228.00","2018-04-23 17:07:27.000000","2018-08-23 19:02:12.000000","228.00"
"35857757f553273b1056c1cabdace7fb","SP","6","6","454.60","6","6","454.60","118.74","75.77","2017-07-24 15:19:05.000000","2018-03-28 00:23:11.000000","75.77"
"117cfc326c6d50da67ca858ff5c0c852","RJ","5","5","454.60","5","5","454.60","81.48","90.92","2018-05-02 15:22:57.000000","2018-05-19 16:47:00.000000","90.92"
"b248792ac0b60ec3f93d80af1b4fae47","SP","7","9","454.50","7","9","454.50","153.85","50.50","2018-07-23 23:48:21.000000","2018-08-22 02:31:38.000000","64.93"
"55029529919c0123526150bd26ca8f20","MG","7","7","453.95","7","7","453.95","134.88","64.85","2018-06-13 13:31:02.000000","2018-08-13 15:07:30.000000","64.85"
"fc4751cfe3b279c419615b9b00c1abb4","PR","1","1","453.70","1","1","453.70","17.35","453.70","2017-02-16 15:53:00.000000","2017-02-16 15:53:00.000000","453.70"
"7994b065a7ffb14e71c6312cf87b9de2","ES","5","7","453.00","5","7","453.00","144.34","64.71","2018-06-05 20:41:45.000000","2018-08-04 00:42:23.000000","90.60"
"e5899683388855d3dabe8913bbe365de","SP","3","3","452.88","3","3","452.88","80.98","150.96","2018-07-01 22:28:19.000000","2018-08-22 13:05:05.000000","150.96"
"777a0c55737f34ffeb78010f7542ab41","SP","6","6","452.50","6","6","452.50","75.83","75.42","2018-06-27 09:02:19.000000","2018-08-20 17:59:47.000000","75.42"
"eb5b6204dde3a6e03b5f1bb8479f055b","SP","19","21","452.20","19","21","452.20","275.13","21.53","2017-12-16 19:22:08.000000","2018-06-11 22:12:41.000000","23.80"
"08f5819815f3d06545011850bd70f0a8","SP","3","3","452.00","3","3","452.00","70.83","150.67","2018-06-21 00:56:22.000000","2018-08-12 16:01:35.000000","150.67"
"4de6e4ba574aa9dfdc824bc44dc47fdd","PR","14","14","451.10","14","14","451.10","253.32","32.22","2018-01-09 06:37:43.000000","2018-07-05 10:50:12.000000","32.22"
"b98b715fe9e276204e2a3464f48cd796","SP","6","6","450.58","4","4","388.60","50.93","97.15","2017-02-03 15:20:03.000000","2018-04-16 17:59:29.000000","97.15"
"101a3a003516bc11253298b2fad3cb65","SP","5","6","450.00","5","6","450.00","74.00","75.00","2018-06-21 20:47:22.000000","2018-07-26 19:02:58.000000","90.00"
"968ee78631915a63fef426d6733d7422","RS","2","2","450.00","2","2","450.00","71.67","225.00","2017-06-08 00:06:50.000000","2017-11-27 17:41:30.000000","225.00"
"d90fe2229fee1a5da999ccd0c06c1667","SP","3","3","450.00","3","3","450.00","66.91","150.00","2018-07-22 13:03:37.000000","2018-08-08 19:23:00.000000","150.00"
"bbaff50f3b708fda865918715276cd87","SP","12","16","449.70","12","16","449.70","202.07","28.11","2017-03-15 11:20:40.000000","2018-08-06 21:40:05.000000","37.48"
"a11a0e0ca67423425691db355cff69b0","SP","2","2","448.90","2","2","448.90","28.08","224.45","2018-07-31 10:29:51.000000","2018-08-10 16:05:40.000000","224.45"
"3d0cd21d41671c46f82cd11176bf7277","SC","9","11","447.80","9","11","447.80","174.58","40.71","2017-08-08 20:26:31.000000","2018-08-06 14:38:01.000000","49.76"
"5e106d93b717c2682b9383da480364a1","PR","1","1","445.90","1","1","445.90","21.71","445.90","2017-04-20 11:42:01.000000","2017-04-20 11:42:01.000000","445.90"
"a5bff0f43eb51f0cad7c37fac7244c8a","SP","4","5","445.00","4","5","445.00","96.27","89.00","2017-02-20 13:31:57.000000","2017-09-27 14:51:02.000000","111.25"
"6c1b6d0c604b776f844125f911eb7377","SP","5","5","443.06","4","4","327.07","56.14","81.77","2017-02-01 15:42:59.000000","2017-02-24 16:09:19.000000","81.77"
"d4e4b5192cba4e0e66eb12a9d347239d","PR","12","12","441.80","11","11","431.90","193.50","39.26","2017-03-14 00:25:55.000000","2017-10-23 12:48:12.000000","39.26"
"f22a247b79dd22ecd91dc8e3b2a1b07c","SP","8","8","439.94","8","8","439.94","134.90","54.99","2018-05-02 15:21:52.000000","2018-08-23 20:21:35.000000","54.99"
"64c9a1db4e73e19aaafd3286dc448c96","PR","1","1","439.00","1","1","439.00","43.60","439.00","2018-08-18 14:03:10.000000","2018-08-18 14:03:10.000000","439.00"
"c3251e13f1bbda6c74e37c160f991e19","SP","2","2","437.80","2","2","437.80","75.28","218.90","2017-03-18 18:18:22.000000","2017-05-26 16:15:49.000000","218.90"
"b29d3380981c51df13fc6fbe87e1763d","SP","6","7","435.30","6","7","435.30","98.58","62.19","2018-04-28 14:49:58.000000","2018-08-02 18:56:22.000000","72.55"
"98115075dd26cb8835946fc6086f5d30","SP","4","4","434.96","4","4","434.96","56.24","108.74","2018-04-15 23:55:50.000000","2018-08-16 15:02:07.000000","108.74"
"26d6bbee02420494d471c9f6436929c0","PR","12","13","434.51","12","13","434.51","247.19","33.42","2018-04-05 12:14:30.000000","2018-08-25 19:15:56.000000","36.21"
"c0e6839516f5398edc34adf5f1d53d1a","SP","3","3","432.92","1","1","34.92","14.12","34.92","2017-05-06 10:58:50.000000","2017-05-06 10:58:50.000000","34.92"
"4e480be820e37de1444325ff358c9296","MG","1","2","430.30","1","2","430.30","143.44","215.15","2018-07-11 20:01:00.000000","2018-07-11 20:01:00.000000","430.30"
"f7df46c1e0ec44eed5c6726478da4a17","RS","3","3","429.70","0","0","0.00","0.00",,,,
"939e6227d6964a11a70aa91243e418f2","MG","4","4","425.00","4","4","425.00","63.25","106.25","2018-08-15 00:46:23.000000","2018-08-25 20:26:07.000000","106.25"
"a45314082d50d578a4721c9787ce09ab","SP","2","2","424.90","2","2","424.90","29.02","212.45","2018-08-02 13:57:47.000000","2018-08-18 12:56:03.000000","212.45"
"dc50afafdfa325eadc890c7fa42a8f4e","PR","4","4","424.20","4","4","424.20","57.28","106.05","2018-06-25 16:10:17.000000","2018-08-11 10:25:29.000000","106.05"
"b080809eaacb49e5ca07290981472431","MG","11","11","424.00","11","11","424.00","143.40","38.55","2017-02-24 17:04:27.000000","2018-05-15 08:48:09.000000","38.55"
"acf974e4d5950ad143a247471b831eb9","RS","5","12","423.80","5","12","423.80","329.82","35.32","2017-03-07 16:20:35.000000","2017-10-30 13:27:55.000000","84.76"
"7c1fea10b5b006671d608b1d7c446ec4","SP","14","14","423.60","14","14","423.60","224.15","30.26","2017-10-04 20:41:38.000000","2018-06-13 15:39:09.000000","30.26"
"41e0fa5761c886a630994a55c12087e7","SP","5","5","423.60","5","5","423.60","68.31","84.72","2018-04-03 16:31:37.000000","2018-06-14 20:24:49.000000","84.72"
"5dc203c7b84a0e71e878a179de05fb9a","SP","5","5","421.90","5","5","421.90","128.15","84.38","2018-05-28 20:43:51.000000","2018-08-07 14:32:23.000000","84.38"
"c714262700f93defc16bf17a51a4cb23","SP","4","4","421.80","4","4","421.80","69.53","105.45","2018-03-16 23:37:45.000000","2018-05-15 00:50:44.000000","105.45"
"9d5604a1f112324ad6b2aa552122e0fb","SP","13","17","421.50","13","17","421.50","340.48","24.79","2017-11-14 22:00:16.000000","2018-08-19 21:37:17.000000","32.42"
"cc80e2f693fa6e2408f47ccf62413fc1","PR","2","2","420.00","2","2","420.00","88.63","210.00","2017-11-27 17:51:39.000000","2017-12-01 16:49:36.000000","210.00"
"189ca3538ce9f920cacf0f982cbe223b","SP","4","5","419.00","4","5","419.00","62.67","83.80","2018-06-21 19:06:28.000000","2018-08-07 14:50:14.000000","104.75"
"6d7f8d9d594e28796b6b3205b00f459c","PR","3","3","417.90","3","3","417.90","59.11","139.30","2017-05-11 15:40:17.000000","2017-07-14 12:28:30.000000","139.30"
"7b7f91e98f8c6def45a1407923304402","SP","11","14","417.47","11","14","417.47","203.02","29.82","2018-04-15 22:34:55.000000","2018-07-22 00:22:32.000000","37.95"
"b64d51f0435e884e8de603b1655155ae","SP","17","23","416.18","17","23","416.18","357.36","18.09","2018-04-07 11:00:35.000000","2018-08-24 10:35:52.000000","24.48"
"a53f60f05f822b5c621a50ff6a5cb362","MG","4","6","415.40","4","6","415.40","129.13","69.23","2018-06-25 16:19:23.000000","2018-08-17 22:35:51.000000","103.85"
"34a557286ead8fe75c989e0afcf7d98c","SP","4","4","414.90","4","4","414.90","58.56","103.73","2018-05-14 17:20:48.000000","2018-08-18 00:12:08.000000","103.73"
"35fb511489d9ee3ee27a76debce9df06","PR","7","7","414.50","7","7","414.50","172.29","59.21","2017-02-22 18:45:58.000000","2018-04-09 08:57:49.000000","59.21"
"ff1e15b778c700abdd4d239b81ac466d","PR","7","7","414.30","7","7","414.30","114.86","59.19","2018-08-02 12:06:18.000000","2018-08-21 18:42:15.000000","59.19"
"bd149ed516d4c5d418d5781f8e18919f","SP","8","9","414.00","8","9","414.00","141.94","46.00","2017-10-31 14:13:14.000000","2018-08-23 23:04:04.000000","51.75"
"acb6c2ca5c82411c1fdb88d5fd5eb95e","SP","10","11","413.88","10","11","413.88","161.61","37.63","2017-02-16 15:56:11.000000","2018-08-01 15:56:40.000000","41.39"
"042573af89b6d931f672efaf789d8358","SP","3","3","413.48","3","3","413.48","65.09","137.83","2018-01-21 17:44:36.000000","2018-02-11 13:08:02.000000","137.83"
"ead2bab70821ea148476ae9bc08548ac","MG","9","9","412.10","9","9","412.10","116.20","45.79","2017-10-04 16:29:59.000000","2018-08-01 17:19:21.000000","45.79"
"a35124e2d763d7ca3fbe3b97d143200f","SP","4","7","411.50","4","7","411.50","78.89","58.79","2017-03-15 10:37:21.000000","2017-05-08 20:58:10.000000","102.88"
"86ff3eaef0267069cc891a2ed9d10a17","SC","7","7","409.75","7","7","409.75","140.61","58.54","2018-04-17 15:19:13.000000","2018-07-08 21:08:26.000000","58.54"
"5275ca25d0358ca73864e0ae41be1320","SP","4","4","409.60","4","4","409.60","69.22","102.40","2018-07-23 09:33:10.000000","2018-08-07 20:21:41.000000","102.40"
"f4ce8ca9fa7157e3b33f536ac9a4487d","SP","4","4","409.60","4","4","409.60","97.53","102.40","2018-07-16 08:45:31.000000","2018-08-20 10:58:06.000000","102.40"
"c3f5668699a1b04c0fa61ecea1e2bff6","PR","3","3","407.81","3","3","407.81","107.12","135.94","2018-03-26 06:56:38.000000","2018-08-02 20:20:53.000000","135.94"
"20a8b0dc55da94fe74d112082427c84f","SP","7","7","407.40","7","7","407.40","123.98","58.20","2018-07-31 12:54:10.000000","2018-08-23 11:20:57.000000","58.20"
"89bc797e2e29667aa035d4368f9b7f92","SP","17","20","407.30","16","19","392.40","238.04","20.65","2016-10-05 13:12:43.000000","2017-04-10 16:11:37.000000","24.53"
"6b803197e03abd5056b4313306b4f29d","SP","7","12","407.00","7","12","407.00","123.62","33.92","2018-02-06 23:23:59.000000","2018-08-20 21:11:22.000000","58.14"
"4a23adac87cf538689fa600d976f78b2","SP","3","3","405.00","3","3","405.00","35.41","135.00","2018-08-18 11:49:40.000000","2018-08-22 13:02:19.000000","135.00"
"179d859f51292aac5c10806a356f7af9","SP","18","19","404.47","18","19","404.47","395.80","21.29","2018-06-29 00:34:12.000000","2018-08-10 16:02:36.000000","22.47"
"ed9eef5be0992d413d251fadba1a410d","SP","3","9","404.10","3","9","404.10","143.24","44.90","2017-01-26 00:20:23.000000","2017-03-17 10:30:06.000000","134.70"
"5563732abe64c3036cb97ad924128dd1","SP","2","3","404.00","2","3","404.00","37.60","134.67","2017-06-25 22:59:52.000000","2017-12-20 09:56:32.000000","202.00"
"0ddefe3c7a032b91f4e25b9c3a08fca1","SP","9","10","402.90","9","10","402.90","150.00","40.29","2018-04-12 15:09:11.000000","2018-08-24 12:41:33.000000","44.77"
"3d01d1c414c44b5943a09619ff3853cb","SP","5","5","402.60","4","4","303.60","73.22","75.90","2017-07-05 18:43:41.000000","2017-07-12 20:36:42.000000","75.90"
"29fe9f200d3fa0c668d2aa1ec7e08dfb","SC","5","5","400.00","5","5","400.00","114.16","80.00","2017-06-16 15:16:41.000000","2017-09-03 16:15:17.000000","80.00"
"ceb7b4fb9401cd378de7886317ad1b47","RJ","1","1","399.90","0","0","0.00","0.00",,,,
"d7485b33791774c36108f8c69602d48d","PR","10","10","399.82","10","10","399.82","219.32","39.98","2018-04-06 12:25:07.000000","2018-07-24 22:56:00.000000","39.98"
"62d977e2b2aee830de3e039a28490d12","PR","2","2","399.80","0","0","0.00","0.00",,,,
"63ffcb71394dd8ea3872ed9ffda17c74","RJ","17","17","399.00","17","17","399.00","264.72","23.47","2017-02-05 13:58:46.000000","2017-07-30 10:07:29.000000","23.47"
"d263fa444c1504a75cbca5cc465f592a","SP","1","1","399.00","1","1","399.00","45.07","399.00","2018-07-24 09:46:27.000000","2018-07-24 09:46:27.000000","399.00"
"fadb07c842a2aef5d5a676b85f220e71","SP","7","7","398.75","7","7","398.75","171.62","56.96","2018-06-05 13:24:11.000000","2018-08-27 15:04:59.000000","56.96"
"73da1880b39c71de2b262bc7720c1494","SP","2","2","398.00","2","2","398.00","46.99","199.00","2017-07-26 11:19:21.000000","2018-01-09 12:25:33.000000","199.00"
"48e954b2da4f6a750c844173b347ed40","RS","2","6","397.80","2","6","397.80","159.01","66.30","2018-04-09 21:04:43.000000","2018-05-07 14:28:20.000000","198.90"
"c52c644cc0dc85121207a27013efc6af","MG","1","2","397.80","1","2","397.80","283.16","198.90","2018-08-10 14:19:56.000000","2018-08-10 14:19:56.000000","397.80"
"12a8eb0f8d1cd3270695bf2a99f55966","SP","2","2","397.00","2","2","397.00","39.67","198.50","2017-10-12 01:21:54.000000","2017-12-13 17:49:36.000000","198.50"
"62760d278921b5f352461620d68a9cee","SP","3","3","397.00","3","3","397.00","53.10","132.33","2017-02-06 12:55:28.000000","2017-02-15 09:41:08.000000","132.33"
"41b14765bd56c8ad10971074380f9c0c","SP","8","10","395.50","8","10","395.50","119.13","39.55","2018-03-20 14:33:00.000000","2018-07-29 00:48:48.000000","49.44"
"9b76ad3d04236f76bc71c59470305e13","SP","2","3","394.70","2","3","394.70","61.93","131.57","2018-07-02 11:41:29.000000","2018-08-07 23:46:11.000000","197.35"
"0249d282d911d23cb8b869ab49c99f53","SP","11","11","393.00","11","11","393.00","138.88","35.73","2017-09-18 20:48:19.000000","2018-03-22 22:37:56.000000","35.73"
"a2fa0bdc798ee84cdb08281337cf4fb6","SC","10","13","392.75","8","11","354.86","187.11","32.26","2017-03-08 10:33:45.000000","2018-01-15 09:33:40.000000","44.36"
"bc30de0d71bd6260b936a026b5cf7200","SP","3","3","392.37","3","3","392.37","90.48","130.79","2018-04-11 16:10:27.000000","2018-04-26 13:47:17.000000","130.79"
"59cd88080b93f3c18508673122d26169","SP","10","12","392.33","10","12","392.33","175.38","32.69","2017-07-26 16:02:36.000000","2017-12-09 11:52:32.000000","39.23"
"fe4cd9461203cee790d36792420b310f","MG","3","3","391.15","3","3","391.15","54.38","130.38","2017-03-13 08:11:00.000000","2017-09-06 22:28:42.000000","130.38"
"c13ef0cfbe42f190780f621ce81f2234","SP","1","1","390.00","1","1","390.00","61.28","390.00","2018-01-18 13:36:21.000000","2018-01-18 13:36:21.000000","390.00"
"8936ba0de1073ee888cb3185ae5dc661","SP","1","1","389.99","1","1","389.99","22.22","389.99","2017-04-05 08:53:24.000000","2017-04-05 08:53:24.000000","389.99"
"4049512728d969bec69f84088b012416","MG","7","9","389.84","7","9","389.84","160.43","43.32","2017-04-23 22:08:43.000000","2018-01-31 23:46:01.000000","55.69"
"ea00f977a203ff88adf7057cb7806998","SP","19","19","389.72","18","18","381.73","176.29","21.21","2018-07-02 21:01:18.000000","2018-08-20 22:53:49.000000","21.21"
"0fe2d9733ed841eb064503920015a8c0","SP","3","3","389.64","3","3","389.64","108.71","129.88","2018-05-14 18:58:43.000000","2018-07-09 22:14:07.000000","129.88"
"a7ecf689b40a44361e259b28939023e4","ES","1","1","389.00","1","1","389.00","21.91","389.00","2018-07-13 22:05:44.000000","2018-07-13 22:05:44.000000","389.00"
"c1849d4d32d7a6cecd5aa471809d3135","SP","3","3","388.98","3","3","388.98","41.73","129.66","2018-08-04 12:56:08.000000","2018-08-26 22:41:03.000000","129.66"
"2009a095de2a2a41626f6c6d7722678d","SP","8","12","388.89","8","12","388.89","193.54","32.41","2017-03-10 12:10:11.000000","2017-10-29 21:01:35.000000","48.61"
"78ef7e885d17f35e2382a47aae8b8cce","RS","3","3","388.00","3","3","388.00","65.44","129.33","2017-02-15 15:54:35.000000","2017-07-28 10:05:46.000000","129.33"
"e4fc40017a6d22c46a14ac2e17f87c3e","PR","3","3","387.00","1","1","129.00","41.29","129.00","2017-05-30 15:55:30.000000","2017-05-30 15:55:30.000000","129.00"
"94d76e96eedd976258cd3278ce56d5f2","SP","1","1","385.61","1","1","385.61","68.56","385.61","2018-05-09 11:41:46.000000","2018-05-09 11:41:46.000000","385.61"
"79565f7d5603b24ddf07ade262547f2f","SP","8","8","385.00","7","7","346.00","98.11","49.43","2017-02-07 10:07:01.000000","2017-05-24 22:42:55.000000","49.43"
"a21c11ec5c3f03e7cc9f9203bff9e1c6","SP","3","4","385.00","3","4","385.00","90.88","96.25","2018-08-03 17:13:19.000000","2018-08-07 12:21:32.000000","128.33"
"559d56f3b8f0bc2e5a9a62fe2ce2a39f","SC","2","2","385.00","2","2","385.00","48.72","192.50","2018-08-05 09:19:13.000000","2018-08-05 23:10:33.000000","192.50"
"a080fc8a850289b27500f6b49cca2553","SP","4","4","383.00","4","4","383.00","52.57","95.75","2018-03-13 20:28:59.000000","2018-06-25 19:03:18.000000","95.75"
"ab27bbbad5239bc31a34709275a70db4","SP","3","11","382.90","3","11","382.90","102.15","34.81","2017-10-31 17:54:25.000000","2018-07-03 10:16:32.000000","127.63"
"933446e9a59dece7ae9175103820ca8f","PR","2","3","381.39","1","1","64.99","22.38","64.99","2017-01-24 15:37:05.000000","2017-01-24 15:37:05.000000","64.99"
"9853a239ab7b7ebbdc3a21248d5b8e1f","PR","5","5","381.00","4","4","242.00","68.20","60.50","2017-04-26 20:47:50.000000","2017-11-28 15:32:25.000000","60.50"
"1967a9e2ad6f51802b093147d861df58","SP","2","2","380.00","0","0","0.00","0.00",,,,
"f7315bb81aea4ddca2d39e249a801c98","SP","2","2","379.80","2","2","379.80","50.28","189.90","2018-06-14 12:12:21.000000","2018-08-01 15:15:05.000000","189.90"
"f5b44895715ddfe3087dc414f30268f3","SP","19","19","378.80","19","19","378.80","275.64","19.94","2017-09-18 12:19:09.000000","2018-07-25 20:05:09.000000","19.94"
"b7ba853e9551f4558440881fd3e5c815","RS","2","2","376.80","1","1","136.90","25.70","136.90","2016-10-06 16:17:56.000000","2016-10-06 16:17:56.000000","136.90"
"bd15ee794d5e640d9dd71b665b2ab15b","SP","12","12","374.80","12","12","374.80","219.33","31.23","2018-03-21 12:59:12.000000","2018-08-14 11:46:06.000000","31.23"
"c24173065483e421f9e5e7f599de101d","SP","9","9","373.91","9","9","373.91","117.30","41.55","2017-07-11 14:17:47.000000","2017-11-24 14:46:52.000000","41.55"
"404e1ba01358af4cd63f679b2c4d1fa1","MG","8","12","373.90","8","12","373.90","177.83","31.16","2017-08-21 01:07:46.000000","2018-08-16 12:36:06.000000","46.74"
"101921376b577a4540dc30e9009133ca","SP","1","1","373.00","0","0","0.00","0.00",,,,
"08084d990eb3f53af056ccbc1730c8a7","SP","12","12","372.50","12","12","372.50","234.29","31.04","2018-02-08 07:04:45.000000","2018-08-14 20:56:45.000000","31.04"
"6d988d6174a2c27441597174f8905515","PR","19","23","371.73","19","23","371.73","365.47","16.16","2017-04-02 15:41:12.000000","2018-08-09 15:39:32.000000","19.56"
"0bfd0b434243adc5c2e1aa6baf19c6aa","RJ","6","6","371.20","6","6","371.20","65.79","61.87","2017-10-23 22:16:49.000000","2018-02-03 23:27:28.000000","61.87"
"70125af26c2d6d4ef401a1d02ae7701f","GO","5","8","371.20","5","8","371.20","258.42","46.40","2018-07-03 16:23:42.000000","2018-08-18 16:43:27.000000","74.24"
"0f0c984a4a955310903b6b6008660bad","SP","4","4","369.81","4","4","369.81","111.57","92.45","2018-04-24 18:30:34.000000","2018-05-27 10:25:22.000000","92.45"
"131fcb0a0c9a47bba4474aacff0f14b7","SP","4","4","369.80","4","4","369.80","36.61","92.45","2018-06-03 19:44:12.000000","2018-08-09 01:13:45.000000","92.45"
"916748bc99315c2d202898ae58b1617e","SP","25","32","369.40","25","32","369.40","377.11","11.54","2017-02-12 22:05:47.000000","2017-11-25 14:37:15.000000","14.78"
"d73cbd89533ce8b041a9190241453ac8","MG","4","4","368.60","3","3","268.70","50.59","89.57","2017-03-23 12:31:36.000000","2017-07-12 08:58:21.000000","89.57"
"63191ead8d3b2f937cd1996fdcbbad20","SP","1","1","367.00","1","1","367.00","53.29","367.00","2018-08-10 16:24:47.000000","2018-08-10 16:24:47.000000","367.00"
"ce616e1913288884e7742faac9d981db","SP","15","24","365.10","14","22","333.30","260.15","15.15","2018-05-19 20:17:34.000000","2018-08-21 19:13:36.000000","23.81"
"499ec63c58e51296c9cf57edcfe1c8a8","SP","5","5","365.00","5","5","365.00","47.93","73.00","2018-04-11 16:15:39.000000","2018-06-03 19:20:42.000000","73.00"
"f12d3c2a14729ae461b920c11fe20fdc","SP","9","11","364.45","9","11","364.45","94.87","33.13","2018-05-03 20:25:44.000000","2018-07-31 20:56:04.000000","40.49"
"4e85b538b0dad58852641540686d0e14","SP","4","4","361.98","4","4","361.98","74.36","90.50","2017-07-27 08:45:34.000000","2018-06-25 14:34:45.000000","90.50"
"35ef5aa32949680f627efec3c23e705c","SC","4","5","361.60","4","5","361.60","156.81","72.32","2017-03-28 09:06:23.000000","2017-07-11 20:54:38.000000","90.40"
"a435b009cd956ea60748b5cfbddf2e24","SP","3","3","361.18","3","3","361.18","45.21","120.39","2017-05-09 13:21:53.000000","2017-07-26 10:05:21.000000","120.39"
"76de363de16dacc923eec8daf91df504","SC","2","2","360.00","2","2","360.00","50.42","180.00","2017-09-22 10:58:10.000000","2018-03-21 15:56:34.000000","180.00"
"b56828a9f9027f3c918c04ca720d9e3c","SP","3","3","360.00","3","3","360.00","111.61","120.00","2017-10-03 14:05:27.000000","2018-05-02 12:17:02.000000","120.00"
"fa14641f57b655e933124a9ea49cd7a5","SP","7","7","359.93","7","7","359.93","83.06","51.42","2017-05-19 18:42:14.000000","2018-02-05 13:55:53.000000","51.42"
"03bd479e1d9484cdb14104d3023f7321","MG","3","3","359.70","3","3","359.70","57.72","119.90","2018-05-09 17:37:03.000000","2018-07-24 17:28:41.000000","119.90"
"1e8c6a4c538f286aee9573239740a4b4","SP","5","5","359.70","5","5","359.70","87.12","71.94","2018-04-10 14:29:06.000000","2018-08-13 23:03:46.000000","71.94"
"184725737946a1a938bbbd1a9e978103","SP","3","3","359.70","3","3","359.70","43.87","119.90","2018-08-12 23:15:08.000000","2018-08-21 15:56:19.000000","119.90"
"51209b446b2073894bdc0face6c73ffc","ES","2","4","359.60","2","4","359.60","79.28","89.90","2018-06-13 17:05:52.000000","2018-07-19 11:52:13.000000","179.80"
"3076499bbc033a927bf4a8a41bcf7fd4","SP","7","9","359.33","7","9","359.33","124.30","39.93","2018-05-03 15:40:43.000000","2018-08-22 11:13:09.000000","51.33"
"173d56ffbd4c56cb80fc3615487d712b","SP","2","2","358.00","2","2","358.00","39.61","179.00","2018-08-18 08:27:58.000000","2018-08-20 11:20:51.000000","179.00"
"f44bdc12aa39f5271f0b95f66cd4c289","SP","5","7","357.50","5","7","357.50","74.57","51.07","2017-11-20 15:39:42.000000","2018-08-07 19:58:03.000000","71.50"
"9dd59e43f0c9f0553244e8f9c2fb247e","PR","10","10","356.30","10","10","356.30","151.82","35.63","2017-10-15 16:10:27.000000","2018-01-23 15:30:59.000000","35.63"
"24c1de8d9551c0b4fbc53317d53efda8","PB","1","1","355.00","1","1","355.00","57.12","355.00","2017-02-01 18:41:32.000000","2017-02-01 18:41:32.000000","355.00"
"761681a821d8275bc79f552116d06869","SP","3","3","354.92","3","3","354.92","159.98","118.31","2018-04-23 19:27:59.000000","2018-07-25 12:02:27.000000","118.31"
"9b00cad94ef3078faf6fba2e792c158f","MG","1","1","354.90","1","1","354.90","18.92","354.90","2017-12-20 12:04:33.000000","2017-12-20 12:04:33.000000","354.90"
"8fd3b4468f6425810648177996c14cbd","SP","1","1","354.90","1","1","354.90","21.67","354.90","2018-06-13 11:33:32.000000","2018-06-13 11:33:32.000000","354.90"
"b88e7c57cb2d8b973b7dd4a2bfa14b36","PR","4","4","353.90","4","4","353.90","65.77","88.48","2017-05-21 13:09:50.000000","2017-12-01 00:13:14.000000","88.48"
"de66a66f2dd06bb9ec37aa96987466a3","RJ","7","8","353.32","7","8","353.32","115.66","44.17","2016-10-10 11:08:53.000000","2017-02-04 21:38:34.000000","50.47"
"b67d6c666e8dce1d078c882825e12704","SP","7","8","352.84","7","8","352.84","104.19","44.11","2018-07-06 12:11:22.000000","2018-08-08 16:42:07.000000","50.41"
"cbbd5ae8f53de5f5097cd8217b529e24","SP","2","2","351.80","1","1","175.90","32.26","175.90","2017-02-10 21:37:36.000000","2017-02-10 21:37:36.000000","175.90"
"52092ddbd3a58c450a4459bf051b2287","SP","6","6","351.70","6","6","351.70","75.35","58.62","2017-11-11 11:22:49.000000","2018-03-27 15:40:33.000000","58.62"
"e53d5b9b29d1218281f4a907ada18626","PR","4","5","350.67","4","5","350.67","133.25","70.13","2018-07-20 16:50:02.000000","2018-08-20 08:11:26.000000","87.67"
"97e4a63591ca439a2b8b7efd20e6e19e","RJ","5","5","349.95","5","5","349.95","78.55","69.99","2018-02-23 18:13:43.000000","2018-08-16 19:32:56.000000","69.99"
"ad87df7699e83b8a91822a4a0b765c3a","SP","6","7","349.90","5","6","309.90","79.38","51.65","2017-03-21 11:33:31.000000","2017-06-25 16:32:29.000000","61.98"
"52bb00821bcdd358a5a5a27e1f6be5a1","SP","2","2","349.80","2","2","349.80","38.63","174.90","2018-01-17 20:41:09.000000","2018-04-11 17:20:17.000000","174.90"
"079d295dcbf06ee8bb1b65ba964eb2b6","SP","5","10","349.30","5","10","349.30","190.79","34.93","2018-06-25 12:37:03.000000","2018-08-09 20:00:05.000000","69.86"
"27a56ff04b34c2ba34ce6ba4d3b9d616","SP","8","8","349.29","8","8","349.29","102.98","43.66","2017-04-05 15:45:38.000000","2017-10-13 10:53:47.000000","43.66"
"5c603ffb38cbbf25a0e0698941324143","MG","2","2","348.80","0","0","0.00","0.00",,,,
"249f0e9905a6e06ad6c6bea7547ab9f6","RJ","3","3","347.95","3","3","347.95","39.04","115.98","2018-06-25 01:10:48.000000","2018-08-03 18:54:39.000000","115.98"
"0747d5bb69f0586cc869d8af4c50f93e","RJ","14","15","346.60","12","13","322.80","181.44","24.83","2016-10-06 13:39:20.000000","2017-06-03 00:20:47.000000","26.90"
"918717417d88a9f9ae9735567e6c7682","SP","4","4","345.70","4","4","345.70","43.52","86.43","2017-12-19 11:55:26.000000","2018-02-27 22:08:50.000000","86.43"
"48efc9d94a9834137efd9ea76b065a38","PR","33","34","345.60","33","34","345.60","320.40","10.16","2016-12-23 23:16:47.000000","2017-01-26 10:00:37.000000","10.47"
"a37c340b91cb0169e8b029db6440fba2","SP","5","5","345.00","5","5","345.00","94.95","69.00","2017-06-26 16:37:01.000000","2017-09-14 16:37:03.000000","69.00"
"38af8acfd46ac4a7bf754e8ca6736664","SP","5","5","345.00","5","5","345.00","52.94","69.00","2017-11-27 23:02:54.000000","2018-02-14 11:15:39.000000","69.00"
"26b482dccfa29bd2e40703ba45523702","SP","3","4","344.78","3","4","344.78","67.63","86.20","2018-07-31 20:37:46.000000","2018-08-20 08:39:15.000000","114.93"
"3985a3c45be355a4c57fde108bfabd1c","RS","7","8","344.20","7","8","344.20","172.00","43.03","2017-01-27 00:34:10.000000","2017-06-19 15:25:29.000000","49.17"
"7957cac1a02f45d0a4a7e45626382ec2","PR","1","1","343.00","1","1","343.00","21.64","343.00","2017-09-08 10:09:43.000000","2017-09-08 10:09:43.000000","343.00"
"2a73cba571d90c694b7caca072ccf6ce","SP","1","2","342.78","1","2","342.78","38.70","171.39","2018-07-26 09:13:04.000000","2018-07-26 09:13:04.000000","342.78"
"b9ec22de23f18567de0e09d776ca0309","DF","2","2","341.98","2","2","341.98","40.49","170.99","2018-06-22 14:30:06.000000","2018-08-14 23:20:29.000000","170.99"
"89de2d6f23e9746ff309705b23581faa","PR","8","8","340.00","8","8","340.00","160.08","42.50","2018-07-16 18:40:53.000000","2018-08-03 17:53:36.000000","42.50"
"ae8bfdbf1c2a2a2dee92d799db0a31c6","PR","8","8","339.92","8","8","339.92","146.22","42.49","2017-02-15 09:34:07.000000","2017-05-15 17:58:25.000000","42.49"
"5ca5d579b5857ee8709479b1047cecc3","SP","2","2","339.89","1","1","169.99","8.05","169.99","2018-03-22 22:43:50.000000","2018-03-22 22:43:50.000000","169.99"
"a2e85714b56b1cb6bb24a9a6e6cad36f","SP","2","3","339.70","0","0","0.00","0.00",,,,
"8fff28c4263ddec387f28d237fb42773","SP","4","6","339.40","2","4","58.60","54.03","14.65","2018-08-14 16:39:01.000000","2018-08-21 08:23:49.000000","29.30"
"2f4b0d3b9634b647d4edee577d7ebb7e","SP","10","11","337.90","10","11","337.90","84.41","30.72","2018-01-26 16:15:02.000000","2018-03-10 10:10:19.000000","33.79"
"0743a0239d764b9a0f959a57d07e36ab","SP","4","4","336.96","4","4","336.96","66.26","84.24","2018-07-24 10:50:34.000000","2018-08-04 17:01:32.000000","84.24"
"4e42581f08e8cfc7c090f930bac4552a","SP","3","4","336.00","1","2","98.00","53.80","49.00","2017-11-24 18:11:33.000000","2017-11-24 18:11:33.000000","98.00"
"c8660dcf9ba70575f45d80fe28c27713","SP","4","7","335.00","4","7","335.00","103.99","47.86","2017-02-07 13:59:49.000000","2017-03-20 20:31:35.000000","83.75"
"a64e44665225d19dfc0277eeeaaccc57","SP","6","6","335.00","6","6","335.00","91.76","55.83","2018-06-22 15:06:34.000000","2018-08-22 14:53:45.000000","55.83"
"333c4210e76a1aa2ab817b99437e3ff1","SP","2","2","335.00","2","2","335.00","67.43","167.50","2018-07-17 19:46:54.000000","2018-08-10 10:31:43.000000","167.50"
"2c538755f1ca9540af144f266e70df6c","MG","1","1","334.99","1","1","334.99","24.92","334.99","2018-05-12 07:21:13.000000","2018-05-12 07:21:13.000000","334.99"
"3a3e46d10f74d8a6ca76e2b538f106a0","SP","3","6","334.90","2","5","299.90","66.67","59.98","2018-02-05 16:41:52.000000","2018-05-25 22:04:28.000000","149.95"
"61b18775be84fb700a6b2d0ba097bf66","SP","4","5","334.50","4","5","334.50","101.51","66.90","2018-04-16 20:07:20.000000","2018-08-21 19:20:14.000000","83.63"
"7c4618c82226628831613e95e9c22f44","SP","13","13","333.93","13","13","333.93","165.54","25.69","2017-12-14 10:52:55.000000","2018-08-17 06:37:13.000000","25.69"
"c113b8df1fc375bc3d73d29c1b1144d1","SP","3","5","333.00","3","5","333.00","67.87","66.60","2017-06-15 10:15:14.000000","2017-08-02 16:17:16.000000","111.00"
"76d336555bb25f3165d2f0d6da719c40","SP","2","2","330.00","1","1","165.00","11.76","165.00","2017-02-03 19:52:09.000000","2017-02-03 19:52:09.000000","165.00"
"d7b2377bae6ace1b11fc69a11900ac36","SP","4","4","329.60","3","3","239.70","42.52","79.90","2017-08-31 18:00:12.000000","2017-11-29 21:46:31.000000","79.90"
"09883d9ab71c8fe8a9bfc7fc3075b07e","SP","5","5","329.50","4","4","269.60","60.49","67.40","2017-04-25 17:46:45.000000","2017-11-19 13:23:06.000000","67.40"
"d36b07fd3c5088e477a72d1fccfe29d4","SP","1","1","328.90","1","1","328.90","10.96","328.90","2017-05-06 11:20:18.000000","2017-05-06 11:20:18.000000","328.90"
"f18112da765e0971ca5d510dec322bdd","SC","2","2","327.80","2","2","327.80","82.95","163.90","2018-01-01 22:11:36.000000","2018-01-02 19:20:35.000000","163.90"
"4b98b0428fc1932cc2514ef9ce2505e6","SP","2","2","327.63","2","2","327.63","35.80","163.82","2017-09-11 11:28:21.000000","2017-11-16 17:01:40.000000","163.82"
"08d0949a9a17c027262db1f3c450c26c","PR","12","12","324.80","12","12","324.80","233.04","27.07","2017-08-21 13:38:52.000000","2018-08-23 00:54:22.000000","27.07"
"6bd503a8230299c9316fb0f726933927","GO","4","5","324.29","4","5","324.29","129.60","64.86","2018-07-13 18:59:31.000000","2018-08-17 15:11:32.000000","81.07"
"7dea6f73af847b42cc3985bd620f994d","PR","2","2","324.00","2","2","324.00","56.17","162.00","2018-08-04 13:01:25.000000","2018-08-24 21:42:26.000000","162.00"
"c79151301b9d90985d1fa52879213105","PR","4","8","322.30","3","7","267.10","116.34","38.16","2017-11-18 11:32:47.000000","2017-12-04 23:06:51.000000","89.03"
"92d14edfb62ee5ae7fdff70b0f4e7233","SP","8","13","322.00","8","13","322.00","165.65","24.77","2017-09-11 16:51:05.000000","2018-04-04 22:19:10.000000","40.25"
"a81466620e46a6970b22ef40379fdfc9","SC","2","2","321.80","2","2","321.80","32.98","160.90","2017-10-11 10:15:04.000000","2017-10-13 14:29:05.000000","160.90"
"7b7ed56ae755e2880f2b69632e839c1e","GO","5","5","321.50","5","5","321.50","135.10","64.30","2018-08-07 08:05:25.000000","2018-08-15 19:33:04.000000","64.30"
"d149de2f383552baea37a7198c2296ce","SP","3","3","320.70","3","3","320.70","33.67","106.90","2018-08-20 21:01:51.000000","2018-08-27 17:18:42.000000","106.90"
"d2f3e277560ed4c6361284429b00f037","SP","7","7","320.55","7","7","320.55","134.11","45.79","2017-07-08 11:34:46.000000","2017-10-08 13:26:33.000000","45.79"
"eb9267cccc90f1b49c8d2f9887c7dd97","PE","1","1","319.90","1","1","319.90","26.37","319.90","2018-05-06 21:44:22.000000","2018-05-06 21:44:22.000000","319.90"
"4f40d2ed38d1cc945364a7cd202a82c7","SP","1","1","319.90","0","0","0.00","0.00",,,,
"883dd81e82754ac2c65e9790a7db8c9a","PR","5","5","319.50","5","5","319.50","74.96","63.90","2017-10-23 19:51:15.000000","2018-06-23 19:04:41.000000","63.90"
"c611f4ce9ce875bcc063fa97fd4d7d12","SP","1","1","319.00","1","1","319.00","13.25","319.00","2018-07-31 14:42:55.000000","2018-07-31 14:42:55.000000","319.00"
"ea1776927851da2532aa70d6a32c095a","SP","3","3","318.80","2","2","283.90","38.18","141.95","2018-07-17 20:51:27.000000","2018-07-20 17:53:08.000000","141.95"
"1e9d5a33694bddb76316fd1f54734d20","MT","2","2","318.00","2","2","318.00","150.94","159.00","2018-07-18 13:52:51.000000","2018-08-17 11:12:26.000000","159.00"
"57d2ba47f7a3209aa347532ae75c1165","SC","2","2","318.00","2","2","318.00","140.24","159.00","2018-06-21 22:32:27.000000","2018-07-18 11:23:07.000000","159.00"
"2d22fc3089eb907b29ebff50581fb472","RJ","3","3","317.70","3","3","317.70","59.69","105.90","2018-04-13 17:26:09.000000","2018-04-29 18:43:21.000000","105.90"
"ea4e9ce63a2134743b4a92777437fcdd","SC","3","4","316.60","3","4","316.60","65.70","79.15","2018-04-15 15:23:10.000000","2018-08-21 10:00:51.000000","105.53"
"9cf787a239c1aa29dbd76f153dc13f9a","SP","4","4","316.00","4","4","316.00","52.40","79.00","2018-06-05 17:11:13.000000","2018-08-16 15:54:48.000000","79.00"
"cf1313c6e2c01c2f4b014f97db4bcd2b","RJ","5","5","315.70","5","5","315.70","81.30","63.14","2018-06-15 15:55:16.000000","2018-08-06 20:55:21.000000","63.14"
"3b18f9856c6eb2413eafedb58e9eecd9","SP","1","1","315.00","1","1","315.00","20.09","315.00","2018-04-11 15:33:25.000000","2018-04-11 15:33:25.000000","315.00"
"12c2ed9cded6138cf0c75f525f565fc7","SP","4","4","314.96","4","4","314.96","51.05","78.74","2017-11-09 19:40:27.000000","2018-08-03 17:21:48.000000","78.74"
"da20530872245d6cd9d2f5725613c430","RS","2","3","314.96","2","3","314.96","79.26","104.99","2017-10-18 23:22:09.000000","2017-10-26 23:51:35.000000","157.48"
"9ac4f14370b1e24ddc58be041b7f99df","GO","5","5","314.51","5","5","314.51","122.14","62.90","2018-02-24 23:39:56.000000","2018-07-05 16:40:15.000000","62.90"
"8c9348f33ae3dada25c99c99ade2af78","SP","2","2","312.99","2","2","312.99","51.94","156.50","2018-06-19 11:34:27.000000","2018-07-26 20:18:26.000000","156.50"
"5f0057b677eb963672bf05dfa3f16c34","SP","5","5","312.88","4","4","213.88","51.11","53.47","2016-10-07 21:19:32.000000","2017-02-02 03:48:06.000000","53.47"
"3afc536624bc2e65bddfb5db33cc01f3","MG","6","6","312.00","6","6","312.00","107.07","52.00","2018-01-23 17:56:14.000000","2018-06-12 10:55:06.000000","52.00"
"1acde099eb406aa220b1169b188b42da","SP","9","10","311.10","9","10","311.10","147.40","31.11","2017-09-10 22:32:14.000000","2017-11-06 12:41:01.000000","34.57"
"df47da4ae86fa4db890d05aaf24e21d8","SP","5","5","310.50","5","5","310.50","77.18","62.10","2018-07-23 17:57:33.000000","2018-08-23 10:47:14.000000","62.10"
"ba89796db68db180bd389de96b2ff3b6","SP","2","2","309.80","2","2","309.80","43.46","154.90","2018-07-13 13:42:50.000000","2018-07-29 10:00:52.000000","154.90"
"0cab2da43793a6f3c5ed8514c5f54627","PR","3","3","309.70","3","3","309.70","57.20","103.23","2018-05-11 10:26:01.000000","2018-07-27 10:30:54.000000","103.23"
"ebd1417732defaf66c50b5a800eb293e","PR","1","1","309.00","1","1","309.00","16.33","309.00","2017-03-28 09:40:41.000000","2017-03-28 09:40:41.000000","309.00"
"152ee17e4c8aaf53dac99f3462e4999b","SC","6","6","308.96","6","6","308.96","95.97","51.49","2017-07-14 14:16:10.000000","2017-10-14 11:58:43.000000","51.49"
"1b45169b635ef59425637e9a33eb5fb3","PR","7","8","308.90","7","8","308.90","110.45","38.61","2018-02-13 13:27:43.000000","2018-08-15 23:04:04.000000","44.13"
"dbbcfe2c8d026742134ac3e28ccde274","PR","4","4","308.59","4","4","308.59","54.38","77.15","2017-07-25 09:07:16.000000","2018-06-06 10:11:30.000000","77.15"
"b127efdabeffb5d559349c7b172eb75d","SP","10","10","308.50","10","10","308.50","112.77","30.85","2017-01-26 13:51:54.000000","2017-05-17 19:12:52.000000","30.85"
"85cc55e048b6bcc90c75afe7f0e72f72","RJ","9","9","308.28","9","9","308.28","193.48","34.25","2018-05-07 00:06:34.000000","2018-07-25 21:36:32.000000","34.25"
"a7a9b880c49781da66651ccf4ba9ac38","SP","3","4","307.60","3","4","307.60","65.47","76.90","2018-05-16 16:16:03.000000","2018-07-06 11:54:40.000000","102.53"
"9c3c24eca51c52b91c1de727d2a2ae06","RS","6","6","307.50","6","6","307.50","113.66","51.25","2016-10-10 15:23:51.000000","2018-05-21 10:41:20.000000","51.25"
"48bad451945f5227341793478d6353ea","SP","3","3","307.00","3","3","307.00","77.49","102.33","2017-02-16 19:36:07.000000","2017-12-26 12:19:08.000000","102.33"
"e94b64dc6979b302a5a5be1662c83bb6","SP","2","2","306.89","2","2","306.89","31.74","153.45","2018-07-01 12:21:19.000000","2018-07-03 19:34:23.000000","153.45"
"bc39d8938f90a3a2b98193723ed59774","SP","2","2","306.80","2","2","306.80","22.31","153.40","2018-04-26 21:37:53.000000","2018-06-21 15:08:30.000000","153.40"
"6d2f2e3b539480db1e0842b3a4e32e6e","SP","3","6","305.96","3","6","305.96","168.30","50.99","2017-06-09 14:43:13.000000","2017-06-22 22:22:55.000000","101.99"
"085f6f7e049c996695fb2074fe38d45e","SP","6","8","305.40","6","8","305.40","130.56","38.18","2018-02-26 14:22:19.000000","2018-05-02 15:25:10.000000","50.90"
"c76d418370990614e89e956c7a7567d9","SP","2","2","305.24","2","2","305.24","64.53","152.62","2017-08-11 14:51:35.000000","2017-09-12 13:52:34.000000","152.62"
"51f108f62cb87d61918159902c8f8583","PR","3","3","303.73","3","3","303.73","75.03","101.24","2018-07-24 12:22:38.000000","2018-08-19 08:24:27.000000","101.24"
"25debeafbce801fdd479539350185eee","SP","6","7","302.84","5","6","237.85","87.12","39.64","2017-06-05 10:45:54.000000","2018-04-24 21:18:31.000000","47.57"
"ad75519a07f039025e83795a4418470f","GO","3","9","302.10","3","9","302.10","115.82","33.57","2018-01-26 15:38:19.000000","2018-08-15 16:08:01.000000","100.70"
"a3082f442524a1be452e3189e003b361","SP","3","4","301.60","3","4","301.60","97.65","75.40","2017-07-10 20:27:30.000000","2018-08-09 20:36:13.000000","100.53"
"2b3b9ce054da76a7428df143a567b156","SP","5","6","301.00","5","6","301.00","62.28","50.17","2018-06-17 15:59:39.000000","2018-08-19 10:47:22.000000","60.20"
"3dc69bf2c42f0568a5c4791ec3fd3745","SP","2","2","300.00","1","1","150.00","17.62","150.00","2018-02-16 14:01:10.000000","2018-02-16 14:01:10.000000","150.00"
"2b402d5dc42554061f8ea98d1916f148","BA","1","1","299.89","1","1","299.89","63.90","299.89","2018-04-28 16:17:34.000000","2018-04-28 16:17:34.000000","299.89"
"69a43819c758c65a5befb0b471c954d7","PR","2","3","299.85","2","3","299.85","100.91","99.95","2017-06-15 11:48:29.000000","2017-09-16 20:40:17.000000","149.93"
"3606774ec64634822d78dc2db6d37045","SP","2","2","299.80","1","1","179.90","16.37","179.90","2016-10-04 23:39:01.000000","2016-10-04 23:39:01.000000","179.90"
"ea3ebea5317b0efbc663ecc8ce5e9bc2","SC","3","3","299.70","3","3","299.70","57.65","99.90","2018-05-03 08:15:45.000000","2018-05-20 20:16:42.000000","99.90"
"6d1b9c9579132c87d2703ec38c30f2c5","PR","4","4","299.69","4","4","299.69","67.70","74.92","2017-02-21 21:19:19.000000","2017-07-01 12:32:51.000000","74.92"
"7fe21dd00d2f4943ae09525efa2fd674","RJ","4","4","299.60","2","2","169.80","19.21","84.90","2017-04-22 00:20:19.000000","2017-07-02 00:25:04.000000","84.90"
"71593c7413973a1e160057b80d4958f6","SP","2","5","299.50","2","5","299.50","45.85","59.90","2018-08-03 13:19:41.000000","2018-08-16 10:46:39.000000","149.75"
"b76f4d90e85657a240495c876313adc5","SP","1","1","299.00","1","1","299.00","19.30","299.00","2018-08-25 22:28:18.000000","2018-08-25 22:28:18.000000","299.00"
"f00f5b35d0abcacbdd863672f4bb2c1a","SP","1","1","299.00","1","1","299.00","14.43","299.00","2017-05-27 14:15:33.000000","2017-05-27 14:15:33.000000","299.00"
"a8739afb32aaa45e01815ca76f76f54b","SP","13","15","298.83","13","15","298.83","264.73","19.92","2018-06-07 22:47:32.000000","2018-08-06 19:31:50.000000","22.99"
"9d489893ff6af05029671b785f54b998","SP","5","6","298.70","5","6","298.70","102.54","49.78","2017-06-22 17:19:09.000000","2018-08-23 16:38:38.000000","59.74"
"b76a1f8356322f12529c37b67d5c96c2","SP","5","5","298.50","5","5","298.50","56.39","59.70","2017-12-19 19:01:13.000000","2018-02-19 15:11:22.000000","59.70"
"666658b8da8370f30e1f89893b1de5e6","SP","1","2","298.00","0","0","0.00","0.00",,,,
"e603cf3fec55f8697c9059638d6c8eb5","RS","8","11","297.00","7","10","270.00","172.99","27.00","2017-02-07 11:32:53.000000","2017-04-03 17:54:02.000000","38.57"
"c5ebe6598748b0aeaa61cfb820478b92","RS","3","3","297.00","3","3","297.00","40.17","99.00","2018-07-04 22:19:41.000000","2018-08-28 14:01:04.000000","99.00"
"0ec28cec4046a4a199b6de9b4c891d97","GO","3","4","296.60","3","4","296.60","56.04","74.15","2018-04-22 15:59:19.000000","2018-05-17 14:47:11.000000","98.87"
"508808d438fe2ff972ed13bb8f4a82e2","SP","10","11","294.83","9","10","234.84","111.20","23.48","2018-08-04 21:13:47.000000","2018-08-27 22:34:17.000000","26.09"
"55c96925041a14097b6a7825554f4ad5","SP","6","10","294.80","5","6","170.00","45.89","28.33","2017-03-23 19:12:49.000000","2017-11-10 12:30:18.000000","34.00"
"a806a4bb063ea7ca6d374eafa50a6058","ES","5","6","294.40","5","6","294.40","110.87","49.07","2018-01-02 23:26:09.000000","2018-02-12 17:56:55.000000","58.88"
"9b1ab052f5fca308ba743ac789ebb2e1","PR","2","2","294.09","2","2","294.09","31.99","147.05","2017-04-05 22:29:43.000000","2017-05-07 14:04:26.000000","147.05"
"2bf28e311bba65237358230cabac3f15","PR","7","8","294.00","7","8","294.00","183.88","36.75","2018-04-03 20:28:35.000000","2018-08-12 14:52:42.000000","42.00"
"2f4b9d112bfa44a214bc6cef085d17c8","ES","5","6","293.99","5","6","293.99","119.27","49.00","2016-10-07 10:06:58.000000","2017-04-16 20:08:33.000000","58.80"
"9d39404483343dd55c7ae254494d8388","SP","10","10","293.20","10","10","293.20","141.08","29.32","2017-11-25 10:53:06.000000","2018-04-24 00:54:46.000000","29.32"
"5dc4bdaf869e8c77c648078cbe8d59c2","SC","1","1","292.99","0","0","0.00","0.00",,,,
"48b6c3f4c6a93171da04b75313f2130f","SP","2","2","290.26","2","2","290.26","37.80","145.13","2018-03-09 18:08:44.000000","2018-04-25 12:58:56.000000","145.13"
"ede2977fbaf3738583170735ca403f6c","PR","1","1","289.90","1","1","289.90","37.35","289.90","2018-02-25 17:37:45.000000","2018-02-25 17:37:45.000000","289.90"
"aadfe0417e61315688b6bd7043361e25","GO","1","1","289.90","1","1","289.90","14.28","289.90","2017-08-03 08:40:25.000000","2017-08-03 08:40:25.000000","289.90"
"f410c8873029fcc3809b9df6d0b28914","SP","2","2","289.80","2","2","289.80","37.30","144.90","2018-08-08 18:22:24.000000","2018-08-20 09:32:27.000000","144.90"
"4dc646b9b9e8e411ef48ba000ea3ac6f","SP","4","5","289.70","4","5","289.70","63.56","57.94","2018-02-03 18:28:57.000000","2018-08-16 16:49:11.000000","72.43"
"adbe70ab2c97442046d393988c8d1d27","SP","5","5","289.50","5","5","289.50","65.15","57.90","2017-09-07 13:07:38.000000","2017-10-12 16:51:36.000000","57.90"
"aded58c8142dedc5494a81f948431fab","RJ","4","5","289.50","4","5","289.50","89.98","57.90","2018-04-01 19:44:52.000000","2018-04-23 12:11:20.000000","72.38"
"04ee0ec01589969663ba5967c0e0bdc0","RS","1","1","289.49","1","1","289.49","24.83","289.49","2018-08-21 11:29:05.000000","2018-08-21 11:29:05.000000","289.49"
"d1e2fe627180431ffda076abb303c56f","RJ","1","1","289.00","0","0","0.00","0.00",,,,
"392353362d22cc2c236e1ee81ff19890","SC","5","10","288.70","5","10","288.70","191.97","28.87","2018-04-13 22:12:39.000000","2018-08-22 21:48:00.000000","57.74"
"ce20a2ec1514c25e16f2b5b39bc818f0","SP","4","7","287.00","4","7","287.00","209.03","41.00","2018-06-01 14:12:09.000000","2018-08-13 14:18:20.000000","71.75"
"bbe87dce25ba8b38bb61cc7210a3f10b","SP","2","2","287.00","2","2","287.00","68.39","143.50","2018-05-11 10:13:31.000000","2018-08-24 09:18:20.000000","143.50"
"615005a3ef192c00c6f0e977cee3d2bc","SP","10","11","286.50","10","11","286.50","155.64","26.05","2017-08-17 12:46:48.000000","2017-12-23 03:16:21.000000","28.65"
"e83e93b71371817b11d78a63ff156aee","SP","2","3","286.00","2","3","286.00","87.38","95.33","2017-02-07 20:31:37.000000","2017-04-09 15:32:33.000000","143.00"
"e628d4a53c109f09ca88098338b3a3f5","MG","1","1","285.00","0","0","0.00","0.00",,,,
"a9ae440659f48b7849df83e82734150b","SP","1","1","285.00","1","1","285.00","27.02","285.00","2017-10-13 13:10:42.000000","2017-10-13 13:10:42.000000","285.00"
"10264f60a8f0a4d2f30810f5c661c673","SP","4","4","284.60","4","4","284.60","41.86","71.15","2018-06-19 21:10:11.000000","2018-08-09 12:44:54.000000","71.15"
"86bf77bdb52e615674772d5817c6212f","RS","4","5","281.80","4","5","281.80","97.58","56.36","2018-04-24 18:39:22.000000","2018-07-31 21:12:24.000000","70.45"
"83c465a786b06574376909b35ef6752a","SP","3","3","281.40","3","3","281.40","49.06","93.80","2018-06-25 20:24:55.000000","2018-08-16 18:56:19.000000","93.80"
"b8a0adc91af209270c2c725168eb00fd","SP","6","6","281.40","6","6","281.40","107.09","46.90","2018-04-16 19:54:11.000000","2018-06-27 10:15:28.000000","46.90"
"d5c530f4884a75ae0dba9c148718d278","MG","6","9","280.88","5","8","252.93","143.21","31.62","2017-09-15 13:52:28.000000","2017-11-28 14:56:51.000000","50.59"
"579891617139df7d8671d373f0669622","RJ","8","8","280.30","8","8","280.30","128.20","35.04","2017-06-07 20:09:55.000000","2018-07-02 08:00:35.000000","35.04"
"4e0d109ccfba9a1151c103049880c857","RJ","2","2","279.89","2","2","279.89","67.84","139.95","2017-11-24 02:25:07.000000","2018-05-31 17:29:44.000000","139.95"
"58e4b302b54937e55a678c4d15111da4","PR","3","3","279.79","1","1","49.90","14.52","49.90","2017-01-26 11:09:11.000000","2017-01-26 11:09:11.000000","49.90"
"19a7c9f66ffa6452ff4b4c0cca71da27","PR","1","1","279.00","1","1","279.00","59.74","279.00","2017-09-30 16:14:28.000000","2017-09-30 16:14:28.000000","279.00"
"d2572f31e9023e9850ef986a636ff9bf","MG","1","1","279.00","1","1","279.00","26.69","279.00","2017-03-25 12:28:48.000000","2017-03-25 12:28:48.000000","279.00"
"debe6615cd90cc0c2eac2b8988e1f628","SP","5","5","278.50","5","5","278.50","95.53","55.70","2017-01-28 23:09:31.000000","2017-03-20 19:58:27.000000","55.70"
"fb8904a8ea99f8831b64ce27db2c1765","SP","2","2","278.00","2","2","278.00","24.36","139.00","2017-11-12 14:52:36.000000","2017-11-24 21:39:39.000000","139.00"
"4d6fb82c629c7a5028bfd973c07b05e0","MG","2","2","278.00","0","0","0.00","0.00",,,,
"94c49f20a123aeb9360dbf80ff912bf6","SP","3","3","277.75","3","3","277.75","61.54","92.58","2017-05-22 11:12:38.000000","2017-06-05 16:01:12.000000","92.58"
"ab9db4cf53b08b828b64dccaafc2d9f0","RS","5","5","277.67","4","4","177.78","105.82","44.45","2017-05-18 17:35:59.000000","2018-07-19 14:24:09.000000","44.45"
"e46bc031f2c5bae4ccb40bb90712e9b4","SP","1","1","277.30","0","0","0.00","0.00",,,,
"32f1bb9dfa65bc7df5c0d9d95a616be4","SP","5","6","276.39","4","5","246.49","48.31","49.30","2018-03-18 23:47:19.000000","2018-08-08 12:09:55.000000","61.62"
"15ead3a5037a918ddb520dfe39a3d2b9","MG","7","8","275.50","6","7","254.50","140.22","36.36","2018-01-22 13:48:41.000000","2018-04-24 09:38:50.000000","42.42"
"2ee0a0689f2f6a72f35a7cb6033f6e7e","SP","4","4","272.00","4","4","272.00","52.84","68.00","2017-11-14 20:08:30.000000","2017-11-26 14:31:13.000000","68.00"
"f682e0f848abafc6f41e0d4e868c66ef","SP","2","2","269.98","2","2","269.98","34.02","134.99","2017-10-11 12:45:13.000000","2018-05-18 14:37:45.000000","134.99"
"bab0a8cd684e41ba6e2637dca0979d3b","RJ","1","1","269.90","1","1","269.90","19.14","269.90","2017-08-22 13:33:36.000000","2017-08-22 13:33:36.000000","269.90"
"87d73636a3acf123e842bb890a4db036","SP","1","1","269.90","1","1","269.90","43.71","269.90","2018-07-25 15:17:58.000000","2018-07-25 15:17:58.000000","269.90"
"9a208dee8f95cfdf00760c4d627828ec","RJ","1","1","269.90","0","0","0.00","0.00",,,,
"dcf3755cefcdc158ad0b7bdde51e871b","RS","3","3","269.70","3","3","269.70","89.33","89.90","2018-03-18 14:44:29.000000","2018-08-11 10:48:51.000000","89.90"
"6bb66d9870c2e01c05655c7ed0e7ee13","SP","3","3","269.00","3","3","269.00","52.02","89.67","2018-07-25 17:09:53.000000","2018-07-29 06:13:03.000000","89.67"
"58c851d1a3c7cd3da329eb59453fed44","SP","2","2","268.99","2","2","268.99","24.27","134.50","2018-08-10 16:25:13.000000","2018-08-21 20:57:32.000000","134.50"
"184a67a8f9f63234d3a92340bbdb727f","SC","8","11","268.66","7","10","246.29","190.56","24.63","2016-10-05 19:09:33.000000","2017-11-08 07:52:53.000000","35.18"
"f9bbdd976532d50b7816d285a22bd01e","SP","2","2","268.00","2","2","268.00","30.37","134.00","2017-05-25 23:22:43.000000","2017-09-14 21:21:35.000000","134.00"
"830379336fad8c6f3b15a4a3ddb5c66e","SP","2","4","268.00","2","4","268.00","170.38","67.00","2018-04-21 17:34:58.000000","2018-07-24 10:54:55.000000","134.00"
"4be2e7f96b4fd749d52dff41f80e39dd","AC","1","1","267.00","0","0","0.00","0.00",,,,
"65a7c0788e4d632ccb5e1b594b87f0bb","SP","3","9","266.70","3","9","266.70","117.42","29.63","2017-08-15 21:20:12.000000","2017-12-22 14:45:15.000000","88.90"
"5236605f4d4b0b3e4df85b850393fca0","SP","5","5","265.30","5","5","265.30","82.18","53.06","2017-08-09 13:04:46.000000","2018-08-04 18:22:26.000000","53.06"
"483ca627d131e18f988349b1655c0acd","SP","1","1","264.00","1","1","264.00","19.73","264.00","2018-03-27 16:37:34.000000","2018-03-27 16:37:34.000000","264.00"
"5c853bb56f70f4d14218944bae111d7a","SP","23","24","263.13","23","24","263.13","251.06","10.96","2017-02-22 17:54:36.000000","2018-08-22 21:25:12.000000","11.44"
"f8d5c7085db9a4ad2b8c1ffbeb2798c8","SP","6","6","263.00","6","6","263.00","100.41","43.83","2017-03-30 11:59:33.000000","2018-02-05 19:51:29.000000","43.83"
"53088c75f948b48a7ece173ac17f0c12","RS","3","3","261.70","3","3","261.70","54.53","87.23","2018-05-22 21:45:29.000000","2018-08-07 17:16:46.000000","87.23"
"252e76235acb79183cfca6e34f13337d","SP","3","4","261.20","3","4","261.20","60.57","65.30","2017-02-17 16:10:12.000000","2018-06-01 11:54:07.000000","87.07"
"aa762680c40618316a896838866140ea","PR","3","3","261.00","3","3","261.00","62.46","87.00","2018-04-06 22:32:42.000000","2018-05-11 17:57:27.000000","87.00"
"6da1992f915d77be95d7fa48b36904af","SP","7","9","261.00","7","9","261.00","122.66","29.00","2017-04-27 16:24:28.000000","2017-08-03 11:13:41.000000","37.29"
"21d59342ba150175ca2aa4f8faddeca6","SP","2","2","259.90","2","2","259.90","74.39","129.95","2018-08-09 11:07:40.000000","2018-08-22 14:53:45.000000","129.95"
"92c8bc6e8f925792247656fed09aad65","SP","3","3","259.70","2","2","134.80","26.44","67.40","2017-08-30 17:50:54.000000","2017-09-11 16:48:06.000000","67.40"
"800214c63934acd05d47e84214db8ba8","SC","4","4","259.60","3","3","199.70","50.71","66.57","2017-03-31 12:33:22.000000","2017-05-15 08:58:47.000000","66.57"
"984c273121e743dd14767befe6cb17f5","SP","1","1","259.60","1","1","259.60","21.31","259.60","2017-11-25 20:15:32.000000","2017-11-25 20:15:32.000000","259.60"
"bdb3edbaee43a761e2d4f258dc08f348","SP","5","5","259.50","5","5","259.50","68.86","51.90","2017-11-21 22:22:38.000000","2017-12-18 11:50:01.000000","51.90"
"c9e5ad1f6647f5dbd1172adf6ae3cada","RS","4","4","259.03","4","4","259.03","60.95","64.76","2017-10-23 22:10:42.000000","2018-06-09 01:16:23.000000","64.76"
"5e25c632f9db6cfb8bc100421c2737b6","SC","1","1","259.00","1","1","259.00","19.91","259.00","2018-06-12 21:32:28.000000","2018-06-12 21:32:28.000000","259.00"
"1e26c56af8d48424e1df0140a2401f83","SP","2","2","258.90","2","2","258.90","33.49","129.45","2018-06-13 20:49:57.000000","2018-08-08 11:14:31.000000","129.45"
"a0e19590a0923cdd0614ea9427713ced","PR","2","7","258.30","0","0","0.00","0.00",,,,
"f543ba3c973276f519d89d59bd46cead","SP","2","2","258.00","0","0","0.00","0.00",,,,
"0af977692321d895349eded183341d28","SP","2","2","257.75","2","2","257.75","19.47","128.88","2018-04-01 02:54:21.000000","2018-08-20 16:20:58.000000","128.88"
"7d294cf9a6a69dc6a0c3e540fff0e039","SC","5","5","257.25","5","5","257.25","194.13","51.45","2018-05-06 20:37:58.000000","2018-08-01 19:42:37.000000","51.45"
"31eec405c9bb71dec8e2629a92e764fa","ES","5","5","256.89","5","5","256.89","170.24","51.38","2018-06-27 12:28:47.000000","2018-08-10 13:10:40.000000","51.38"
"6f1a1263039c76e68f40a8e536b1da6a","SP","4","7","256.39","2","5","178.69","74.50","35.74","2017-09-17 23:54:20.000000","2018-01-15 15:18:27.000000","89.35"
"ebef8d8c92b4fd3226e5d407bbff21ac","SP","3","3","253.70","3","3","253.70","48.36","84.57","2017-01-29 13:42:10.000000","2017-03-13 22:19:52.000000","84.57"
"88ef59b51bdaa941d10a853429f2b6ce","PR","2","2","252.90","2","2","252.90","41.80","126.45","2018-07-04 14:05:12.000000","2018-08-18 20:16:45.000000","126.45"
"446cc09cdbb130904da114e807dbec40","SP","3","3","252.80","3","3","252.80","54.17","84.27","2018-03-06 12:22:00.000000","2018-06-04 00:18:20.000000","84.27"
"7f35f9daf223da737b78738fbae4d977","SP","5","5","252.00","5","5","252.00","101.01","50.40","2018-06-18 05:22:00.000000","2018-07-04 18:15:26.000000","50.40"
"e88c9b79e592e370d6bd852eeefbf057","PR","8","9","251.87","8","9","251.87","142.11","27.99","2017-05-21 19:53:52.000000","2017-07-13 11:44:22.000000","31.48"
"ae45ad30c2d2e5913094769690a239d2","SP","1","2","251.80","1","2","251.80","31.26","125.90","2017-12-08 13:21:55.000000","2017-12-08 13:21:55.000000","251.80"
"e88f7a2995ba184710d339c5c4bf2e30","SP","2","2","251.60","2","2","251.60","35.91","125.80","2018-03-08 12:54:55.000000","2018-04-26 10:43:55.000000","125.80"
"85ecf03781da592876b7844acc1b729f","SP","2","2","251.00","2","2","251.00","43.90","125.50","2018-07-18 15:14:15.000000","2018-08-04 22:12:46.000000","125.50"
"46ef1a25845fc051c2998d878354810c","MG","5","5","250.41","5","5","250.41","98.04","50.08","2017-09-13 22:26:26.000000","2018-08-17 21:23:04.000000","50.08"
"8ccf3cf69651cc1d8a02c8bfaf3b8568","SP","2","2","250.00","2","2","250.00","38.63","125.00","2017-04-22 20:02:16.000000","2017-05-11 18:33:36.000000","125.00"
"001e6ad469a905060d959994f1b41e4f","RJ","1","1","250.00","0","0","0.00","0.00",,,,
"b2bdc5e7940a7d7ca8c4a37953b27a42","SP","1","1","250.00","0","0","0.00","0.00",,,,
"13d95f0f6f73943d4ceffad0fc2cd32c","GO","1","1","249.99","1","1","249.99","59.33","249.99","2018-03-13 12:23:51.000000","2018-03-13 12:23:51.000000","249.99"
"1703bc09972dab9782e7a9194943b69f","MG","1","1","249.90","1","1","249.90","106.21","249.90","2018-07-14 17:52:26.000000","2018-07-14 17:52:26.000000","249.90"
"5d505d2298ad549e4e4e835562fa0c1e","SP","2","2","249.80","2","2","249.80","28.34","124.90","2017-03-15 14:17:51.000000","2017-04-01 18:01:02.000000","124.90"
"c0f783394e37cd9c9d7f5f81141450fa","SP","6","6","249.40","6","6","249.40","87.35","41.57","2017-11-10 13:49:38.000000","2017-12-13 17:14:37.000000","41.57"
"880eda903e719a5f179f7e9fceb3a69d","SP","1","1","249.00","0","0","0.00","0.00",,,,
"4b90495391ac0bd181a80a459df1e718","RS","1","1","248.00","1","1","248.00","18.11","248.00","2016-10-05 22:24:40.000000","2016-10-05 22:24:40.000000","248.00"
"42b6488f5b8246d9141712abd4b1b693","PR","2","2","247.99","2","2","247.99","41.81","124.00","2018-04-12 20:51:03.000000","2018-08-14 19:10:40.000000","124.00"
"ec21206b7894c503788a684a7bc822a6","RJ","3","3","247.80","1","1","75.00","17.78","75.00","2017-11-14 20:28:14.000000","2017-11-14 20:28:14.000000","75.00"
"baa49d93c8c8841e27400a300f5d74b2","SC","6","6","246.40","6","6","246.40","88.02","41.07","2017-05-03 13:31:27.000000","2017-06-05 12:57:58.000000","41.07"
"88ae906ea2acf6971f26c3e8b7cb4357","SP","3","3","246.00","3","3","246.00","42.01","82.00","2018-04-27 14:42:36.000000","2018-05-11 14:39:15.000000","82.00"
"5721089ba9214e80074f27d5a03fc0eb","SP","5","7","245.93","5","7","245.93","66.64","35.13","2017-11-02 11:01:12.000000","2018-01-30 15:24:11.000000","49.19"
"5194c22ed1f616ec0c0f33c571542879","MG","4","4","245.60","4","4","245.60","80.85","61.40","2018-06-21 13:37:25.000000","2018-08-05 15:48:29.000000","61.40"
"c3fe93ba3085f92855c97e57f38c8c05","PR","7","7","245.00","6","6","219.00","98.18","36.50","2017-06-08 18:45:48.000000","2018-07-24 23:30:08.000000","36.50"
"28405831a29823802aa22c084cfd0649","SP","7","7","245.00","6","6","210.00","72.83","35.00","2018-06-26 16:00:19.000000","2018-08-18 18:29:46.000000","35.00"
"d6cd01c59123df02fc226eadbadb5f89","SP","2","3","244.90","1","1","69.90","16.25","69.90","2018-01-11 23:07:22.000000","2018-01-11 23:07:22.000000","69.90"
"14f2b3587172b9db894c9bad8dab520b","RS","2","2","244.00","2","2","244.00","86.06","122.00","2018-03-21 13:01:05.000000","2018-07-14 14:55:43.000000","122.00"
"5733d806668f8712c24b9abaefbfa642","SP","2","2","243.80","2","2","243.80","85.88","121.90","2018-01-26 14:21:17.000000","2018-04-26 00:13:51.000000","121.90"
"77714512e8d4dda9c234da8e3faf16e4","SP","4","6","243.40","4","6","243.40","105.58","40.57","2018-07-27 09:58:16.000000","2018-08-15 17:34:38.000000","60.85"
"c70a353f02429c00775a46a75fb787da","SP","6","6","242.00","6","6","242.00","94.94","40.33","2018-07-17 18:27:15.000000","2018-08-10 15:11:34.000000","40.33"
"31be790e64fc99f8ff48ec2bd18a3104","SP","6","6","241.40","6","6","241.40","72.28","40.23","2018-07-29 23:08:40.000000","2018-08-17 20:53:26.000000","40.23"
"0761743cbffb25d7148189e9f1a5f03a","SP","3","7","241.20","3","7","241.20","86.20","34.46","2017-11-30 09:38:21.000000","2018-02-02 18:42:02.000000","80.40"
"85044848b1b767db2a4a58526adef4b4","SP","4","4","240.60","4","4","240.60","64.91","60.15","2018-04-07 19:30:17.000000","2018-07-13 14:02:37.000000","60.15"
"5e9f5bd34e0830569f05c9d4f56e04a8","RS","2","2","239.98","2","2","239.98","34.88","119.99","2018-07-12 16:56:22.000000","2018-07-14 20:48:14.000000","119.99"
"422be4cc81a457fdb46f47edeb968ae5","SP","1","1","239.90","1","1","239.90","77.47","239.90","2017-01-26 16:20:32.000000","2017-01-26 16:20:32.000000","239.90"
"2d9e8987a2ea5cf88dce330249043ff1","SP","2","2","239.80","2","2","239.80","104.37","119.90","2018-08-02 13:07:42.000000","2018-08-18 02:42:23.000000","119.90"
"70f7e8018e3d46c748c92f026aa2585a","SP","1","2","239.80","1","2","239.80","37.88","119.90","2018-08-16 15:59:15.000000","2018-08-16 15:59:15.000000","239.80"
"ec8463980a4e0ea9f8517aea1ed0c419","SC","2","8","239.20","2","8","239.20","118.76","29.90","2018-07-16 16:35:30.000000","2018-07-16 22:36:53.000000","119.60"
"d1a5cc844736958c11b8efab9a2b4c87","PR","1","1","237.60","1","1","237.60","16.41","237.60","2017-10-23 13:04:06.000000","2017-10-23 13:04:06.000000","237.60"
"e83c76265fc54bf41eac728805e4da77","SP","8","8","237.30","8","8","237.30","99.19","29.66","2017-02-10 17:43:20.000000","2017-05-08 09:08:43.000000","29.66"
"2e0dba2da448400b1c11d7b4b22f32a4","SP","7","13","235.87","7","13","235.87","171.83","18.14","2017-02-10 11:11:16.000000","2017-05-21 19:21:32.000000","33.70"
"534a01cc6df1e034e05c32028a291fa2","SP","5","5","235.59","5","5","235.59","59.86","47.12","2017-08-16 19:24:28.000000","2017-10-23 11:33:12.000000","47.12"
"578460d8319c51dab351cd9db95eadfe","GO","1","1","235.00","0","0","0.00","0.00",,,,
"a663d9c3797e90eac99ff60939416a56","SP","1","1","235.00","1","1","235.00","14.08","235.00","2018-05-16 13:31:20.000000","2018-05-16 13:31:20.000000","235.00"
"94b9108d4b637ba65bb4f1e53cfcf8d8","SP","7","8","234.96","7","8","234.96","99.13","29.37","2017-09-02 16:05:34.000000","2018-08-03 10:56:56.000000","33.57"
"1e47defeeadeca0e9a18fa5a9311e735","SP","3","3","234.12","3","3","234.12","57.50","78.04","2017-06-13 11:34:47.000000","2017-07-19 16:17:11.000000","78.04"
"cb32766839f443db85c82a43c4a6c19e","SP","2","2","234.00","2","2","234.00","31.51","117.00","2017-02-10 15:43:45.000000","2017-02-26 16:03:49.000000","117.00"
"d9cb0052a666de5308b32f32ad5f1b1c","SP","3","3","231.90","3","3","231.90","38.59","77.30","2018-01-19 00:21:43.000000","2018-05-15 22:07:28.000000","77.30"
"e64882b4ef12aee8d0faca4db5b681f4","GO","1","2","230.00","1","2","230.00","43.22","115.00","2018-01-12 15:28:49.000000","2018-01-12 15:28:49.000000","230.00"
"1746c1ae87ac63d530c7c943d0ac42e2","SP","1","1","229.90","1","1","229.90","22.45","229.90","2017-12-12 22:04:33.000000","2017-12-12 22:04:33.000000","229.90"
"72431a818f97fe6ab9c81eee3e297e54","SP","1","1","229.90","1","1","229.90","19.49","229.90","2018-04-13 11:22:56.000000","2018-04-13 11:22:56.000000","229.90"
"740205fedfe4e90ca6857bc77db0f2b4","SP","1","1","229.90","1","1","229.90","21.93","229.90","2017-02-17 03:09:22.000000","2017-02-17 03:09:22.000000","229.90"
"9539213aa8e023c01937bef95dc006da","SP","9","9","229.10","9","9","229.10","89.94","25.46","2017-11-29 18:10:01.000000","2018-03-11 22:52:36.000000","25.46"
"615c3462099ffa940d37b17dfda19594","RJ","2","2","229.00","2","2","229.00","32.05","114.50","2018-06-21 12:07:18.000000","2018-07-31 23:06:21.000000","114.50"
"75745ef7bc7d4f3ea3380f6f5303f514","DF","3","3","228.40","3","3","228.40","48.92","76.13","2017-03-01 16:41:19.000000","2017-04-07 09:50:35.000000","76.13"
"4ce6e5f6c52515177e18c1c9361d8677","SP","1","1","226.60","0","0","0.00","0.00",,,,
"8dfbc5ff27df12f6cef751d3b9554222","PR","4","4","226.00","4","4","226.00","90.12","56.50","2018-05-15 11:48:56.000000","2018-08-15 19:46:26.000000","56.50"
"b05b432bf68945d4d9783f9e3ca29ee8","SP","2","2","224.80","2","2","224.80","26.09","112.40","2017-09-11 21:19:55.000000","2017-09-12 17:49:55.000000","112.40"
"8a8835a43bda99fd37310ad76c457510","SP","2","3","224.34","2","3","224.34","34.20","74.78","2018-07-16 18:39:09.000000","2018-08-02 18:50:07.000000","112.17"
"94ca168e8bcb407ab85c5da308863027","SP","5","5","224.30","5","5","224.30","87.36","44.86","2017-11-21 21:11:07.000000","2018-08-24 18:37:17.000000","44.86"
"6c6e3d67f969468f3bfd33f827a31222","PR","5","6","224.00","5","6","224.00","92.41","37.33","2018-03-11 22:56:57.000000","2018-08-09 18:55:30.000000","44.80"
"81ed90f07c0bacb7594940ba2ef676aa","MG","2","2","223.90","2","2","223.90","33.56","111.95","2017-10-25 23:24:01.000000","2017-11-11 16:51:19.000000","111.95"
"0e44d110fa6a54e121cb2c095a77762f","SP","6","6","223.32","6","6","223.32","70.06","37.22","2017-08-04 06:36:20.000000","2018-06-13 00:02:17.000000","37.22"
"08ad4ac1388e4420ca531c3edfc46198","SP","6","7","221.62","6","7","221.62","89.05","31.66","2018-06-11 19:55:25.000000","2018-08-18 18:52:16.000000","36.94"
"f419677537694f0462a91990df6ca44f","SP","6","6","220.50","6","6","220.50","78.78","36.75","2017-12-27 08:36:53.000000","2018-03-14 15:47:48.000000","36.75"
"7e3dde9ffba72d5340f9aaf09b4424be","PR","1","1","220.00","0","0","0.00","0.00",,,,
"edf3fabebcc20f7463cc9c53da932ea8","SP","1","1","219.90","1","1","219.90","24.12","219.90","2018-05-22 21:13:21.000000","2018-05-22 21:13:21.000000","219.90"
"bec568278124768c474ee90971ca94d1","SP","2","2","219.90","2","2","219.90","29.16","109.95","2018-06-17 22:38:30.000000","2018-07-30 19:24:57.000000","109.95"
"20611af7866c6068fd5ae1f9dbe15c92","SP","2","2","219.80","2","2","219.80","114.50","109.90","2018-07-14 20:11:04.000000","2018-07-16 09:04:15.000000","109.90"
"f8e2c1b59cd4225a3e4fd0d013a76b93","SP","2","3","219.80","2","3","219.80","44.63","73.27","2017-09-01 10:23:11.000000","2017-12-31 02:09:21.000000","109.90"
"e0a3c37054ade6478d923a6efc10f308","SC","2","2","219.80","2","2","219.80","35.18","109.90","2018-07-03 20:23:05.000000","2018-07-17 21:05:10.000000","109.90"
"a5dd1946fb63ada8bcaa0c9cd8f11e22","PE","6","7","219.62","6","7","219.62","206.71","31.37","2017-09-08 14:15:39.000000","2018-03-11 11:11:51.000000","36.60"
"6e2d3e2dc84fb30f6078f39dd3bddd6f","PR","1","1","219.00","0","0","0.00","0.00",,,,
"3442f8959a84dea7ee197c632cb2df15","SP","3","3","218.70","3","3","218.70","27.90","72.90","2017-05-05 16:12:29.000000","2017-08-30 11:47:52.000000","72.90"
"751e274377499a8503fd6243ad9c56f6","SP","1","2","218.00","1","2","218.00","17.84","109.00","2018-08-20 22:06:10.000000","2018-08-20 22:06:10.000000","218.00"
"6548c2550b6e2d8f18053216e1c7b6f3","SP","3","5","217.70","3","5","217.70","69.85","43.54","2018-06-26 11:17:35.000000","2018-08-22 17:58:13.000000","72.57"
"d594982fd877af63ace38ea1fca27c76","SP","7","7","217.04","7","7","217.04","92.66","31.01","2018-06-29 18:11:23.000000","2018-08-21 11:11:03.000000","31.01"
"3d49bfdd1b43a7fe169b3740067acc61","MG","3","3","215.00","3","3","215.00","61.82","71.67","2018-06-30 01:23:27.000000","2018-08-22 13:57:22.000000","71.67"
"a4b8d97cd5d3674eeff96abc99d8ed67","SP","1","1","214.08","1","1","214.08","19.30","214.08","2018-06-13 12:16:02.000000","2018-06-13 12:16:02.000000","214.08"
"33ab10be054370c254ddfcf0a6253422","RJ","4","4","213.20","4","4","213.20","52.33","53.30","2018-06-22 16:04:28.000000","2018-08-28 11:51:45.000000","53.30"
"4ea2f12dbe91deeacd2c1e74f069a6e6","SP","4","6","210.20","4","6","210.20","70.07","35.03","2017-09-05 21:20:12.000000","2018-04-08 23:24:30.000000","52.55"
"d9d43faf741ceaa8da52fdbb81d9e0e3","SP","6","8","210.00","4","6","161.00","174.79","26.83","2018-04-05 11:22:54.000000","2018-08-07 09:46:50.000000","40.25"
"fec6912baad85d41729669edd6b4d3b8","SP","1","1","210.00","0","0","0.00","0.00",,,,
"a9415cf907dfa12f9ed18693244f5329","MG","1","2","210.00","1","2","210.00","175.42","105.00","2018-01-19 16:34:05.000000","2018-01-19 16:34:05.000000","210.00"
"661ad5fcc28cdfb8bcadb12bb2272475","SC","4","7","209.93","4","7","209.93","119.78","29.99","2018-01-15 10:56:46.000000","2018-07-17 17:28:51.000000","52.48"
"269c5fc9fcadee614364c3620c30a1f9","SP","3","6","209.60","3","6","209.60","45.12","34.93","2018-07-31 18:14:02.000000","2018-08-08 21:19:23.000000","69.87"
"3fadb4cba4c35bce6a7eaf9872d5623a","RS","3","5","209.50","3","5","209.50","68.02","41.90","2017-04-07 20:18:18.000000","2017-05-31 22:12:33.000000","69.83"
"929f342384a6607afe143d789ade1316","PR","4","4","209.40","4","4","209.40","63.36","52.35","2018-06-20 19:25:54.000000","2018-08-06 15:51:24.000000","52.35"
"3fefda3299e6dfaea3466ef346a3571a","PR","1","1","209.00","1","1","209.00","16.21","209.00","2017-08-11 10:15:22.000000","2017-08-11 10:15:22.000000","209.00"
"10cdd491d1dbea8fb4ead97b19c334ce","MG","3","3","208.90","3","3","208.90","78.86","69.63","2018-06-26 20:11:26.000000","2018-07-24 21:26:25.000000","69.63"
"1de62b6f2fd96227629786db492433db","SP","2","2","208.80","2","2","208.80","28.73","104.40","2018-06-14 21:05:33.000000","2018-08-23 10:43:59.000000","104.40"
"ad8b531ae67582f096925cff5630d0d1","PR","3","3","208.35","2","2","198.45","53.04","99.23","2017-10-08 20:45:59.000000","2017-11-24 20:26:39.000000","99.23"
"353e21e8bf8de2722b4fae1636664b76","RS","4","4","208.00","4","4","208.00","91.89","52.00","2018-02-27 07:38:47.000000","2018-06-16 20:14:00.000000","52.00"
"5a9c0859cb00fd8aa4db443837f0a700","SC","2","2","208.00","2","2","208.00","47.59","104.00","2018-07-09 17:28:54.000000","2018-07-11 19:44:12.000000","104.00"
"90b36c5aeb728d5504a39f435bef0c5f","SP","5","7","207.86","4","4","153.89","94.00","38.47","2018-07-11 10:34:33.000000","2018-08-01 16:13:13.000000","38.47"
"90b57083da5d803237da74daec6dcb2b","PR","2","2","206.90","2","2","206.90","34.31","103.45","2018-01-28 01:08:44.000000","2018-04-16 16:44:16.000000","103.45"
"762fafdaa57a532ee0119731697579dd","SP","5","5","206.70","5","5","206.70","54.17","41.34","2018-06-08 02:18:40.000000","2018-08-11 11:01:19.000000","41.34"
"3bfad056cf05c00dabe2f895925d83b1","SP","1","5","206.65","0","0","0.00","0.00",,,,
"e5d4b2b0c3bca22085f7a19a28de0c42","SC","4","4","205.80","4","4","205.80","63.76","51.45","2017-08-26 13:41:37.000000","2017-11-26 05:27:45.000000","51.45"
"dd8a29ce82d5c705ba932d81494600a5","SP","2","2","205.75","2","2","205.75","27.50","102.88","2017-05-25 21:25:09.000000","2017-09-01 16:13:42.000000","102.88"
"643c01d7c56a724bec0454f4780e8a3e","SC","2","2","205.55","2","2","205.55","41.10","102.78","2018-04-05 11:51:59.000000","2018-05-15 14:57:12.000000","102.78"
"37ceb404da208418c9032f0674e57804","SP","1","3","204.93","0","0","0.00","0.00",,,,
"efb628aa07c8ca93d7db0d85b91a4f5a","RJ","1","1","204.00","1","1","204.00","58.10","204.00","2017-11-17 08:47:34.000000","2017-11-17 08:47:34.000000","204.00"
"e819bcfade7b5d88a27325eb6cfd62c5","SP","5","11","202.90","5","11","202.90","135.35","18.45","2018-07-20 14:35:51.000000","2018-08-20 23:35:44.000000","40.58"
"f26d70155c2b6326fcfa1780c8c684e4","SC","1","1","202.89","1","1","202.89","16.17","202.89","2017-06-26 16:50:06.000000","2017-06-26 16:50:06.000000","202.89"
"bcc9dd23e2a8bd8267cf92b19304a1b9","SP","3","3","202.79","3","3","202.79","43.43","67.60","2018-01-19 23:31:34.000000","2018-02-21 22:43:55.000000","67.60"
"19484c79cef6c062cb177aa4ef2fcc3c","SP","1","1","201.90","1","1","201.90","10.16","201.90","2018-08-03 01:50:48.000000","2018-08-03 01:50:48.000000","201.90"
"28c7d8743fbc8679f484868cc0fcaefb","SP","3","3","201.50","3","3","201.50","68.86","67.17","2018-05-05 12:40:10.000000","2018-08-10 00:40:57.000000","67.17"
"72146da5774cabf2632faedcae097a76","PR","4","6","200.94","4","6","200.94","110.49","33.49","2018-02-06 12:10:35.000000","2018-05-10 17:04:17.000000","50.24"
"c990d6cf976a5718aaedc539f383ab88","SP","10","11","200.90","8","9","183.10","115.35","20.34","2017-10-05 15:37:40.000000","2018-01-20 17:59:58.000000","22.89"
"3f84fefc07dc159b268d4a77d3e8c425","PR","3","3","200.60","3","3","200.60","51.32","66.87","2018-05-07 10:20:46.000000","2018-06-29 23:02:53.000000","66.87"
"5db42a6cd9bf1bf0d3aab9582767f168","ES","1","1","200.00","1","1","200.00","19.33","200.00","2018-05-05 20:10:05.000000","2018-05-05 20:10:05.000000","200.00"
"dda37071807e404c5bb2a1590c66326f","SP","1","1","199.99","1","1","199.99","19.28","199.99","2018-04-24 08:37:20.000000","2018-04-24 08:37:20.000000","199.99"
"dbc51f5e45d654ecc16cb68e6817ecea","SP","1","1","199.99","1","1","199.99","18.14","199.99","2017-02-24 22:28:55.000000","2017-02-24 22:28:55.000000","199.99"
"3289d8c3eef4873f91ce0b1343c0dd58","SP","1","1","199.99","1","1","199.99","19.28","199.99","2018-05-25 18:44:29.000000","2018-05-25 18:44:29.000000","199.99"
"3fe7120d6257285ac6a3ce7cb071ccec","MG","2","2","199.98","2","2","199.98","28.28","99.99","2018-01-05 09:35:30.000000","2018-01-10 14:04:29.000000","99.99"
"651530bf5c607240ccdd89a30c9c9712","BA","1","1","199.90","1","1","199.90","24.55","199.90","2018-08-09 18:09:53.000000","2018-08-09 18:09:53.000000","199.90"
"e59e575a175fadcadf8479e191770425","RJ","1","1","199.90","1","1","199.90","50.98","199.90","2018-06-09 11:53:43.000000","2018-06-09 11:53:43.000000","199.90"
"2cb4700db635baa1c0d4f90ed27b6669","PR","2","2","199.80","2","2","199.80","28.92","99.90","2017-03-15 23:15:28.000000","2017-03-18 01:58:41.000000","99.90"
"2a50b7ee5aebecc6fd0ff9784a4747d6","DF","1","2","199.80","1","2","199.80","64.44","99.90","2017-11-27 21:45:48.000000","2017-11-27 21:45:48.000000","199.80"
"4f0d637c1197fd65405ebd755ac9f86b","SP","2","2","199.80","2","2","199.80","32.67","99.90","2018-05-30 21:48:24.000000","2018-06-20 20:30:31.000000","99.90"
"ec5c1d94df153d473b37f880977ae58e","SP","2","3","199.67","2","3","199.67","84.07","66.56","2018-05-22 14:50:54.000000","2018-06-03 13:21:09.000000","99.84"
"8060d731897e33b5c5ae575ce1e209e1","SP","5","5","199.50","5","5","199.50","91.45","39.90","2018-05-07 10:09:40.000000","2018-07-14 14:32:44.000000","39.90"
"4e2627090e6e5b9fabba883a37897683","MG","2","5","199.50","1","1","39.90","11.72","39.90","2018-02-26 21:40:14.000000","2018-02-26 21:40:14.000000","39.90"
"4ce8b55b4bfa4659184e7becc1fba3f2","PR","2","2","199.00","2","2","199.00","59.87","99.50","2018-04-23 13:47:32.000000","2018-04-29 19:19:56.000000","99.50"
"52f6f9f13ba19504c02781132a049e75","PR","1","1","199.00","1","1","199.00","23.13","199.00","2017-03-25 09:08:41.000000","2017-03-25 09:08:41.000000","199.00"
"e1bed63d68ac36fe1f3061befe196af5","SP","1","1","199.00","1","1","199.00","18.00","199.00","2017-01-30 18:30:53.000000","2017-01-30 18:30:53.000000","199.00"
"e9874ae10b2d60d43917b6bbfa13a599","PR","1","1","199.00","1","1","199.00","23.10","199.00","2018-04-18 20:42:34.000000","2018-04-18 20:42:34.000000","199.00"
"4450bd8327d471c4a11a83d1445b1b62","SP","1","1","199.00","1","1","199.00","15.56","199.00","2017-04-11 06:33:17.000000","2017-04-11 06:33:17.000000","199.00"
"3d290fe363c60a77498c1126fd3fb8d3","SP","3","3","198.98","3","3","198.98","35.06","66.33","2017-03-11 21:54:43.000000","2017-06-03 15:23:13.000000","66.33"
"e503f22be6a4f456d9851920a5d9c670","SP","2","2","198.90","2","2","198.90","32.44","99.45","2018-07-30 12:28:26.000000","2018-08-14 15:12:04.000000","99.45"
"b57e8460909fa137df7951b4a3b5ea84","RS","1","2","198.00","0","0","0.00","0.00",,,,
"d8dd176509baa37f359644d082bf7f7b","SP","2","2","198.00","2","2","198.00","31.90","99.00","2017-11-16 13:02:20.000000","2017-11-25 11:34:38.000000","99.00"
"586a871d4f1221763fddb6ceefdeb95e","RS","1","2","198.00","1","2","198.00","41.48","99.00","2017-01-26 23:20:31.000000","2017-01-26 23:20:31.000000","198.00"
"6f835fd4be26989b1b064399da346143","PR","2","2","197.80","2","2","197.80","31.45","98.90","2018-05-26 08:26:02.000000","2018-06-18 22:59:35.000000","98.90"
"9da15f4a4ea758d9eeb49000dbe57e22","SP","1","1","196.90","1","1","196.90","37.71","196.90","2018-07-31 12:52:57.000000","2018-07-31 12:52:57.000000","196.90"
"fe8055980a4ff7f64ed889c2b5926929","PR","3","3","196.70","3","3","196.70","53.28","65.57","2018-06-11 13:46:46.000000","2018-07-25 19:07:16.000000","65.57"
"809413606dbfe5deefd2db646693ef67","SP","3","5","196.68","3","5","196.68","50.37","39.34","2017-11-05 22:41:44.000000","2018-05-06 20:41:35.000000","65.56"
"8def3db7f272735afb2ecd03aeca09a7","RJ","2","2","196.00","2","2","196.00","33.64","98.00","2018-07-30 08:36:51.000000","2018-08-06 19:11:34.000000","98.00"
"0f7eea709efdf942b5f95c7516dbacd7","SP","3","3","195.74","3","3","195.74","44.32","65.25","2018-04-05 19:11:09.000000","2018-05-13 14:59:06.000000","65.25"
"f356c348fbc8df6a882823e21f5ce8b7","RS","2","2","195.18","2","2","195.18","30.47","97.59","2018-08-17 13:57:35.000000","2018-08-20 12:40:44.000000","97.59"
"9c54608f0996c32ae4743089d915f845","PR","3","3","194.80","3","3","194.80","109.92","64.93","2018-06-22 16:07:29.000000","2018-07-18 17:18:04.000000","64.93"
"b5f49fe968dff6b112861e6cd8e192ef","PR","1","2","194.70","1","2","194.70","42.97","97.35","2018-01-18 18:21:21.000000","2018-01-18 18:21:21.000000","194.70"
"7d948535954aaf8c5d39db007f74372e","SP","4","4","194.00","4","4","194.00","43.80","48.50","2017-07-02 18:28:14.000000","2018-04-08 11:43:25.000000","48.50"
"f626e15b7314c267e4429010866f70e9","SP","5","7","193.55","5","7","193.55","125.47","27.65","2018-02-24 09:33:05.000000","2018-07-30 20:48:59.000000","38.71"
"05e107217c7266362fd44b75b2cd4cc4","SP","5","8","193.38","5","8","193.38","82.01","24.17","2018-06-29 23:02:10.000000","2018-08-21 05:26:43.000000","38.68"
"747c1cdcd1737dcfbd1547f6eb6f2cf3","SP","2","2","193.10","2","2","193.10","29.27","96.55","2017-09-17 18:20:45.000000","2018-01-27 11:28:32.000000","96.55"
"4d9fea3499bdc22aa4da4e339365f215","SP","2","2","192.54","2","2","192.54","30.20","96.27","2018-02-17 16:39:44.000000","2018-07-04 16:17:34.000000","96.27"
"78ba5933c21686d1c2f64669c8c459e7","SP","2","2","191.80","2","2","191.80","20.77","95.90","2017-03-20 13:55:36.000000","2017-05-16 10:49:26.000000","95.90"
"f5403d3f50089112c4eed37928b7f622","SP","2","2","190.80","0","0","0.00","0.00",,,,
"f307937c1bb287c3efc2a514b94b0d1d","MG","1","1","189.99","1","1","189.99","26.61","189.99","2017-06-03 23:46:04.000000","2017-06-03 23:46:04.000000","189.99"
"778323240ce2830d68aab11794e00bfb","SP","3","3","189.98","3","3","189.98","52.45","63.33","2018-06-25 11:31:42.000000","2018-07-30 09:18:59.000000","63.33"
"43a1d4bab73b816e44ef4e4facd9f9b5","PR","1","1","189.90","1","1","189.90","15.50","189.90","2017-02-20 16:17:04.000000","2017-02-20 16:17:04.000000","189.90"
"7cf4ea70955b00d6b3c22542598e2715","SP","1","1","189.90","1","1","189.90","14.91","189.90","2018-07-19 14:00:02.000000","2018-07-19 14:00:02.000000","189.90"
"119c7f1a00ef43fad0e57604e76a747c","SP","2","2","189.80","2","2","189.80","17.02","94.90","2017-10-15 02:37:02.000000","2018-02-27 20:13:13.000000","94.90"
"213fafb0ca06fb3d5886579c2565791b","MG","3","3","189.70","3","3","189.70","27.16","63.23","2018-06-14 15:23:38.000000","2018-08-23 10:23:31.000000","63.23"
"e0482f2c769468c3bbcd8a01e09d98c5","SP","1","1","189.00","1","1","189.00","45.40","189.00","2018-08-10 20:43:30.000000","2018-08-10 20:43:30.000000","189.00"
"b00af24704019bd2e1b335e70ad11f7c","BA","1","1","189.00","1","1","189.00","18.25","189.00","2018-06-20 00:20:03.000000","2018-06-20 00:20:03.000000","189.00"
"686886775c8f6b1191c7b953fb52708c","SP","1","1","189.00","1","1","189.00","13.62","189.00","2018-06-26 05:48:19.000000","2018-06-26 05:48:19.000000","189.00"
"c360e4787614ed31ac7a2f95d3b22dc6","SP","1","1","188.90","1","1","188.90","30.05","188.90","2018-06-13 09:32:06.000000","2018-06-13 09:32:06.000000","188.90"
"c0aff2da32c17759d30b22fb0af6649d","SC","4","5","188.80","4","5","188.80","83.53","37.76","2018-06-11 13:15:42.000000","2018-08-22 15:27:49.000000","47.20"
"4c1c7281388a33dd06daac44f9fadbd1","SP","5","5","188.32","5","5","188.32","81.59","37.66","2018-04-04 09:12:02.000000","2018-06-20 19:31:47.000000","37.66"
"74c7dec0a384d8a05950e629bd23bde9","SP","5","5","187.68","4","4","97.78","52.01","24.45","2017-07-05 17:24:19.000000","2017-10-01 14:46:59.000000","24.45"
"a3b0df0065e264a91b7bbf5f844af5cd","SP","2","2","186.69","2","2","186.69","32.06","93.35","2017-09-20 15:08:28.000000","2017-09-23 17:59:17.000000","93.35"
"3a79f35a2344ede41af21267f61d5ec6","SP","1","1","186.00","1","1","186.00","31.71","186.00","2017-11-16 13:40:29.000000","2017-11-16 13:40:29.000000","186.00"
"eec3469d83e142f9a104886655338c37","SP","4","4","185.70","4","4","185.70","54.74","46.43","2017-02-03 16:32:12.000000","2018-08-17 14:22:37.000000","46.43"
"c32fc744b9160ac853450488e3cfea93","SP","3","3","185.70","2","2","65.80","14.05","32.90","2018-05-04 14:21:11.000000","2018-06-06 22:51:55.000000","32.90"
"f9eda05b67bef472deaddbba84aca289","SC","1","1","185.00","0","0","0.00","0.00",,,,
"9e7c5f4d7770eab65738cca38f9efccf","SP","2","2","184.80","2","2","184.80","38.08","92.40","2018-06-01 12:50:14.000000","2018-08-07 01:27:47.000000","92.40"
"2075d8cd4dd63ff12df0749a5866bb06","PR","3","3","184.70","3","3","184.70","57.53","61.57","2018-08-07 14:02:28.000000","2018-08-10 00:10:24.000000","61.57"
"7d484ca289afaac6bf5fc6a1e96d2226","MS","2","2","183.20","2","2","183.20","65.22","91.60","2018-08-05 13:27:49.000000","2018-08-17 19:54:09.000000","91.60"
"3dfd3dc96f7f8598eca74e9ac8a2fa31","SP","6","6","183.00","6","6","183.00","75.70","30.50","2017-11-13 12:02:55.000000","2018-06-16 16:39:47.000000","30.50"
"1c56ffe0e9dea2657fc6e95b53f40b13","SP","3","3","183.00","3","3","183.00","84.39","61.00","2018-07-23 11:36:26.000000","2018-08-22 21:47:41.000000","61.00"
"23ca5f678e0b3ea6c630b30fa8bf51ea","SP","6","7","183.00","6","7","183.00","96.39","26.14","2017-03-04 11:44:25.000000","2017-05-04 23:14:03.000000","30.50"
"478bfe564db21eeb44386606aa30b650","MG","3","3","182.70","3","3","182.70","48.10","60.90","2017-10-08 20:24:03.000000","2017-12-27 19:51:59.000000","60.90"
"5659d77e8d90378e39b960ad5956f64e","SP","2","2","182.48","2","2","182.48","30.65","91.24","2017-09-12 18:03:22.000000","2018-03-24 16:46:37.000000","91.24"
"31e60bf8d103ce47932a85f5562deb16","GO","1","1","181.00","1","1","181.00","58.04","181.00","2018-07-11 16:07:05.000000","2018-07-11 16:07:05.000000","181.00"
"8ca5b19e0263150d2c57afdde2b3d011","SP","3","4","180.60","3","4","180.60","44.08","45.15","2017-10-26 12:58:12.000000","2017-11-23 11:03:54.000000","60.20"
"94165aea8a35c3c21499cbcae239b16c","MG","1","1","180.00","1","1","180.00","16.11","180.00","2018-06-07 18:01:09.000000","2018-06-07 18:01:09.000000","180.00"
"9dd459b29a14bf89d47183cf2cd0e4c7","SP","2","2","180.00","2","2","180.00","18.82","90.00","2018-01-14 18:16:33.000000","2018-08-04 12:42:39.000000","90.00"
"9c57bc60cfad5ee62d35d3f1ce4593a1","PR","1","1","180.00","1","1","180.00","15.43","180.00","2017-04-26 13:34:20.000000","2017-04-26 13:34:20.000000","180.00"
"964ff64dc05b13811c6d0f41e0aa5f6b","SP","1","1","180.00","1","1","180.00","24.06","180.00","2018-07-18 22:43:29.000000","2018-07-18 22:43:29.000000","180.00"
"88cd3681e0a2ba85e190f7d817629c4c","SC","1","1","180.00","1","1","180.00","19.36","180.00","2018-08-15 21:09:19.000000","2018-08-15 21:09:19.000000","180.00"
"7ad41305e96a6cab8294cd65891e9a86","SP","2","2","180.00","2","2","180.00","57.60","90.00","2018-06-05 00:38:47.000000","2018-06-12 20:54:25.000000","90.00"
"05ca864204d09595ae591b93ea9cf93d","SP","1","1","179.90","1","1","179.90","8.52","179.90","2018-08-16 09:18:25.000000","2018-08-16 09:18:25.000000","179.90"
"50bf89f1349bc0409a268c3a49678009","SP","1","1","179.90","1","1","179.90","102.57","179.90","2018-07-02 00:11:34.000000","2018-07-02 00:11:34.000000","179.90"
"7f5e4d5efad7e44b91115dd1decb65f3","SP","3","9","179.90","3","9","179.90","77.42","19.99","2018-05-07 12:46:18.000000","2018-07-29 05:12:32.000000","59.97"
"762ed976527cddf02787edba70fffa2a","PR","3","4","179.80","3","4","179.80","60.32","44.95","2017-11-24 22:46:29.000000","2017-12-12 11:15:32.000000","59.93"
"2235cf78d3e2073a88146a9cb60f0dd0","SP","1","1","178.99","1","1","178.99","25.77","178.99","2017-11-30 19:12:21.000000","2017-11-30 19:12:21.000000","178.99"
"880ce4951cf857ab1d9e0b75c1d856f4","MG","1","1","178.90","1","1","178.90","18.82","178.90","2018-02-13 21:06:34.000000","2018-02-13 21:06:34.000000","178.90"
"f3975e8a41157005d4bcbb358678cd9b","SC","2","2","178.80","2","2","178.80","83.98","89.40","2018-04-02 16:10:57.000000","2018-08-19 14:29:37.000000","89.40"
"57fe6232e67823593374a2281d7a8af8","SP","8","8","178.68","8","8","178.68","105.36","22.34","2017-03-05 22:11:02.000000","2017-12-01 08:46:08.000000","22.34"
"19e0f40a907ec568c34bfac15de4f4a1","SP","4","4","178.00","4","4","178.00","41.62","44.50","2017-01-31 11:26:49.000000","2017-10-17 10:30:04.000000","44.50"
"2d2322d842118867781fc737e96d59a1","SP","8","10","176.40","8","10","176.40","104.97","17.64","2018-06-08 10:35:03.000000","2018-08-25 21:20:50.000000","22.05"
"a0a14e50070f3225b3eabba5b85da517","PR","4","4","176.20","4","4","176.20","72.44","44.05","2018-07-30 19:14:39.000000","2018-08-15 18:56:56.000000","44.05"
"c353f8fc0ce8344999f17d578eb69a5e","RS","2","2","175.98","2","2","175.98","36.59","87.99","2017-01-23 07:23:50.000000","2017-02-06 14:54:29.000000","87.99"
"485452467ff670447e84a8370c3fc898","SC","3","3","175.70","3","3","175.70","139.74","58.57","2018-02-02 14:32:10.000000","2018-03-01 22:20:35.000000","58.57"
"b906dd0e57f282c7089171b6ed07982e","PR","2","2","175.00","2","2","175.00","35.75","87.50","2018-04-18 01:06:13.000000","2018-06-25 17:58:26.000000","87.50"
"4dc2e811a1760953cb7c6a590b498943","SP","1","1","175.00","1","1","175.00","24.84","175.00","2018-08-20 22:32:41.000000","2018-08-20 22:32:41.000000","175.00"
"f92d8c817434bd2d84d4e9c61322b7fa","SP","5","5","174.84","5","5","174.84","50.77","34.97","2018-01-19 14:57:16.000000","2018-07-26 18:24:47.000000","34.97"
"23ff42c4bf1f8f16cddb19d8b972974a","MG","2","3","174.70","2","3","174.70","52.97","58.23","2017-09-27 08:01:35.000000","2017-11-17 13:12:47.000000","87.35"
"dd9661d3cda1e6feb237f0c4d8b26f2e","SC","1","1","174.00","1","1","174.00","16.98","174.00","2017-10-12 09:19:59.000000","2017-10-12 09:19:59.000000","174.00"
"0692610d8abe24f287e9fae90ea0bbee","SP","4","4","173.99","4","4","173.99","31.73","43.50","2018-06-02 11:14:09.000000","2018-08-22 15:45:32.000000","43.50"
"99a25c39b28a74d1151c35c18d178292","SP","1","6","173.94","1","6","173.94","44.76","28.99","2018-06-13 13:35:02.000000","2018-06-13 13:35:02.000000","173.94"
"aae5953b9edddf14749c0d65d60eb4b9","MG","2","2","173.00","2","2","173.00","29.90","86.50","2017-09-30 00:53:36.000000","2017-10-18 21:52:56.000000","86.50"
"ccada0ef508e698917a6eab263375905","PR","3","3","172.80","3","3","172.80","59.16","57.60","2017-07-13 09:44:51.000000","2017-10-05 17:01:01.000000","57.60"
"1e483cc5c76fef08d3ca05f9a8af7d01","SP","10","11","171.99","9","10","166.09","102.28","16.61","2017-02-09 15:43:30.000000","2017-05-18 12:41:57.000000","18.45"
"50770d25768b0486d89be26afca3108f","SP","6","6","171.77","6","6","171.77","76.09","28.63","2017-12-12 19:09:19.000000","2018-07-18 12:16:33.000000","28.63"
"cd52a8efd71af3336b14b5039b951cc1","SP","3","3","170.80","2","2","111.80","34.30","55.90","2017-09-11 15:20:28.000000","2017-09-13 08:23:41.000000","55.90"
"e1643dff33666ca629e3644c02738179","SP","3","3","170.00","3","3","170.00","29.31","56.67","2018-05-11 00:09:19.000000","2018-05-28 21:16:13.000000","56.67"
"3ea08c48e851106d2f584349daba335f","MG","1","1","170.00","1","1","170.00","22.94","170.00","2018-06-13 21:43:00.000000","2018-06-13 21:43:00.000000","170.00"
"6e85dc5ecd97a61094b89b046a509d8e","SP","1","1","169.90","0","0","0.00","0.00",,,,
"5444b12c82f21c923f2639ebc722c1ea","SP","1","1","169.90","0","0","0.00","0.00",,,,
"695051e2981c8b19e77cafe450d5bdf3","SP","1","1","169.76","1","1","169.76","12.69","169.76","2017-12-08 12:19:26.000000","2017-12-08 12:19:26.000000","169.76"
"b01c2b7b8599b325103ebcddc67413e1","RS","4","4","169.45","4","4","169.45","72.67","42.36","2018-07-13 09:52:00.000000","2018-08-18 21:10:16.000000","42.36"
"4bc3d93e4a5f88a598d3d8ce4ae510b3","SP","1","1","169.00","0","0","0.00","0.00",,,,
"d9c349beabc06aa6ff1c6d68b5e9e22e","SP","1","1","168.10","1","1","168.10","37.55","168.10","2018-04-30 16:52:39.000000","2018-04-30 16:52:39.000000","168.10"
"c7c7b2682c648339a0e9846bb1023a39","SP","2","3","168.00","2","3","168.00","31.68","56.00","2017-10-12 23:15:50.000000","2017-12-13 18:53:25.000000","84.00"
"51a04a8a6bdcb23deccc82b0b80742cf","SP","1","1","167.99","1","1","167.99","31.93","167.99","2017-11-14 12:04:09.000000","2017-11-14 12:04:09.000000","167.99"
"7178e1eaa97257d8b6d4b80efd77a025","SP","1","1","167.90","1","1","167.90","16.81","167.90","2017-09-05 16:18:47.000000","2017-09-05 16:18:47.000000","167.90"
"89d9a386b0b6e5fc8403071b03f7206a","SP","2","5","167.00","2","5","167.00","68.25","33.40","2018-02-10 12:07:53.000000","2018-02-12 22:38:55.000000","83.50"
"1d1bbb8ac1581824986f582583fff01d","SC","4","4","166.88","4","4","166.88","59.59","41.72","2018-04-27 10:01:33.000000","2018-08-24 13:59:41.000000","41.72"
"1cbdc7cf130a41fd13a3c2a7d2fcfda7","MG","2","2","165.80","2","2","165.80","59.81","82.90","2018-05-06 11:15:20.000000","2018-07-03 10:46:01.000000","82.90"
"2ea0861cc19e94cad86438c984c52da4","SP","6","6","165.60","6","6","165.60","62.45","27.60","2018-05-17 14:33:47.000000","2018-07-17 13:32:49.000000","27.60"
"33d677f27a69b84051204ee4ae76eaca","SC","9","10","165.00","9","10","165.00","173.49","16.50","2018-03-17 19:07:43.000000","2018-07-20 19:11:27.000000","18.33"
"ace601496e211a664100321f038f50af","SP","1","1","165.00","0","0","0.00","0.00",,,,
"bd4ff04377f974574f7f0bf9d6ce7dde","SP","4","4","164.96","4","4","164.96","50.14","41.24","2016-10-05 17:14:27.000000","2017-02-20 12:16:48.000000","41.24"
"e45edf75f568ed2f93f78d060e246e25","RJ","6","7","164.30","6","7","164.30","113.92","23.47","2018-06-06 11:26:30.000000","2018-07-24 20:48:52.000000","27.38"
"fc5a0d7a310a7a41abf86a458585ff2b","SP","2","2","162.80","1","1","117.90","19.07","117.90","2017-06-02 16:34:22.000000","2017-06-02 16:34:22.000000","117.90"
"98e164d549402270247f3c96a1a158ef","SP","2","2","162.70","2","2","162.70","24.72","81.35","2017-06-06 21:40:11.000000","2017-08-18 23:34:56.000000","81.35"
"fa5fdc4e4bb6bd1009ad0e4ac4096562","SP","1","1","161.99","1","1","161.99","32.86","161.99","2016-10-10 12:39:06.000000","2016-10-10 12:39:06.000000","161.99"
"bff9deb0ec77d437f3305a79cf25529e","SP","5","5","161.95","5","5","161.95","80.79","32.39","2018-06-23 07:13:25.000000","2018-08-16 22:31:19.000000","32.39"
"87f3e35268860433e13d577825aada95","SP","3","3","161.70","1","1","19.90","14.52","19.90","2016-10-05 20:20:59.000000","2016-10-05 20:20:59.000000","19.90"
"3442033154be05bac582e173ef54fd12","SP","1","1","161.00","1","1","161.00","8.39","161.00","2018-08-16 21:55:21.000000","2018-08-16 21:55:21.000000","161.00"
"d3e7d37c0df9aef383f3f2a15b0dddfb","PR","1","1","161.00","1","1","161.00","40.34","161.00","2018-07-22 11:50:22.000000","2018-07-22 11:50:22.000000","161.00"
"fc6295add6f51a0936407ead70c1001d","SP","1","4","160.00","1","4","160.00","70.52","40.00","2017-11-06 19:20:14.000000","2017-11-06 19:20:14.000000","160.00"
"533d46c1b06970e99f09523a61df4972","SP","2","2","159.98","2","2","159.98","32.64","79.99","2018-02-01 19:36:03.000000","2018-02-04 18:39:24.000000","79.99"
"aa2640d851ec322526f1295bbeb20092","SP","1","2","159.98","1","2","159.98","22.36","79.99","2018-05-06 21:13:51.000000","2018-05-06 21:13:51.000000","159.98"
"2039c5e51785b5dde7cf93ccb3b7be2c","SP","1","1","159.90","1","1","159.90","13.78","159.90","2018-07-16 13:00:53.000000","2018-07-16 13:00:53.000000","159.90"
"fc0b214b59a83615fea981c6424a02ae","SP","1","1","159.90","1","1","159.90","12.14","159.90","2018-08-17 10:15:31.000000","2018-08-17 10:15:31.000000","159.90"
"913fd0ebba70bb919f7254a02239173c","SC","1","1","159.90","1","1","159.90","19.22","159.90","2018-07-25 06:18:20.000000","2018-07-25 06:18:20.000000","159.90"
"99cd94252748d2bdde08e17858233602","SP","2","2","159.80","2","2","159.80","21.52","79.90","2018-06-20 14:02:25.000000","2018-06-21 15:01:12.000000","79.90"
"4bde6149c15cf7e177b36fa060dd6de8","RS","2","2","159.80","2","2","159.80","32.66","79.90","2016-10-07 11:33:35.000000","2016-10-10 11:22:36.000000","79.90"
"2ec6e37d992a95eaddb3369dcbcc76d9","RS","2","2","159.80","2","2","159.80","24.14","79.90","2017-08-18 13:53:01.000000","2017-10-06 15:54:34.000000","79.90"
"6902157ee16728322d61a1321fa79e58","SP","2","2","159.80","2","2","159.80","31.63","79.90","2017-09-21 22:46:26.000000","2017-10-07 19:27:08.000000","79.90"
"b7e1750c1157341d2abd0251e07c186b","SP","3","4","159.60","3","4","159.60","60.96","39.90","2017-02-14 13:18:53.000000","2017-04-20 14:30:07.000000","53.20"
"0ade5cc4a305ed7093a23f68ca47519c","PR","2","2","158.88","2","2","158.88","42.39","79.44","2017-11-24 09:11:25.000000","2018-01-21 14:20:45.000000","79.44"
"954e95f20808d7e5d11f0de292d078e0","MG","3","4","158.78","3","4","158.78","119.18","39.70","2017-09-09 12:49:12.000000","2017-11-26 19:11:30.000000","52.93"
"c04d70d515d15a7e3db3a73320598566","RJ","3","4","158.20","3","4","158.20","56.62","39.55","2017-05-24 22:17:27.000000","2017-11-13 10:38:36.000000","52.73"
"f1ce5fdecd64935c28b9ff932751d0dc","SP","2","2","158.00","2","2","158.00","22.53","79.00","2017-03-25 21:48:06.000000","2017-06-29 17:19:23.000000","79.00"
"98dddbc4601dd4443ca174359b237166","PR","2","2","158.00","2","2","158.00","53.67","79.00","2018-07-13 14:29:51.000000","2018-07-23 13:03:29.000000","79.00"
"ce3ad9de960102d0677a81f5d0bb7b2d","RJ","1","1","158.00","1","1","158.00","16.21","158.00","2018-07-30 12:20:10.000000","2018-07-30 12:20:10.000000","158.00"
"902c99f1ac505c0d18778b61bcd636f7","SP","4","4","157.96","3","3","123.47","81.82","41.16","2018-07-18 20:38:18.000000","2018-08-10 16:55:53.000000","41.16"
"d2df77822373f19934e87694d8640767","PR","2","2","155.90","2","2","155.90","40.50","77.95","2018-04-18 19:29:53.000000","2018-04-26 10:46:49.000000","77.95"
"dde698c6d0bd24834c586e5111c2bba7","RJ","1","1","155.90","1","1","155.90","19.19","155.90","2018-07-30 02:16:14.000000","2018-07-30 02:16:14.000000","155.90"
"a4e634166243bbb3a13fa584463fa468","SP","2","2","155.55","0","0","0.00","0.00",,,,
"b9de031b671cd48b28fae9d828cbf2b4","SP","1","1","155.32","1","1","155.32","43.37","155.32","2018-07-18 13:52:45.000000","2018-07-18 13:52:45.000000","155.32"
"3c88ed2e76a2247933a15daa7161eb1c","SP","1","1","155.00","1","1","155.00","151.20","155.00","2018-02-01 21:45:16.000000","2018-02-01 21:45:16.000000","155.00"
"61f159ef6da2d441951d2c0efa719362","ES","3","3","154.97","0","0","0.00","0.00",,,,
"4dab98ca6cd6d3df586203cefd28a042","RS","1","1","154.90","1","1","154.90","18.33","154.90","2018-03-05 13:28:54.000000","2018-03-05 13:28:54.000000","154.90"
"f664f98bfda2eaf266a23ff144e7a872","SP","2","2","153.99","2","2","153.99","7.81","77.00","2017-07-18 11:48:20.000000","2017-11-19 20:27:48.000000","77.00"
"0b09101900100c0e9d312861fad5a1b9","SP","1","1","153.75","1","1","153.75","14.61","153.75","2017-01-27 14:59:17.000000","2017-01-27 14:59:17.000000","153.75"
"6601ee6383e7f452be71929f8de48bbb","SP","2","2","153.60","2","2","153.60","28.34","76.80","2017-10-27 17:21:53.000000","2017-11-08 07:29:07.000000","76.80"
"d26aa40b90272d4843d63be7c1462c8d","SP","2","2","152.90","2","2","152.90","24.52","76.45","2018-07-11 20:15:42.000000","2018-08-01 12:43:05.000000","76.45"
"78813699ffac347fe27dba345a5f1551","RS","1","1","152.42","1","1","152.42","48.12","152.42","2018-06-24 21:10:34.000000","2018-06-24 21:10:34.000000","152.42"
"4ddeb3e828550cddc8d45c8bc36ab2d1","SP","1","1","152.00","1","1","152.00","12.45","152.00","2017-03-15 12:19:23.000000","2017-03-15 12:19:23.000000","152.00"
"56f413900b5166ab4d730e9ac0b12cb0","SP","3","3","151.79","3","3","151.79","42.45","50.60","2017-06-28 06:52:27.000000","2017-07-12 18:33:35.000000","50.60"
"bd0a1b0aadca9a83d9304f7e8ff5fbd5","SP","4","4","150.60","4","4","150.60","54.59","37.65","2018-07-15 21:50:53.000000","2018-07-29 20:39:20.000000","37.65"
"4867209cb29b56b92893d7bde3ce8012","SP","1","1","150.00","1","1","150.00","19.15","150.00","2018-06-16 16:05:44.000000","2018-06-16 16:05:44.000000","150.00"
"578fa3a9cb6b6dceab39231ad59cdaca","CE","3","3","150.00","3","3","150.00","37.20","50.00","2017-09-16 10:56:48.000000","2018-04-30 22:39:58.000000","50.00"
"c398bc00a606d33758afd91f4e64fd15","RJ","2","2","150.00","2","2","150.00","15.50","75.00","2018-05-30 22:12:22.000000","2018-06-28 14:33:53.000000","75.00"
"2d34636518ba88f5349b732fcf8ba2e4","SP","1","1","150.00","1","1","150.00","18.63","150.00","2018-04-30 20:25:31.000000","2018-04-30 20:25:31.000000","150.00"
"1e47d8b6546eb3a77b1acddcc9406242","SP","1","1","149.90","1","1","149.90","16.81","149.90","2017-05-15 08:59:57.000000","2017-05-15 08:59:57.000000","149.90"
"49f8d2ea7b718d0ce587d34207caf2b4","SP","1","1","149.90","1","1","149.90","15.36","149.90","2018-08-23 20:34:07.000000","2018-08-23 20:34:07.000000","149.90"
"f266295f49a28eee21f413e0cbb0521d","PR","2","2","149.80","2","2","149.80","28.14","74.90","2017-11-08 18:18:31.000000","2017-11-09 15:06:08.000000","74.90"
"6ba4733aa33f6386e9fb0c0fd3993b38","RS","3","3","149.79","3","3","149.79","60.09","49.93","2018-04-16 21:43:52.000000","2018-08-17 10:32:19.000000","49.93"
"3d700782d7818f2c1e0d7a9e9d75fc00","SP","3","3","149.70","3","3","149.70","85.41","49.90","2017-04-23 20:56:12.000000","2017-07-11 14:20:11.000000","49.90"
"63272377184e969942f7fff221be858d","SP","2","2","149.70","2","2","149.70","66.53","74.85","2017-05-18 11:19:11.000000","2017-05-18 22:42:50.000000","74.85"
"7a188843479798ca813108fa7b959286","SP","1","3","149.70","0","0","0.00","0.00",,,,
"d8b8f2cf9ff6ba0389072541cb42498c","GO","1","1","149.00","1","1","149.00","20.01","149.00","2018-05-23 10:49:50.000000","2018-05-23 10:49:50.000000","149.00"
"e00d85ce20ea50c1224c66ca5050527d","SP","1","1","149.00","1","1","149.00","8.30","149.00","2017-07-13 11:24:43.000000","2017-07-13 11:24:43.000000","149.00"
"37303482a42fb700d8d127e70a9cd6c8","SP","2","2","148.89","1","1","58.90","8.11","58.90","2017-12-11 14:52:54.000000","2017-12-11 14:52:54.000000","58.90"
"f35becee938e982bd615edf8ef12bcfb","SP","6","6","148.59","6","6","148.59","78.22","24.77","2017-03-09 10:36:58.000000","2017-08-02 18:18:33.000000","24.77"
"8fbe2ee446b97e128471be4ce983dc0d","SP","3","3","148.50","3","3","148.50","40.00","49.50","2018-06-19 14:01:34.000000","2018-08-01 12:52:42.000000","49.50"
"538caafddff204241cecbf3a02e6b3cf","SP","9","9","148.30","8","8","128.40","90.41","16.05","2017-05-16 11:42:33.000000","2018-07-12 11:24:13.000000","16.05"
"ca7c6bd577e559472af1c699de9e764e","SP","6","8","148.00","6","8","148.00","70.82","18.50","2018-03-22 11:49:41.000000","2018-04-04 13:47:39.000000","24.67"
"7d7866a99a8656a42c7ff6352a433410","SP","5","5","147.89","5","5","147.89","59.49","29.58","2018-07-03 23:18:04.000000","2018-08-29 14:52:00.000000","29.58"
"2a7c6c0b0d5efde2bf75ec1e1cec2d41","PR","3","3","147.60","3","3","147.60","44.44","49.20","2017-11-14 12:03:44.000000","2017-12-11 14:48:45.000000","49.20"
"9523fb39dd240aa958e040f8183d64f3","SP","1","1","146.99","1","1","146.99","21.30","146.99","2018-08-06 22:00:02.000000","2018-08-06 22:00:02.000000","146.99"
"0b3f27369a4d8df98f7eb91077e438ac","SP","2","2","146.51","2","2","146.51","24.88","73.26","2017-11-13 15:19:44.000000","2017-11-22 18:38:11.000000","73.26"
"782f78b632a43875dd5b53e3e49c9564","SP","2","3","146.01","1","2","97.34","32.22","48.67","2017-06-19 16:56:09.000000","2017-06-19 16:56:09.000000","97.34"
"4bcec44888b30ba9001234c534716d3f","SP","5","5","146.00","5","5","146.00","63.23","29.20","2018-01-06 11:57:52.000000","2018-07-18 15:22:25.000000","29.20"
"398cb257329ef7af7f1943a8974a3cbc","BA","1","1","145.90","1","1","145.90","15.47","145.90","2018-07-20 09:42:40.000000","2018-07-20 09:42:40.000000","145.90"
"f3041c2e75ec683697a6a5ea82192210","MG","1","1","145.00","1","1","145.00","24.00","145.00","2017-02-05 20:43:42.000000","2017-02-05 20:43:42.000000","145.00"
"8e34331b7eedd03be4e5d965c1956225","SP","5","5","145.00","5","5","145.00","65.44","29.00","2018-01-22 11:43:20.000000","2018-07-05 14:24:57.000000","29.00"
"553a440137d6e0cf776aee0bb83ac9f5","SP","2","2","144.80","2","2","144.80","30.34","72.40","2018-05-11 15:20:39.000000","2018-05-29 14:29:23.000000","72.40"
"0daf5180aa44356f60f8effa533b55a2","GO","2","2","144.80","2","2","144.80","38.83","72.40","2018-07-30 12:19:23.000000","2018-08-20 14:16:35.000000","72.40"
"15ac3c501e2599e4917316fde5c5669a","SP","1","1","144.20","0","0","0.00","0.00",,,,
"4a82c4af97ffc0fb2dc26bfdc03b1842","MG","3","3","143.70","3","3","143.70","67.20","47.90","2017-05-30 19:12:37.000000","2017-08-15 14:31:33.000000","47.90"
"c8143b3069f6746a77421b5ce30a450c","GO","1","1","142.47","1","1","142.47","43.41","142.47","2017-07-02 13:10:36.000000","2017-07-02 13:10:36.000000","142.47"
"2f9b7ce230a057a98a9f5df5893ee36c","SP","2","2","141.82","2","2","141.82","30.03","70.91","2017-05-17 10:45:24.000000","2017-06-18 16:13:28.000000","70.91"
"d3891911c2feae53c52fea2bd14054e5","SP","2","2","141.00","2","2","141.00","25.99","70.50","2018-06-04 19:02:10.000000","2018-06-19 14:14:49.000000","70.50"
"0e72c1a751b496722a6cb1f10653b62a","SP","3","3","140.80","3","3","140.80","51.30","46.93","2018-05-11 00:18:02.000000","2018-07-30 21:42:57.000000","46.93"
"50a7e551a7b3f8d37cd6e32d8bfbe5ea","SP","1","1","140.00","1","1","140.00","27.96","140.00","2018-07-24 22:15:53.000000","2018-07-24 22:15:53.000000","140.00"
"a89e143d5211473ae18db9577ee34b64","SP","2","2","140.00","1","1","70.00","9.94","70.00","2017-06-04 12:09:59.000000","2017-06-04 12:09:59.000000","70.00"
"52a50b42accf164f9f019941e5759d9b","SP","4","4","139.96","4","4","139.96","57.06","34.99","2018-08-02 19:52:43.000000","2018-08-22 12:32:55.000000","34.99"
"19d62d484cba71963c93f0f00ab42013","SC","1","1","139.90","1","1","139.90","22.69","139.90","2018-04-26 16:49:29.000000","2018-04-26 16:49:29.000000","139.90"
"d8bf0fc082fd4a77fc2e5679b6c00133","SP","1","1","139.90","1","1","139.90","9.14","139.90","2018-07-20 14:50:31.000000","2018-07-20 14:50:31.000000","139.90"
"fa8d335d68129e464e60c1826a683e96","RS","1","1","139.90","1","1","139.90","34.78","139.90","2017-10-20 08:49:05.000000","2017-10-20 08:49:05.000000","139.90"
"3f8247d0f772ffa58560e5c682521ad5","SC","1","1","139.90","0","0","0.00","0.00",,,,
"e8ff5a6ceb895583033fc2a0f314e3c2","SC","1","1","139.89","1","1","139.89","19.08","139.89","2018-08-26 14:17:08.000000","2018-08-26 14:17:08.000000","139.89"
"a154d7316f158bb42e6fa18bbe3afd3a","SP","2","2","139.80","2","2","139.80","50.33","69.90","2017-03-06 16:42:52.000000","2017-03-10 19:32:26.000000","69.90"
"59bbc819b99a733f02f0d6b49d1c253d","SP","2","2","139.80","2","2","139.80","22.95","69.90","2018-05-08 20:24:56.000000","2018-06-26 23:09:41.000000","69.90"
"1b0b0f4f95e962d6f32fe90c759d0479","SP","2","2","139.80","2","2","139.80","23.37","69.90","2017-12-01 12:05:20.000000","2018-08-16 13:45:11.000000","69.90"
"6a53b90c3ad9e0b56d9fe5c69165fff5","PR","2","4","139.78","2","4","139.78","55.00","34.95","2018-05-16 19:57:22.000000","2018-08-03 00:15:35.000000","69.89"
"657969cca82e884d272385ec0ef06edd","RS","3","3","139.70","3","3","139.70","51.86","46.57","2018-05-01 10:10:41.000000","2018-07-31 17:45:44.000000","46.57"
"818d28f936e791926d33bcb6ee94ef79","SP","5","5","139.50","4","4","111.60","62.68","27.90","2017-02-09 21:19:01.000000","2017-05-24 17:19:22.000000","27.90"
"63b9ae557efed31d1f7687917d248a8d","SP","5","7","139.50","5","7","139.50","102.81","19.93","2016-10-05 11:44:41.000000","2017-02-13 19:14:05.000000","27.90"
"26e2e5033827d2ba53929f43e03d8ffe","SP","1","1","139.49","1","1","139.49","15.29","139.49","2018-08-25 12:50:59.000000","2018-08-25 12:50:59.000000","139.49"
"4a5b36211b1f51bf7eaa5c10a57fa483","RJ","1","1","139.19","1","1","139.19","16.07","139.19","2018-08-05 21:20:52.000000","2018-08-05 21:20:52.000000","139.19"
"712efd3b68f9686dc856b84abd0f21ae","PR","1","1","139.00","1","1","139.00","17.16","139.00","2018-07-30 12:41:54.000000","2018-07-30 12:41:54.000000","139.00"
"c747d5b92c7648417faea95d36d763e8","CE","1","1","139.00","1","1","139.00","85.75","139.00","2017-11-24 22:46:55.000000","2017-11-24 22:46:55.000000","139.00"
"f114dca2828bf718548db175ebe2cfcd","PR","1","1","139.00","1","1","139.00","13.99","139.00","2018-01-06 01:06:31.000000","2018-01-06 01:06:31.000000","139.00"
"57a834594e1e9e9219603bfec184eadc","RS","1","1","139.00","1","1","139.00","27.05","139.00","2018-06-03 14:21:44.000000","2018-06-03 14:21:44.000000","139.00"
"5a9b3bcab695173c820e53934574ae80","SP","1","1","139.00","1","1","139.00","64.77","139.00","2018-07-27 16:36:49.000000","2018-07-27 16:36:49.000000","139.00"
"f049a72cf58fd31b11f8919cade515e7","SP","3","4","138.75","3","4","138.75","32.24","34.69","2018-07-25 12:03:29.000000","2018-08-06 18:48:35.000000","46.25"
"717b78b0950b51ed00b1471d858b0edc","SP","5","5","138.60","5","5","138.60","81.15","27.72","2018-01-21 23:47:05.000000","2018-07-02 21:06:36.000000","27.72"
"96f7c797de9ca20efbe14545bed63eec","SP","1","3","138.60","1","3","138.60","38.37","46.20","2018-04-10 21:46:56.000000","2018-04-10 21:46:56.000000","138.60"
"8cb7c5ddf41f4d506eba76e9a4702a25","GO","2","2","138.00","1","1","69.00","28.88","69.00","2018-02-07 22:52:02.000000","2018-02-07 22:52:02.000000","69.00"
"044668ccd5316b12a7cf0d54a156e3e9","SP","3","4","137.80","3","4","137.80","53.55","34.45","2018-08-08 17:54:25.000000","2018-08-20 21:07:24.000000","45.93"
"0b64bcdb0784abc139af04077d49a20e","RS","4","4","137.60","4","4","137.60","68.21","34.40","2018-04-06 19:54:30.000000","2018-07-13 10:56:30.000000","34.40"
"ea846a0e7ad98a741783e886d89dfa44","SP","2","3","137.00","2","3","137.00","55.26","45.67","2018-08-07 09:30:10.000000","2018-08-17 16:44:32.000000","68.50"
"db6a4d4b5f1f5f98820ce6ce2619e2de","SP","1","1","135.99","1","1","135.99","12.16","135.99","2018-01-08 16:50:16.000000","2018-01-08 16:50:16.000000","135.99"
"377bc18334c78dd2f1535ef22a3ad225","PR","1","1","135.98","1","1","135.98","88.46","135.98","2018-08-18 20:59:58.000000","2018-08-18 20:59:58.000000","135.98"
"dd39ad39b5d3df33037e141c72497ba6","SP","2","2","135.80","2","2","135.80","29.05","67.90","2017-05-03 10:35:16.000000","2017-06-10 22:07:50.000000","67.90"
"e3e290b38963293022cdcd6db8328103","SP","3","3","135.70","3","3","135.70","46.34","45.23","2017-11-25 01:04:21.000000","2017-12-03 20:13:13.000000","45.23"
"59de1d4c8c057c2a53acd4ca66531af2","PR","1","1","135.00","1","1","135.00","21.75","135.00","2017-11-10 07:56:18.000000","2017-11-10 07:56:18.000000","135.00"
"7c4adcc13272c0e26fa23aac642adb7b","RJ","2","2","135.00","2","2","135.00","30.63","67.50","2018-01-28 10:24:50.000000","2018-02-26 12:21:19.000000","67.50"
"83c8aafbefb034674a70de0eac5b8954","PR","2","2","134.90","2","2","134.90","50.97","67.45","2018-03-28 21:35:46.000000","2018-07-10 10:30:04.000000","67.45"
"5def4c3732941a971cba8fdee992ede1","SP","5","6","134.80","5","6","134.80","66.24","22.47","2018-08-02 12:07:17.000000","2018-08-28 18:49:20.000000","26.96"
"c5e60e39c0f42b8e827daa13cff74afa","SP","6","8","134.00","6","8","134.00","89.10","16.75","2018-08-15 16:58:08.000000","2018-08-26 11:02:58.000000","22.33"
"8e4f041ff58e7845456d3482524014b3","RS","2","2","133.80","2","2","133.80","48.59","66.90","2018-02-06 16:04:20.000000","2018-03-03 19:36:34.000000","66.90"
"062c325cd6a2b87845fab56b4ec2eeae","SP","2","2","133.22","2","2","133.22","23.86","66.61","2018-05-07 11:48:13.000000","2018-08-01 21:33:30.000000","66.61"
"c87abc38c8ed3240861729e1aeadf221","SP","1","1","133.00","1","1","133.00","15.68","133.00","2017-12-26 02:35:27.000000","2017-12-26 02:35:27.000000","133.00"
"7adbd3210a7b3cc2235e225eef33574d","SP","3","3","131.90","3","3","131.90","72.96","43.97","2018-06-30 21:39:57.000000","2018-08-14 19:39:04.000000","43.97"
"fedf2c1386e137f296b3bbf3b635e69d","SP","2","5","131.74","2","5","131.74","79.16","26.35","2018-02-28 09:08:07.000000","2018-05-23 20:01:45.000000","65.87"
"a218df5c097b0ca409cfaac1488cc7f6","SP","4","4","130.69","4","4","130.69","110.01","32.67","2018-05-03 22:16:54.000000","2018-06-26 09:10:21.000000","32.67"
"939f6e231201f26803cb5c3a3d2940b3","SP","3","4","130.60","3","4","130.60","95.02","32.65","2016-10-04 13:11:29.000000","2016-10-06 20:15:20.000000","43.53"
"60ad151920c4f6f3ebbe8cfdf6166779","SP","2","2","130.00","0","0","0.00","0.00",,,,
"9fe7c6641c79970ab48185498f547c09","SP","1","1","130.00","1","1","130.00","34.71","130.00","2017-07-10 20:58:17.000000","2017-07-10 20:58:17.000000","130.00"
"88af55b4a7ca402b27df16f7c7c9b5d2","SP","1","1","130.00","0","0","0.00","0.00",,,,
"2f3d8b4c9e2ee165075331fea3f3095a","SC","1","1","130.00","1","1","130.00","17.35","130.00","2017-10-13 10:57:04.000000","2017-10-13 10:57:04.000000","130.00"
"dc120d932ddf9d4dfb6fd68beefda622","PR","1","1","130.00","1","1","130.00","14.44","130.00","2018-04-25 09:00:27.000000","2018-04-25 09:00:27.000000","130.00"
"b6f52e346160519c24a23af05410ad32","SP","1","1","129.90","1","1","129.90","13.35","129.90","2018-04-26 08:13:16.000000","2018-04-26 08:13:16.000000","129.90"
"e5def42655b7490edac5a56fe8e9e603","SP","1","1","129.90","1","1","129.90","11.52","129.90","2017-03-28 21:56:39.000000","2017-03-28 21:56:39.000000","129.90"
"0f80a40c312b2472dca482cf50f5186f","SP","1","1","129.90","1","1","129.90","20.10","129.90","2018-08-22 11:12:30.000000","2018-08-22 11:12:30.000000","129.90"
"44ed138eca6214d572ce1d813fb0049b","RS","2","3","129.79","2","3","129.79","56.01","43.26","2018-08-08 00:43:30.000000","2018-08-21 09:31:11.000000","64.90"
"45c20d94d9171b0bcfab3c955e47d67b","SP","4","4","129.46","4","4","129.46","81.11","32.37","2017-05-05 13:35:44.000000","2017-08-30 17:53:35.000000","32.37"
"ef728fa1f17436c91ed1ccd03dcf9631","SP","3","4","128.70","3","4","128.70","58.12","32.18","2018-07-23 18:35:14.000000","2018-08-23 12:31:37.000000","42.90"
"391bbd13b6452244774beff1824006ed","SP","2","2","127.80","1","1","63.90","17.70","63.90","2018-03-05 11:05:50.000000","2018-03-05 11:05:50.000000","63.90"
"47f55702f598c7c6cc8458b0fbc1c49a","MG","2","2","127.50","1","1","75.00","19.77","75.00","2017-09-15 09:57:51.000000","2017-09-15 09:57:51.000000","75.00"
"5bc237df65098fe211bb4818f4d26d78","MG","2","2","126.80","2","2","126.80","57.09","63.40","2017-02-09 13:21:46.000000","2017-09-15 19:24:57.000000","63.40"
"7c9130f5f3729edd32aa059141d92484","SP","3","4","126.00","3","4","126.00","67.15","31.50","2018-06-20 18:53:42.000000","2018-08-23 11:30:22.000000","42.00"
"c26ba52cf8d2f34915f2f6b7ffa0a3f3","RJ","4","4","125.96","3","3","107.47","38.75","35.82","2017-12-10 22:31:27.000000","2018-01-16 22:32:22.000000","35.82"
"f9a02f1922d1de564392e656d82b3fda","SP","1","1","125.90","0","0","0.00","0.00",,,,
"934ed5cd1b9c1c7382d0a94a94b9e639","PR","1","1","125.85","1","1","125.85","26.62","125.85","2017-02-11 13:15:40.000000","2017-02-11 13:15:40.000000","125.85"
"788f22bafdd7ab0e1e79f19db72f16a4","SP","2","2","125.80","2","2","125.80","26.24","62.90","2018-08-16 15:46:02.000000","2018-08-21 22:02:04.000000","62.90"
"9558aa23f77a9e0a0eca83540999f43b","PR","2","2","125.70","1","1","39.00","14.52","39.00","2017-05-02 11:31:55.000000","2017-05-02 11:31:55.000000","39.00"
"570d4583587a5fe2d47c7be89b91ad27","SP","2","2","125.25","2","2","125.25","23.67","62.63","2017-06-30 20:48:51.000000","2017-07-05 21:55:49.000000","62.63"
"ec2e006556300a79a5a91e4876ab3a56","SP","4","8","125.20","2","6","77.40","48.33","12.90","2018-02-02 14:26:45.000000","2018-08-15 14:02:53.000000","38.70"
"c092292535a57dacd95a8765f5518f87","RJ","1","1","125.00","1","1","125.00","18.98","125.00","2018-07-05 16:07:58.000000","2018-07-05 16:07:58.000000","125.00"
"57df9869a600bd6b7c405f2a862eccfb","MG","5","5","125.00","5","5","125.00","72.21","25.00","2018-04-12 21:38:02.000000","2018-08-14 18:05:19.000000","25.00"
"ff82e8873fba613f2261a9acc896fd84","MG","4","4","124.60","4","4","124.60","58.93","31.15","2017-12-06 12:41:52.000000","2018-02-16 19:30:29.000000","31.15"
"693660429f9dc4ff704eb3d88dad54d7","SP","2","2","124.00","2","2","124.00","24.12","62.00","2018-07-22 17:24:17.000000","2018-07-23 17:01:07.000000","62.00"
"08061dc0fc165ed41288cc7acde738ee","SP","4","4","123.80","4","4","123.80","58.42","30.95","2017-03-23 00:48:00.000000","2017-11-14 12:48:34.000000","30.95"
"8d92f3ea807b89465643c219455e7369","SP","3","8","121.20","3","8","121.20","131.57","15.15","2017-01-25 16:38:10.000000","2017-02-26 05:12:17.000000","40.40"
"89757206b887aed36f3e18d858460fea","SP","2","2","120.50","2","2","120.50","55.64","60.25","2018-05-03 11:45:49.000000","2018-07-04 21:45:50.000000","60.25"
"876182d1918783bbe15233febfbd4926","SP","3","3","120.27","3","3","120.27","34.73","40.09","2017-05-15 13:51:50.000000","2018-02-27 22:26:24.000000","40.09"
"698f5fa55a5f73d0740e9d9a773e8093","RJ","4","6","120.00","4","6","120.00","83.99","20.00","2018-06-12 17:26:43.000000","2018-06-20 08:57:50.000000","30.00"
"bba8d0c234a52b87b3957037a215d1a4","GO","1","1","120.00","1","1","120.00","19.53","120.00","2018-05-04 19:24:09.000000","2018-05-04 19:24:09.000000","120.00"
"a353b1083c9863d756d9404695016d64","ES","1","1","120.00","1","1","120.00","17.09","120.00","2017-12-07 23:37:37.000000","2017-12-07 23:37:37.000000","120.00"
"1927cdb9fa74f5270097f6250e8e8f34","SP","1","1","120.00","1","1","120.00","58.92","120.00","2018-08-06 15:47:47.000000","2018-08-06 15:47:47.000000","120.00"
"bdf0d02d36a1d839d0c39c4a887cdd49","SP","5","7","120.00","5","7","120.00","95.95","17.14","2018-01-07 18:31:16.000000","2018-02-04 20:00:08.000000","24.00"
"003554e2dce176b5555353e4f3555ac8","GO","1","1","120.00","1","1","120.00","19.38","120.00","2017-12-15 06:52:25.000000","2017-12-15 06:52:25.000000","120.00"
"35281d148dcf7134bae913c57db4e6da","SP","1","1","119.99","1","1","119.99","17.03","119.99","2018-07-19 19:38:45.000000","2018-07-19 19:38:45.000000","119.99"
"3903c788ded8dc03b5ebab37a2f3e9a1","SP","5","5","119.98","5","5","119.98","51.27","24.00","2018-05-25 12:51:58.000000","2018-08-05 14:00:06.000000","24.00"
"e09887ca8c7bf8a4621ce481820414ef","SP","3","4","119.96","2","3","79.97","44.60","26.66","2017-09-09 08:33:15.000000","2017-11-14 10:04:27.000000","39.99"
"a150c540f572d0fb53992264bc5c10b5","SP","1","1","119.90","1","1","119.90","15.59","119.90","2018-02-04 22:19:12.000000","2018-02-04 22:19:12.000000","119.90"
"e9b6c33b71b67737693b4cfa68341c8d","SP","1","1","119.90","1","1","119.90","21.49","119.90","2017-08-16 20:08:12.000000","2017-08-16 20:08:12.000000","119.90"
"674207551483fec113276b67b0d871ff","SP","1","1","119.90","1","1","119.90","13.94","119.90","2018-07-05 16:36:38.000000","2018-07-05 16:36:38.000000","119.90"
"d1aa1ec0839dcab73a6161130eb1f94a","PR","1","1","119.90","1","1","119.90","16.14","119.90","2017-04-19 10:20:51.000000","2017-04-19 10:20:51.000000","119.90"
"07a9bc7f61396b658ddf3ac534efe44c","SP","1","1","119.90","1","1","119.90","15.59","119.90","2017-06-26 11:44:22.000000","2017-06-26 11:44:22.000000","119.90"
"7c4402417d51474d4d0cda9557340e40","SP","1","1","119.90","1","1","119.90","27.69","119.90","2017-05-08 16:31:38.000000","2017-05-08 16:31:38.000000","119.90"
"be1e9e378700cecaa4ebf71433d7915c","SP","2","2","119.89","2","2","119.89","37.62","59.95","2017-11-19 11:04:14.000000","2018-01-22 17:08:00.000000","59.95"
"8eb88b0acb3f90a717ad659221471fa7","SC","2","2","119.80","2","2","119.80","40.87","59.90","2017-09-19 09:59:54.000000","2018-02-04 17:52:21.000000","59.90"
"910a922b426b7ff95eaee129ad6c0e1f","SP","2","2","119.80","2","2","119.80","31.16","59.90","2018-04-04 12:36:36.000000","2018-04-11 21:06:07.000000","59.90"
"bf0045791395e66460eb04749c68672a","SP","2","2","119.80","2","2","119.80","35.45","59.90","2017-02-07 13:50:56.000000","2017-03-15 21:04:08.000000","59.90"
"e5bd51692380fd8cabb19b756b95e714","SP","3","3","119.70","2","2","79.80","25.95","39.90","2017-12-20 22:59:28.000000","2017-12-23 01:03:28.000000","39.90"
"26e13b6ff5b641b329e5524241ee2c93","SP","4","4","119.70","4","4","119.70","69.98","29.93","2018-08-01 04:52:56.000000","2018-08-22 18:03:39.000000","29.93"
"a9b533a26e898b12e8b8d4c07279bf4d","RJ","4","4","119.60","4","4","119.60","71.46","29.90","2017-07-31 08:08:14.000000","2017-12-08 19:31:04.000000","29.90"
"22c32ec35d0116ef02c281798a25bf8b","PR","4","6","119.58","4","6","119.58","90.43","19.93","2018-01-30 05:33:26.000000","2018-02-22 19:15:25.000000","29.90"
"36f98ad67cc981f50ce8aed093d5783c","PR","2","2","119.40","2","2","119.40","39.22","59.70","2018-07-25 11:04:58.000000","2018-08-01 23:43:21.000000","59.70"
"fc908879b9ca1bd65419e54e50432d38","SP","4","4","119.20","4","4","119.20","52.68","29.80","2017-12-18 10:29:38.000000","2018-07-25 21:39:51.000000","29.80"
"fc38b5dceee1a730fad8853453437fbd","SP","5","5","119.20","5","5","119.20","58.81","23.84","2017-04-05 08:23:43.000000","2017-12-15 19:13:52.000000","23.84"
"e82de6494d91d3c4c54450f59b227a94","SP","3","3","118.90","3","3","118.90","38.80","39.63","2017-10-09 01:17:54.000000","2018-03-02 10:22:22.000000","39.63"
"fd312b6bf05efac6c3772d5b52205d8a","SP","2","4","118.70","2","4","118.70","45.62","29.68","2017-03-29 17:44:04.000000","2017-06-26 16:04:07.000000","59.35"
"e9c2dc0dd4ac38448289be644ac94f42","SC","3","3","118.39","3","3","118.39","56.22","39.46","2018-07-03 23:37:11.000000","2018-08-21 22:39:47.000000","39.46"
"4c60877808f4318ef1107fbeb8f89afa","SP","2","2","118.00","2","2","118.00","32.63","59.00","2017-12-01 18:40:44.000000","2018-01-16 14:33:54.000000","59.00"
"aa1eb17b9fdf6dfd546e25c45c7b9235","SP","3","4","117.99","3","4","117.99","36.27","29.50","2017-12-01 11:14:08.000000","2018-04-25 19:27:16.000000","39.33"
"40ec8ab6cdafbcc4f544da38c67da39a","PR","2","2","117.80","2","2","117.80","39.20","58.90","2018-08-01 22:00:33.000000","2018-08-10 13:24:35.000000","58.90"
"b416191c9813d821a295cfabafff4161","SP","2","2","117.80","2","2","117.80","32.34","58.90","2017-07-28 14:33:15.000000","2017-08-16 13:35:48.000000","58.90"
"13dd308f81fea30cc670c656b2b46cc3","SP","3","3","117.70","3","3","117.70","33.44","39.23","2018-07-30 23:51:39.000000","2018-08-27 19:32:27.000000","39.23"
"9bade61a92bed55a25d2b67b9f4ed739","PR","2","3","117.68","2","3","117.68","57.12","39.23","2018-03-07 16:42:57.000000","2018-03-29 11:34:59.000000","58.84"
"bca9230d3bbb4efa51872bf605a2f1ad","SP","5","5","117.57","5","5","117.57","50.63","23.51","2018-06-07 14:01:50.000000","2018-08-27 23:30:28.000000","23.51"
"9bf11dfc0bec77e5a23028043c3c5a8f","MG","1","1","115.00","1","1","115.00","17.06","115.00","2017-11-24 22:36:53.000000","2017-11-24 22:36:53.000000","115.00"
"93bef6edaa84956e8e575016449b6351","SP","1","1","115.00","1","1","115.00","14.56","115.00","2017-07-28 21:49:59.000000","2017-07-28 21:49:59.000000","115.00"
"781a66c0d89e30814d49fe8b5e14cd07","SP","1","1","115.00","1","1","115.00","21.30","115.00","2017-11-15 12:41:09.000000","2017-11-15 12:41:09.000000","115.00"
"8c351ed7c326c62123318f4f3246e906","SP","2","2","114.90","2","2","114.90","35.76","57.45","2017-12-27 09:08:17.000000","2018-08-18 23:03:24.000000","57.45"
"039b29ff3b3473435d0cd59040575de9","SP","9","9","114.90","9","9","114.90","100.65","12.77","2018-04-26 11:32:03.000000","2018-08-23 13:56:52.000000","12.77"
"296729ffb9b684050dd24836dac4494a","SP","2","2","114.00","2","2","114.00","35.61","57.00","2018-05-10 10:11:34.000000","2018-08-02 19:54:25.000000","57.00"
"4c4d546adf3c3868fe19c9ec6e9ffda9","PR","2","3","111.70","2","3","111.70","45.39","37.23","2018-06-07 09:19:48.000000","2018-08-16 15:54:42.000000","55.85"
"ac1ed5fc15901fbc92920361eb4ab350","SP","1","1","110.25","0","0","0.00","0.00",,,,
"28d162ab86bb49d719c32f0ee6186eaa","SP","1","1","109.99","1","1","109.99","17.21","109.99","2017-09-19 10:20:27.000000","2017-09-19 10:20:27.000000","109.99"
"2c9005d8043aff18b8557ffb7b13cda4","ES","1","1","109.90","1","1","109.90","19.74","109.90","2018-05-07 21:00:33.000000","2018-05-07 21:00:33.000000","109.90"
"e732329483fd5f27367dd997b47f598a","SC","1","1","109.90","1","1","109.90","34.57","109.90","2017-08-31 15:28:40.000000","2017-08-31 15:28:40.000000","109.90"
"4be9ae93c4fc0f41713d71a4194ee1b3","MG","1","1","109.90","1","1","109.90","27.07","109.90","2018-08-17 17:26:08.000000","2018-08-17 17:26:08.000000","109.90"
"db7ed69a53aa9fb1c01930ba54a88bbe","SP","1","1","109.00","1","1","109.00","11.78","109.00","2018-06-22 18:52:53.000000","2018-06-22 18:52:53.000000","109.00"
"7bb8fac2913a6064ec412e583c6d8b4d","SP","1","1","109.00","1","1","109.00","16.52","109.00","2018-02-02 13:40:38.000000","2018-02-02 13:40:38.000000","109.00"
"92992bec39dde5766f590d3b1f46d465","SP","1","1","109.00","0","0","0.00","0.00",,,,
"4cc43a222a0f94910728b62b97a8c5f8","SP","1","1","108.50","1","1","108.50","12.26","108.50","2018-01-31 14:13:06.000000","2018-01-31 14:13:06.000000","108.50"
"e88165a185134e13fdfc85d4fa654db8","SP","2","2","108.00","2","2","108.00","41.22","54.00","2018-05-16 20:57:48.000000","2018-06-18 09:27:06.000000","54.00"
"bb3dca718920a4d7ec3cc9ffb025108b","SP","2","3","108.00","2","3","108.00","93.70","36.00","2017-02-08 13:09:38.000000","2017-02-15 17:55:10.000000","54.00"
"941554c5757b73ba0e50aa7732310afc","SP","3","4","107.69","3","4","107.69","58.66","26.92","2017-03-05 20:17:09.000000","2017-05-31 17:23:00.000000","35.90"
"44717f64ec2a457979cf83c429077666","RS","2","3","107.00","2","3","107.00","63.91","35.67","2018-08-01 00:48:09.000000","2018-08-18 22:35:00.000000","53.50"
"077c5fae4bea9500e3737b16f71b9d3a","SP","4","6","106.80","4","6","106.80","70.44","17.80","2017-09-19 12:44:23.000000","2018-06-22 13:20:25.000000","26.70"
"a69aa24cec11168e7e39a3fbc727e925","SP","3","3","105.97","3","3","105.97","34.32","35.32","2018-06-13 11:29:48.000000","2018-07-18 10:05:02.000000","35.32"
"271b8923c6a549e02d3c9fd1f8c0422b","SP","1","1","105.19","1","1","105.19","13.40","105.19","2018-07-30 19:39:13.000000","2018-07-30 19:39:13.000000","105.19"
"630008e0f062605a415d694489f6f82e","SP","2","3","105.15","1","1","35.35","15.35","35.35","2018-07-30 17:24:54.000000","2018-07-30 17:24:54.000000","35.35"
"3d2400ac620cffa23ac81bd192f7f555","SP","1","1","105.00","1","1","105.00","8.90","105.00","2018-08-13 13:36:05.000000","2018-08-13 13:36:05.000000","105.00"
"3bb32fedaa74e4ad20f4ce067733bd31","SC","2","3","103.70","2","3","103.70","58.86","34.57","2018-08-03 13:32:54.000000","2018-08-05 20:48:32.000000","51.85"
"62de60d81c55c29d76a6bce418b31cef","SP","1","1","103.00","1","1","103.00","23.87","103.00","2018-08-05 20:01:32.000000","2018-08-05 20:01:32.000000","103.00"
"461ff5303b6c9c1a4a07f40c5aece516","PR","3","3","102.70","3","3","102.70","58.73","34.23","2018-02-23 11:35:10.000000","2018-07-14 19:34:45.000000","34.23"
"ab91571efab27993ff2f6b36e38055c3","SP","3","4","102.24","3","4","102.24","56.69","25.56","2018-03-23 17:02:20.000000","2018-07-25 17:22:27.000000","34.08"
"160851d3ece7aa1a510f8d1a4bb8a8af","SP","2","2","102.05","2","2","102.05","39.10","51.03","2018-07-29 11:15:05.000000","2018-08-20 15:38:49.000000","51.03"
"be67f78487e2cecb0d55bc769709e4f5","MG","1","1","102.00","1","1","102.00","23.64","102.00","2018-03-23 17:06:29.000000","2018-03-23 17:06:29.000000","102.00"
"96e5dc09087bad639b4ee193104ec2e5","RJ","2","2","101.90","2","2","101.90","52.54","50.95","2018-08-13 15:24:41.000000","2018-08-21 09:12:03.000000","50.95"
"4fae87d32467e18eb46e4a76a0a0b9ce","RS","1","1","100.90","1","1","100.90","19.90","100.90","2018-08-17 21:45:54.000000","2018-08-17 21:45:54.000000","100.90"
"a4fc6eadaff1576af888509a53420f6a","SP","1","1","100.86","1","1","100.86","20.76","100.86","2018-05-22 18:15:54.000000","2018-05-22 18:15:54.000000","100.86"
"011b0eaba87386a2ae96a7d32bb531d1","SP","1","2","99.98","1","2","99.98","29.18","49.99","2016-10-06 07:08:15.000000","2016-10-06 07:08:15.000000","99.98"
"80cfd480be3eb6d6267139f5cb793555","SP","1","1","99.90","1","1","99.90","26.44","99.90","2017-03-10 10:34:16.000000","2017-03-10 10:34:16.000000","99.90"
"79b93a308a97792cf53ac75f46da00b5","RJ","1","1","99.90","1","1","99.90","16.14","99.90","2017-07-23 10:07:01.000000","2017-07-23 10:07:01.000000","99.90"
"2d20f1cd18725c91147da0791d498022","PR","1","1","99.80","1","1","99.80","19.89","99.80","2018-08-11 14:06:52.000000","2018-08-11 14:06:52.000000","99.80"
"aa8af66c623d7d544dfe4bb85b5ebe3b","MG","1","1","99.00","1","1","99.00","15.57","99.00","2018-06-03 19:46:12.000000","2018-06-03 19:46:12.000000","99.00"
"a7c53f6b3b61adbdaa99dda97e8cbd56","SP","1","1","99.00","1","1","99.00","11.30","99.00","2017-03-06 20:29:58.000000","2017-03-06 20:29:58.000000","99.00"
"247587846358bb1d2e4c6522020b36fe","SP","1","1","99.00","1","1","99.00","22.51","99.00","2018-06-17 22:05:56.000000","2018-06-17 22:05:56.000000","99.00"
"26562f211dd1364af2a8596dc945e8ae","SP","2","2","99.00","2","2","99.00","16.11","49.50","2018-07-10 10:33:17.000000","2018-07-31 17:12:15.000000","49.50"
"1fbe10c70e30765ed1de86d9f7e98409","SP","2","6","98.75","2","6","98.75","59.36","16.46","2018-06-21 10:09:54.000000","2018-07-18 17:25:29.000000","49.38"
"9e17b9d64683aebcbb9ee362d06463b4","SP","2","3","98.70","0","0","0.00","0.00",,,,
"00ab3eff1b5192e5f1a63bcecfee11c8","SP","1","1","98.00","1","1","98.00","12.08","98.00","2017-03-18 11:40:26.000000","2017-03-18 11:40:26.000000","98.00"
"5f57db27027655e6c6a391601daa0258","ES","1","1","98.00","1","1","98.00","53.04","98.00","2018-08-14 10:41:49.000000","2018-08-14 10:41:49.000000","98.00"
"eaaa46e98c9e61f6764dd1d7a2ab8b3e","RN","1","1","98.00","1","1","98.00","27.64","98.00","2018-08-05 14:07:53.000000","2018-08-05 14:07:53.000000","98.00"
"1c742ac33582852aaf3bcfbf5893abcf","MG","1","1","97.90","1","1","97.90","15.79","97.90","2018-06-22 16:07:51.000000","2018-06-22 16:07:51.000000","97.90"
"c7bb64409aa480bb7d0335faaaf3d242","SC","4","4","97.60","4","4","97.60","67.56","24.40","2018-06-23 16:04:00.000000","2018-07-02 10:34:59.000000","24.40"
"70126eecc6aa1274392a1743866e9678","SP","3","3","97.40","3","3","97.40","47.34","32.47","2018-06-25 21:19:06.000000","2018-07-25 10:27:00.000000","32.47"
"e3e15e2c0b9700561efac21c6be48066","SP","3","4","97.24","0","0","0.00","0.00",,,,
"270572bb714b00531be85e16e1550f26","SP","1","1","96.99","1","1","96.99","14.77","96.99","2018-05-24 21:26:55.000000","2018-05-24 21:26:55.000000","96.99"
"bcf5566870987da7bc811fbc8c5b9fd9","SP","1","4","96.00","0","0","0.00","0.00",,,,
"034b9387752bfa309f350a70cd45ffa3","SC","8","8","96.00","8","8","96.00","144.26","12.00","2018-04-11 15:53:57.000000","2018-08-22 16:05:04.000000","12.00"
"f43827dd686be3a4a80e00aa299990fb","SP","1","2","95.54","1","2","95.54","30.20","47.77","2018-01-25 10:09:48.000000","2018-01-25 10:09:48.000000","95.54"
"22a23e5ac7061fc538cc2a019afaaf16","MG","1","1","95.00","1","1","95.00","14.42","95.00","2017-05-18 11:00:04.000000","2017-05-18 11:00:04.000000","95.00"
"7a073a40a9d3f1fee8bc45670ea1e909","PR","1","1","95.00","0","0","0.00","0.00",,,,
"623ad9d0c1e14bb5464a8c72bff7b4af","MG","1","1","95.00","1","1","95.00","38.96","95.00","2018-05-13 20:05:37.000000","2018-05-13 20:05:37.000000","95.00"
"74a9b9bddf14ece02beb81f52c41a88d","SP","2","2","95.00","2","2","95.00","22.06","47.50","2017-11-27 12:25:21.000000","2018-02-07 20:57:16.000000","47.50"
"8cf21434553b02cbd37c0bbd07e041b0","SC","2","2","94.98","1","1","49.99","23.22","49.99","2017-11-24 15:16:27.000000","2017-11-24 15:16:27.000000","49.99"
"253c025bab43881055aeecde5e2d8b77","PR","2","2","94.82","2","2","94.82","29.51","47.41","2017-11-23 18:36:14.000000","2018-07-10 13:20:17.000000","47.41"
"43b2c864251aa0ce4030c746984e088a","DF","2","2","94.80","2","2","94.80","34.52","47.40","2018-07-28 15:35:20.000000","2018-08-23 12:49:42.000000","47.40"
"443d880f15cbd3572885e1d44bf2c478","SP","1","2","94.80","1","2","94.80","30.20","47.40","2017-07-21 09:28:29.000000","2017-07-21 09:28:29.000000","94.80"
"7a704e63bb29c446869efde5d57524c8","PR","1","1","94.49","1","1","94.49","15.41","94.49","2018-01-25 14:19:53.000000","2018-01-25 14:19:53.000000","94.49"
"6235903333ba7de1928c869e268e5964","SC","1","1","94.06","1","1","94.06","41.42","94.06","2018-05-13 18:19:47.000000","2018-05-13 18:19:47.000000","94.06"
"2aafae69bf4c41fbd94053d9413e87ee","RS","2","2","94.00","2","2","94.00","29.87","47.00","2018-05-24 15:22:39.000000","2018-07-24 19:04:45.000000","47.00"
"376d67b61dce0c990155286e7ae486a4","SP","1","1","94.00","1","1","94.00","17.91","94.00","2018-03-01 15:29:58.000000","2018-03-01 15:29:58.000000","94.00"
"5305693ffae2d3463377b1f6fe67b15a","SP","1","1","93.56","1","1","93.56","12.99","93.56","2018-01-02 10:35:07.000000","2018-01-02 10:35:07.000000","93.56"
"6b2612338467c08c9b25f0cc55b1578d","PR","1","1","92.90","1","1","92.90","20.97","92.90","2017-02-12 20:42:26.000000","2017-02-12 20:42:26.000000","92.90"
"1fddcb7b326905d3ad5efe82187db347","SP","1","1","92.00","0","0","0.00","0.00",,,,
"c4b911d06343b21dd906651f8101cb49","SP","2","2","90.98","0","0","0.00","0.00",,,,
"01266d4c46afa519678d16a8b683d325","PR","3","3","90.25","3","3","90.25","47.23","30.08","2018-08-02 16:07:38.000000","2018-08-20 19:14:26.000000","30.08"
"52b53f7061969fe471d119b6195da864","SP","1","1","90.00","1","1","90.00","8.37","90.00","2017-08-28 13:15:21.000000","2017-08-28 13:15:21.000000","90.00"
"f8f35af4634605e6693c17cc3ffff5a8","MG","1","1","90.00","1","1","90.00","16.39","90.00","2017-11-12 18:04:56.000000","2017-11-12 18:04:56.000000","90.00"
"1cbcd2ee0afb3fc09963b87eb65e7e4f","PR","1","3","90.00","1","3","90.00","40.65","30.00","2018-06-18 11:15:23.000000","2018-06-18 11:15:23.000000","90.00"
"d7d517afce974cd491b8d52bb5b5b1fc","SP","1","1","89.99","1","1","89.99","18.73","89.99","2018-08-16 02:24:08.000000","2018-08-16 02:24:08.000000","89.99"
"6d04126aba80df143fd038e711b8fd96","RJ","1","1","89.99","1","1","89.99","18.87","89.99","2017-09-08 14:49:36.000000","2017-09-08 14:49:36.000000","89.99"
"8dd386be0767c330276ea6a3f96532d3","SC","1","2","89.98","1","2","89.98","44.50","44.99","2018-08-10 21:14:35.000000","2018-08-10 21:14:35.000000","89.98"
"741f8c587cb4248ebc5b779a0e8e0e51","SP","5","5","89.95","5","5","89.95","67.69","17.99","2018-07-12 19:37:30.000000","2018-08-12 10:49:23.000000","17.99"
"97e50a621f8e801f4baf69e08687c192","SP","1","1","89.90","1","1","89.90","7.88","89.90","2018-02-21 06:34:33.000000","2018-02-21 06:34:33.000000","89.90"
"4aba6a02a788d3ec81c03137144d9a80","SC","1","1","89.90","1","1","89.90","15.38","89.90","2018-01-16 14:09:55.000000","2018-01-16 14:09:55.000000","89.90"
"fc99f99385ae90f66f01733856fb88c9","SP","1","1","89.90","0","0","0.00","0.00",,,,
"a72f15980dc3e9bfd1a49ac9b2f3af65","SP","1","1","89.90","1","1","89.90","18.73","89.90","2018-07-25 16:18:46.000000","2018-07-25 16:18:46.000000","89.90"
"889009a0ed0bb52c87819941192931b8","SP","1","1","89.90","1","1","89.90","33.08","89.90","2017-06-01 11:59:38.000000","2017-06-01 11:59:38.000000","89.90"
"2bdb95a56a36ebbc6640337ac5eac174","SP","1","1","89.90","1","1","89.90","18.00","89.90","2017-01-27 22:07:02.000000","2017-01-27 22:07:02.000000","89.90"
"154bdf805377afea75a3bd158e9eab10","SP","1","1","89.90","1","1","89.90","19.82","89.90","2018-07-02 18:42:38.000000","2018-07-02 18:42:38.000000","89.90"
"83d458c0d6d4f94295d63f091460bd60","SP","1","1","89.90","0","0","0.00","0.00",,,,
"b8d890108a7a80e4f5d59eea9f362438","PR","2","3","89.70","2","3","89.70","34.59","29.90","2017-09-05 08:05:20.000000","2017-10-19 12:07:22.000000","44.85"
"5741dc2bf5044c34d0698681c5081bed","SP","3","3","89.70","3","3","89.70","34.05","29.90","2018-05-28 10:54:51.000000","2018-07-16 22:56:18.000000","29.90"
"6624bc09786f0e41ae48dfc5eeb1a9e2","MG","1","1","89.54","1","1","89.54","17.47","89.54","2017-03-05 22:38:18.000000","2017-03-05 22:38:18.000000","89.54"
"499185655c29ecfdbfe776ef7cf875b5","RS","1","1","89.00","1","1","89.00","17.33","89.00","2018-06-02 13:29:22.000000","2018-06-02 13:29:22.000000","89.00"
"da2782c804606d2a5d8e1760dbb3e7ec","SP","1","1","89.00","1","1","89.00","14.37","89.00","2017-11-26 00:47:01.000000","2017-11-26 00:47:01.000000","89.00"
"b3809b8d4394588a47c8470ea331e135","SP","1","1","89.00","1","1","89.00","7.88","89.00","2018-07-06 19:46:58.000000","2018-07-06 19:46:58.000000","89.00"
"65c255b299faf2d12050937cc219c46c","SP","2","2","88.20","2","2","88.20","21.88","44.10","2017-07-26 10:16:50.000000","2017-08-31 17:20:46.000000","44.10"
"fa7ad8ae9bcb2c4493fdf38e96b1d74f","SP","1","2","88.00","0","0","0.00","0.00",,,,
"dd264199fc8b687ad029de7de6d760e6","PR","1","1","87.90","1","1","87.90","20.70","87.90","2017-01-19 11:47:55.000000","2017-01-19 11:47:55.000000","87.90"
"466222e777149751370e7e98fb623b0c","RJ","1","1","87.90","1","1","87.90","17.55","87.90","2018-08-06 23:14:27.000000","2018-08-06 23:14:27.000000","87.90"
"9cea4682e16655f7da87f406902e989e","PR","4","9","87.76","4","9","87.76","131.47","9.75","2017-03-22 23:39:13.000000","2018-02-02 23:31:10.000000","21.94"
"2fa13c8bd5705d279f7ed5cc9ec61c68","SP","2","4","87.40","2","4","87.40","61.30","21.85","2018-04-20 11:25:54.000000","2018-07-10 17:52:57.000000","43.70"
"4fe2f67634d00c021aa01f96b6f2d68e","PR","2","2","86.80","2","2","86.80","32.04","43.40","2018-08-11 19:27:59.000000","2018-08-16 20:58:56.000000","43.40"
"60da8bfa7eebe230b7d66ac4082d79b3","SP","3","3","86.60","3","3","86.60","38.67","28.87","2018-08-02 18:50:46.000000","2018-08-18 13:37:04.000000","28.87"
"b86a47b3366e3b5424a7b225781f4908","MG","1","1","86.50","1","1","86.50","19.85","86.50","2018-01-05 10:01:43.000000","2018-01-05 10:01:43.000000","86.50"
"00d8b143d12632bad99c0ad66ad52825","MG","1","1","86.00","1","1","86.00","51.10","86.00","2018-03-21 11:17:37.000000","2018-03-21 11:17:37.000000","86.00"
"a2b911e9ad40dc7d61c142a4683e2d85","RJ","1","1","85.90","1","1","85.90","34.40","85.90","2017-05-10 17:44:55.000000","2017-05-10 17:44:55.000000","85.90"
"20fd2d2080ed85fa67fad3fcbb2c1813","PR","1","1","85.90","0","0","0.00","0.00",,,,
"5566627eab3fe93fd6ee08798226101a","PR","5","5","85.50","5","5","85.50","102.31","17.10","2017-04-13 00:27:41.000000","2018-01-22 10:33:42.000000","17.10"
"2b5ed0c9139dae8883a200dfcb272ece","SP","4","4","85.41","4","4","85.41","59.34","21.35","2017-04-03 17:25:59.000000","2017-11-06 12:03:52.000000","21.35"
"9b1050e85becf3ae99c1cf4934c9bc5d","MG","2","2","85.14","0","0","0.00","0.00",,,,
"cb5ff1b9715e99589f3e0c7a6afab9e3","PR","4","4","85.00","4","4","85.00","54.03","21.25","2018-08-02 12:05:14.000000","2018-08-21 15:22:16.000000","21.25"
"b5dd7151a92ccaaa282cbe9681a05f44","SP","1","1","85.00","1","1","85.00","18.70","85.00","2018-07-18 10:09:15.000000","2018-07-18 10:09:15.000000","85.00"
"dadc51ef321949ec9a3ab25cd902e23d","SP","1","1","85.00","0","0","0.00","0.00",,,,
"0dfbed20065e425d2eaefb101f9816c0","SP","3","3","84.35","3","3","84.35","49.25","28.12","2018-05-12 23:13:36.000000","2018-06-04 21:18:04.000000","28.12"
"7f02656561b680def9986c0795a8a080","SP","2","2","84.00","1","1","42.00","11.85","42.00","2017-08-18 13:19:58.000000","2017-08-18 13:19:58.000000","42.00"
"dedcab67899479e4ea5dcc4eba47f587","SC","2","2","84.00","2","2","84.00","21.64","42.00","2018-06-10 22:28:53.000000","2018-08-17 17:59:38.000000","42.00"
"3febca52652e7209509ccfe61cbde40e","SP","2","2","84.00","0","0","0.00","0.00",,,,
"324583d68897f5ddbaf38f6248322176","SP","2","3","84.00","2","3","84.00","43.99","28.00","2018-02-21 12:09:19.000000","2018-02-25 13:05:21.000000","42.00"
"f5b84683a9bf9e1df748cf40f601b39c","SP","1","1","83.90","1","1","83.90","9.07","83.90","2016-10-08 22:11:57.000000","2016-10-08 22:11:57.000000","83.90"
"11d4c477d09821164bca4f70a2eae031","SP","3","4","83.04","3","4","83.04","57.82","20.76","2017-07-18 20:52:33.000000","2017-08-28 20:47:42.000000","27.68"
"a56a8043ebf66e42119618fb8cf232c6","SC","1","1","83.00","1","1","83.00","23.73","83.00","2018-08-03 22:23:06.000000","2018-08-03 22:23:06.000000","83.00"
"c542f5a8c64d973f30e9df8d06f70b4a","SP","1","1","81.00","0","0","0.00","0.00",,,,
"ba8e85df286308fe68a2ce83a8f8b2d6","SC","1","1","80.90","1","1","80.90","16.76","80.90","2018-06-12 22:21:34.000000","2018-06-12 22:21:34.000000","80.90"
"52454f90d4c30c016768db02f88c1a74","SP","3","5","80.50","3","5","80.50","67.17","16.10","2018-05-14 21:28:52.000000","2018-07-13 14:38:35.000000","26.83"
"1a8e2d9c38b84a9702ac7922924b0573","SC","1","1","80.00","1","1","80.00","17.00","80.00","2018-02-06 10:54:24.000000","2018-02-06 10:54:24.000000","80.00"
"c0f3eea2e14555b6faeea3dd58c1b1c3","SP","1","1","79.99","1","1","79.99","15.66","79.99","2018-08-03 00:26:04.000000","2018-08-03 00:26:04.000000","79.99"
"8b11118053756a9a2932f447e11fc1b5","SP","1","1","79.99","1","1","79.99","11.17","79.99","2016-10-06 22:34:03.000000","2016-10-06 22:34:03.000000","79.99"
"a45765f8afb1e594b22bf9e974b46765","SP","1","1","79.99","1","1","79.99","8.93","79.99","2017-03-09 14:27:38.000000","2017-03-09 14:27:38.000000","79.99"
"f09e26011d833ddab11593c1a097a92a","SP","1","1","79.90","0","0","0.00","0.00",,,,
"0f519b0d2e5eb2227c93dd25038bfc01","SP","1","1","79.90","1","1","79.90","23.00","79.90","2017-01-27 12:10:46.000000","2017-01-27 12:10:46.000000","79.90"
"ca5832c6960267b71041f74bb39e8b12","SC","1","1","79.90","1","1","79.90","17.81","79.90","2017-06-19 17:11:51.000000","2017-06-19 17:11:51.000000","79.90"
"9591fc341b1bfb7ef561e2968ec6e011","SP","1","1","79.90","0","0","0.00","0.00",,,,
"cd233f8bfa30ebfd651f47ee7d054951","SP","1","1","79.90","1","1","79.90","18.66","79.90","2018-08-19 11:28:23.000000","2018-08-19 11:28:23.000000","79.90"
"b5b800c4065bebf4d3442311c9857344","SP","1","1","79.90","1","1","79.90","8.91","79.90","2018-05-01 12:29:30.000000","2018-05-01 12:29:30.000000","79.90"
"dcb7367a92f5ffb89f1e2152ed260285","SP","1","1","79.90","1","1","79.90","18.44","79.90","2018-03-18 16:47:16.000000","2018-03-18 16:47:16.000000","79.90"
"9fbd5666d8618fa571c4230fafa09bd6","SP","1","1","79.90","1","1","79.90","16.81","79.90","2017-08-30 18:44:19.000000","2017-08-30 18:44:19.000000","79.90"
"aa17b35ce4de7b565be3249ba838944f","SP","2","2","79.80","2","2","79.80","34.20","39.90","2017-08-24 21:26:40.000000","2017-09-01 17:56:59.000000","39.90"
"a7b7354cc588f7566a848bcbb1ce3d96","SP","2","2","79.80","2","2","79.80","25.07","39.90","2017-03-13 22:11:59.000000","2017-03-23 15:16:21.000000","39.90"
"c2bda99904207edd1834f03e0022b007","SP","2","2","79.80","1","1","39.90","7.78","39.90","2017-09-27 09:25:55.000000","2017-09-27 09:25:55.000000","39.90"
"5a32c398a06c345440bf2a683b017ad3","RJ","2","2","79.80","1","1","34.90","15.23","34.90","2018-03-14 21:29:52.000000","2018-03-14 21:29:52.000000","34.90"
"519a7aa428f18d125a283cf8c014fdd6","SC","3","3","79.70","3","3","79.70","73.10","26.57","2018-07-07 16:56:54.000000","2018-07-30 21:54:00.000000","26.57"
"918f6fbcf3ab724d805867303e593a1b","SP","2","3","79.70","2","3","79.70","32.88","26.57","2017-02-20 21:44:03.000000","2017-03-02 01:21:42.000000","39.85"
"c8665a4dd081a2c436b1cd921079d0d9","SP","1","1","79.39","1","1","79.39","14.14","79.39","2018-06-18 12:48:25.000000","2018-06-18 12:48:25.000000","79.39"
"babcc0ab201e4c60188427cae51a5b8b","SP","1","1","79.00","1","1","79.00","14.13","79.00","2018-07-01 10:23:10.000000","2018-07-01 10:23:10.000000","79.00"
"166e8f1381e09651983c38b1f6f91c11","SC","2","2","78.80","2","2","78.80","30.20","39.40","2017-07-25 01:53:48.000000","2017-08-21 00:27:44.000000","39.40"
"15b3b1b81484422eb41df68ac87f1f50","SP","2","2","78.35","1","1","43.35","12.69","43.35","2017-11-24 23:01:08.000000","2017-11-24 23:01:08.000000","43.35"
"739c7d7be81f63812dea0d1b1451c651","PB","2","2","77.50","2","2","77.50","71.80","38.75","2018-05-16 13:11:47.000000","2018-06-04 11:52:25.000000","38.75"
"5de1c80811ce7007f62f00d971236c09","SC","2","2","76.80","2","2","76.80","30.95","38.40","2018-07-03 15:09:35.000000","2018-07-30 20:23:57.000000","38.40"
"3e51f9cbe317bc3a88f2c76583811ee4","SP","1","1","76.09","1","1","76.09","8.69","76.09","2018-08-14 00:22:06.000000","2018-08-14 00:22:06.000000","76.09"
"497709c2976a8fa308730a2dec5b0726","SP","1","2","76.00","1","2","76.00","18.04","38.00","2018-07-19 19:22:05.000000","2018-07-19 19:22:05.000000","76.00"
"d52cbce9845184537284a23c3bc3da0e","SC","2","4","75.00","2","4","75.00","63.78","18.75","2018-02-02 00:54:15.000000","2018-03-02 10:30:09.000000","37.50"
"c85d7b477a709c85a1e8b8f25aa1b270","SP","1","2","75.00","0","0","0.00","0.00",,,,
"a1bea9970d8f65b240555f99c2214f7f","PR","1","1","75.00","1","1","75.00","27.48","75.00","2018-07-23 16:24:27.000000","2018-07-23 16:24:27.000000","75.00"
"6dd7dce75cd55c1ce255dc38d9f0cd46","SC","1","1","75.00","1","1","75.00","21.33","75.00","2017-12-17 14:44:48.000000","2017-12-17 14:44:48.000000","75.00"
"43a5d4a57af536fddc96d08be3afdfcb","MG","1","1","75.00","1","1","75.00","24.83","75.00","2017-06-14 20:17:04.000000","2017-06-14 20:17:04.000000","75.00"
"61b893c57e33626afb104d4112b1be76","MG","1","1","74.99","0","0","0.00","0.00",,,,
"05aebce0b5c8f0d41b29b686f2d05fd3","SP","2","2","74.99","2","2","74.99","45.89","37.50","2018-03-05 16:24:44.000000","2018-08-10 16:15:34.000000","37.50"
"217f005bb37ff3aeef5b2ae1788e75ba","SP","3","3","74.97","2","2","49.98","30.15","24.99","2017-04-21 20:16:02.000000","2017-05-10 09:00:07.000000","24.99"
"9c3a1c416c765687bc79a04113269929","MG","1","1","74.90","1","1","74.90","58.90","74.90","2018-02-01 23:09:36.000000","2018-02-01 23:09:36.000000","74.90"
"6187a137b2af59dfdbad8d9f8c373c14","SP","2","2","74.80","2","2","74.80","30.22","37.40","2017-11-28 21:53:19.000000","2018-01-06 18:54:39.000000","37.40"
"a90a5da8b09e44264a177c0374a5ac87","PR","3","3","74.70","3","3","74.70","72.60","24.90","2017-02-20 22:26:06.000000","2017-03-08 20:17:07.000000","24.90"
"d8d9567d0bfb0bc7eb845a205ba42657","SP","4","4","74.60","4","4","74.60","59.71","18.65","2018-03-28 22:20:31.000000","2018-08-22 08:25:48.000000","18.65"
"164a5a8794e6d42e14f55e447b12a3bc","PR","1","1","73.99","1","1","73.99","62.77","73.99","2018-07-27 11:24:55.000000","2018-07-27 11:24:55.000000","73.99"
"a7d0f8dd44f57ef6de7f7f02e3d82630","SP","2","2","73.79","2","2","73.79","25.88","36.90","2018-06-25 12:06:07.000000","2018-08-19 20:26:26.000000","36.90"
"204b4e07bddef3c9b317f70189135b22","MG","1","1","73.40","1","1","73.40","14.73","73.40","2018-07-27 17:29:41.000000","2018-07-27 17:29:41.000000","73.40"
"d4d99b60c4c94cd35acd502cec65dc8d","SP","1","1","72.90","1","1","72.90","14.39","72.90","2016-10-09 12:13:58.000000","2016-10-09 12:13:58.000000","72.90"
"e5c84227854980f1db19a58958c551d9","PR","4","4","72.81","4","4","72.81","68.83","18.20","2018-07-26 16:14:02.000000","2018-08-15 11:56:10.000000","18.20"
"f0ec6a2adb05c62655a26dd347b8dede","SP","1","2","72.00","0","0","0.00","0.00",,,,
"8f0fbe2cd4d472157dc1cdef6edecaa9","SP","2","2","71.88","2","2","71.88","22.88","35.94","2017-07-14 09:21:51.000000","2017-09-11 22:51:42.000000","35.94"
"028872bfa080090a9d0abd4f1af168f8","MG","1","3","70.50","1","3","70.50","47.37","23.50","2017-08-19 09:10:45.000000","2017-08-19 09:10:45.000000","70.50"
"bbf4a892cac7b82422baa711dffb8997","PR","1","1","70.00","1","1","70.00","35.34","70.00","2018-06-11 11:35:34.000000","2018-06-11 11:35:34.000000","70.00"
"e4f121bf6ef8b9a1d4d3e65dd0473fab","SP","2","2","70.00","2","2","70.00","36.46","35.00","2018-04-01 21:17:46.000000","2018-05-07 08:58:38.000000","35.00"
"f90f77ef2799a27f80d90c425ca944f7","PR","1","1","70.00","1","1","70.00","19.46","70.00","2018-05-15 08:42:18.000000","2018-05-15 08:42:18.000000","70.00"
"4003520d80d0bad1d5623f7aa3c63cda","RJ","1","1","70.00","1","1","70.00","16.74","70.00","2017-09-26 20:50:49.000000","2017-09-26 20:50:49.000000","70.00"
"0a198e95d32b1be2da9424c962a6ebfa","MG","1","1","69.99","1","1","69.99","16.68","69.99","2018-06-13 12:09:56.000000","2018-06-13 12:09:56.000000","69.99"
"b5d034ac251546e25afe9067f05c1539","SP","1","1","69.90","1","1","69.90","15.37","69.90","2018-04-21 05:31:57.000000","2018-04-21 05:31:57.000000","69.90"
"d9b00a97818674c7f8d8b1ef0e689679","PR","1","1","69.90","1","1","69.90","9.18","69.90","2018-08-14 15:26:06.000000","2018-08-14 15:26:06.000000","69.90"
"fe9d9cf8631285d5982c6e2cf27fb114","MG","1","1","69.90","1","1","69.90","23.64","69.90","2018-07-19 21:58:43.000000","2018-07-19 21:58:43.000000","69.90"
"b6c6854d4d92a5f6f46be8869da3fa1a","SP","1","1","69.90","0","0","0.00","0.00",,,,
"4e92348462c75b6c842b994ce84a0ed4","RS","1","1","69.90","1","1","69.90","15.59","69.90","2018-07-03 22:20:41.000000","2018-07-03 22:20:41.000000","69.90"
"d598f929fc44e1e38678e7f47250ec04","GO","1","1","69.90","1","1","69.90","37.40","69.90","2018-06-22 10:43:09.000000","2018-06-22 10:43:09.000000","69.90"
"ffcfefa19b08742c5d315f2791395ee5","PR","1","1","69.90","0","0","0.00","0.00",,,,
"f3511c85f59f8dec53d140501ee8e7a8","PR","1","1","69.90","1","1","69.90","8.11","69.90","2017-08-13 20:03:35.000000","2017-08-13 20:03:35.000000","69.90"
"5587130f9850696ed7fafbc91c2cee44","SP","2","2","69.80","2","2","69.80","33.69","34.90","2018-07-13 17:55:51.000000","2018-08-07 09:25:23.000000","34.90"
"17998cf586426bf0f2c3726cb0a4b211","MG","2","2","69.80","2","2","69.80","45.72","34.90","2017-07-28 04:06:33.000000","2018-01-01 14:06:06.000000","34.90"
"bbd3acfe6de99892e73940d3fdceaf68","SP","2","2","69.00","2","2","69.00","24.55","34.50","2018-08-18 15:57:06.000000","2018-08-21 10:38:28.000000","34.50"
"edb65fe661681b1c0de8bd47c8655855","SP","1","1","69.00","1","1","69.00","15.24","69.00","2017-04-26 12:37:33.000000","2017-04-26 12:37:33.000000","69.00"
"e4253cef933647000a82ff39c67b7bde","SP","2","2","68.00","0","0","0.00","0.00",,,,
"f3055483058c84d75ca2a3314fb4deef","BA","1","1","67.50","0","0","0.00","0.00",,,,
"723a46b89fd5c3ed78ccdf039e33ac63","RS","1","1","66.64","1","1","66.64","23.40","66.64","2018-05-28 23:06:44.000000","2018-05-28 23:06:44.000000","66.64"
"a5ff20ff766e7f50bd5066f33da14413","SP","2","4","66.59","2","4","66.59","43.58","16.65","2018-08-19 22:38:41.000000","2018-08-24 13:04:05.000000","33.30"
"c6381b1321d7d97717a5bb4ed5b77882","SP","2","3","66.00","2","3","66.00","34.01","22.00","2018-07-09 20:42:03.000000","2018-08-09 23:19:46.000000","33.00"
"d58d521f3789def2e7a22715e0badd93","SP","2","2","65.98","2","2","65.98","18.22","32.99","2017-11-10 10:25:55.000000","2018-03-20 12:08:39.000000","32.99"
"76623fde66e6b63b59440fd34160512d","SP","3","3","65.40","3","3","65.40","23.34","21.80","2017-09-02 12:03:14.000000","2018-01-08 15:05:57.000000","21.80"
"d4a5e99e0dd915df64ba55a7fbd583fd","SP","2","6","65.15","2","6","65.15","84.60","10.86","2017-10-26 11:22:23.000000","2017-10-26 22:55:40.000000","32.58"
"52831e5990d0771cb4951d6f12928167","SP","1","1","65.00","1","1","65.00","13.12","65.00","2018-08-06 16:31:57.000000","2018-08-06 16:31:57.000000","65.00"
"ad738d3fcf42655ed15c4960b7b6c601","RS","1","1","65.00","0","0","0.00","0.00",,,,
"447d377bdb757058acb569025ee18a93","RS","1","1","64.99","1","1","64.99","18.02","64.99","2018-02-02 18:46:41.000000","2018-02-02 18:46:41.000000","64.99"
"c8771b1a10bb99bb34d3c459c5cffb53","SP","1","1","64.90","1","1","64.90","31.20","64.90","2017-05-30 16:14:58.000000","2017-05-30 16:14:58.000000","64.90"
"cf281cf8b7affbdfe751b29cc85580e1","CE","1","1","64.90","0","0","0.00","0.00",,,,
"eb4a59a06b3948e851a7d7a830bcbc42","BA","2","2","64.00","1","1","32.00","21.15","32.00","2018-02-23 17:55:18.000000","2018-02-23 17:55:18.000000","32.00"
"b452cb0ae35044c4a53179c39f49fb06","SP","2","2","63.70","2","2","63.70","38.29","31.85","2018-06-01 17:13:00.000000","2018-06-02 13:16:37.000000","31.85"
"9e94fa26a70ede4d26226e918e8706a2","SP","1","1","62.80","1","1","62.80","9.94","62.80","2017-08-04 03:06:27.000000","2017-08-04 03:06:27.000000","62.80"
"42fb44130ac3134cde8e35cf8ec7df25","SP","3","3","62.70","2","2","43.80","25.48","21.90","2017-03-22 11:40:21.000000","2017-03-23 16:19:43.000000","21.90"
"f0ec78809fe0bc3edb11c9fe5b97b059","SP","2","2","62.60","2","2","62.60","23.66","31.30","2018-06-09 12:47:27.000000","2018-07-18 12:50:16.000000","31.30"
"2cb98e27ce1c18abdb42209b34c382a7","SP","1","1","62.49","1","1","62.49","57.21","62.49","2018-06-19 14:30:42.000000","2018-06-19 14:30:42.000000","62.49"
"56a8b450e802502ba53a9885ee38e29f","SP","1","1","62.45","0","0","0.00","0.00",,,,
"6a3139c7bf09ece22a4713d956acbe5e","SP","1","1","61.90","1","1","61.90","14.74","61.90","2018-07-23 21:47:34.000000","2018-07-23 21:47:34.000000","61.90"
"f7c31656c19db6275a8acadca289f426","SP","1","1","61.56","1","1","61.56","16.19","61.56","2018-02-15 11:26:40.000000","2018-02-15 11:26:40.000000","61.56"
"b3e2faf2c1004d674f16a3aa3197f0e1","SP","3","3","61.47","3","3","61.47","33.77","20.49","2017-02-07 19:50:11.000000","2017-05-10 10:34:13.000000","20.49"
"1d0646a72178a6fb37ee8082140e06ec","SC","2","2","61.00","2","2","61.00","36.62","30.50","2018-07-16 14:24:22.000000","2018-08-22 18:52:42.000000","30.50"
"7963e546f34e098b578f9ad102494601","SP","1","1","60.99","1","1","60.99","21.23","60.99","2017-11-05 18:19:24.000000","2017-11-05 18:19:24.000000","60.99"
"be7a093e5b4d147b36b72bb1f9e415e5","PR","1","1","60.90","1","1","60.90","22.36","60.90","2018-07-07 10:44:58.000000","2018-07-07 10:44:58.000000","60.90"
"83f2b4881141ce3fcd4e985125d3279e","SP","3","3","60.70","3","3","60.70","40.68","20.23","2018-01-24 08:45:48.000000","2018-03-18 14:49:40.000000","20.23"
"9ac75591b69c3402684b6ce0310f22ee","SP","1","1","60.50","1","1","60.50","9.17","60.50","2018-08-21 22:09:39.000000","2018-08-21 22:09:39.000000","60.50"
"e9e446d01bd10a97a8ffcfc4a3a20cb2","SP","4","4","60.05","3","3","51.15","22.17","17.05","2018-06-05 19:53:27.000000","2018-07-08 19:59:16.000000","17.05"
"85e7c62c1d6ea078c3897424f867a7c8","SC","2","2","60.00","2","2","60.00","27.70","30.00","2017-12-27 19:48:04.000000","2018-01-17 16:46:29.000000","30.00"
"7c462184585ae80bd6e5774c62ce50f2","SP","1","2","60.00","1","2","60.00","17.64","30.00","2018-05-07 12:38:04.000000","2018-05-07 12:38:04.000000","60.00"
"24a6daf925d9d591870a66660416de31","SP","2","2","60.00","2","2","60.00","30.08","30.00","2018-01-29 09:47:12.000000","2018-05-06 20:33:11.000000","30.00"
"86649b1632b1c0e6c0bcb2c90a8b75d8","PR","1","1","59.99","0","0","0.00","0.00",,,,
"8fb67a334bacec338885b4e9e1708073","PR","1","1","59.90","1","1","59.90","38.52","59.90","2018-07-15 12:57:04.000000","2018-07-15 12:57:04.000000","59.90"
"9ef932e837d8b7f392c0bfee9d359dc2","SP","1","1","59.90","1","1","59.90","19.66","59.90","2017-11-20 12:49:35.000000","2017-11-20 12:49:35.000000","59.90"
"0ee4fb99ac55ffbbc98795aa01b7f8fa","SP","1","1","59.90","1","1","59.90","11.03","59.90","2017-05-01 10:30:43.000000","2017-05-01 10:30:43.000000","59.90"
"3e46a38ee171c503c3b4a3f23fe3bf0c","SP","1","1","59.90","1","1","59.90","9.11","59.90","2018-06-22 13:20:40.000000","2018-06-22 13:20:40.000000","59.90"
"6ebf4eceee4dd9847201c82e77ef8123","RJ","1","1","59.90","1","1","59.90","22.13","59.90","2018-04-04 23:21:54.000000","2018-04-04 23:21:54.000000","59.90"
"c240c4061717ac1806ae6ee72be3533b","RJ","1","1","59.90","1","1","59.90","13.99","59.90","2018-05-08 17:40:24.000000","2018-05-08 17:40:24.000000","59.90"
"75fdd0a732287f9497b179f6bd445d32","SP","1","1","59.90","1","1","59.90","16.18","59.90","2017-09-19 00:19:17.000000","2017-09-19 00:19:17.000000","59.90"
"528ce32f560edd11add4169f6a5b65be","SP","2","2","59.80","2","2","59.80","15.30","29.90","2017-05-02 10:01:50.000000","2017-07-20 09:58:18.000000","29.90"
"455f46ef09a9e45667e2981df84b5cc2","SP","2","2","59.80","1","1","29.90","18.31","29.90","2018-08-07 21:26:48.000000","2018-08-07 21:26:48.000000","29.90"
"3da38366e7bd9baf6369071f782ecdf0","CE","1","1","59.47","1","1","59.47","26.96","59.47","2018-01-04 13:37:09.000000","2018-01-04 13:37:09.000000","59.47"
"63704069d9bd3a75c1cf59babe56004a","SP","1","1","59.30","1","1","59.30","7.39","59.30","2018-06-08 12:00:50.000000","2018-06-08 12:00:50.000000","59.30"
"db1f0f7c7e5e87f40b62226f020bb297","PR","3","3","59.01","3","3","59.01","64.72","19.67","2017-04-03 18:04:29.000000","2017-05-09 10:19:17.000000","19.67"
"1d953075c2f0dd990bacf27b83b330f1","MG","1","1","59.00","1","1","59.00","19.32","59.00","2018-08-13 11:35:50.000000","2018-08-13 11:35:50.000000","59.00"
"2f1e7b90e01d9f086cbcb301c0c3d406","SC","1","1","59.00","1","1","59.00","12.66","59.00","2017-11-27 23:03:26.000000","2017-11-27 23:03:26.000000","59.00"
"dd5450b022b2d00a2145a66331e1aef6","SC","1","1","59.00","1","1","59.00","22.34","59.00","2018-06-29 12:16:28.000000","2018-06-29 12:16:28.000000","59.00"
"0af2ab31141893d26aca5a404a537dab","SP","1","1","59.00","1","1","59.00","15.51","59.00","2018-08-23 22:37:44.000000","2018-08-23 22:37:44.000000","59.00"
"fa18c782a4866d313cadab567097f8f1","MG","1","1","58.99","0","0","0.00","0.00",,,,
"d180e07dc1e58c31c3f0cd599dc4d945","MG","1","1","58.80","1","1","58.80","14.16","58.80","2018-01-26 14:08:25.000000","2018-01-26 14:08:25.000000","58.80"
"cecd97bc34ed8330bd4cd15713eda670","SC","1","1","57.99","1","1","57.99","18.51","57.99","2018-08-13 17:09:30.000000","2018-08-13 17:09:30.000000","57.99"
"cac4e0bc1a3269fa2b6ea5e763f6115b","SC","2","3","57.88","2","3","57.88","50.14","19.29","2017-11-26 20:39:49.000000","2018-03-27 05:53:39.000000","28.94"
"48e5ee06fb2dc74df1c711a9b6dfac2a","MG","1","3","57.00","1","3","57.00","45.30","19.00","2018-02-03 13:49:34.000000","2018-02-03 13:49:34.000000","57.00"
"ac9b01377919cdbd2a1bbb8d5837c70b","SP","1","1","55.90","1","1","55.90","23.54","55.90","2018-08-05 18:53:35.000000","2018-08-05 18:53:35.000000","55.90"
"3e35a8bb43569389d3cebef0ce820f69","SP","1","2","55.80","1","2","55.80","28.88","27.90","2018-04-12 19:47:40.000000","2018-04-12 19:47:40.000000","55.80"
"d85efbc8eff2b7adf524e2820569adc8","SP","1","1","55.00","1","1","55.00","8.29","55.00","2018-05-12 22:49:25.000000","2018-05-12 22:49:25.000000","55.00"
"0b1ca3ef18a63d7eb0c8897fa0849c08","SP","1","1","55.00","1","1","55.00","7.87","55.00","2018-04-12 00:10:10.000000","2018-04-12 00:10:10.000000","55.00"
"ebe3dabc4955c9b0d695e7bda38bf5c3","SP","1","1","55.00","1","1","55.00","11.89","55.00","2018-02-20 15:22:53.000000","2018-02-20 15:22:53.000000","55.00"
"02a2272692e13558373c66db98f05e2e","RJ","2","2","54.98","0","0","0.00","0.00",,,,
"c7246702dc991a06d788120dc7544391","CE","1","1","54.86","1","1","54.86","17.66","54.86","2018-02-19 22:45:39.000000","2018-02-19 22:45:39.000000","54.86"
"26f6b7ab07be3e9e69ce82a6552efc19","RJ","2","2","54.80","2","2","54.80","25.95","27.40","2018-08-14 01:00:24.000000","2018-08-15 15:12:34.000000","27.40"
"c13fb473e7cb8b83ccd543c094df0608","SP","2","2","54.80","2","2","54.80","28.72","27.40","2017-01-30 22:18:53.000000","2017-03-20 10:48:56.000000","27.40"
"d297f1055de2956aedfd3b04113dce3e","SP","1","1","54.30","1","1","54.30","7.64","54.30","2018-08-20 22:00:09.000000","2018-08-20 22:00:09.000000","54.30"
"720e6cf846ea7572cbb66b743fb91e6c","SP","1","1","54.00","1","1","54.00","14.55","54.00","2017-03-18 12:23:46.000000","2017-03-18 12:23:46.000000","54.00"
"c1552b1dab6e6f760950368ae61fb600","SP","2","2","53.80","2","2","53.80","14.89","26.90","2018-08-22 14:24:54.000000","2018-08-25 11:00:52.000000","26.90"
"c161d1327ebc3a156c09582ab2f59f6c","SP","3","3","52.99","2","2","35.99","15.56","18.00","2017-08-04 13:54:51.000000","2017-12-04 17:08:27.000000","18.00"
"a2a41aedb70551d4a85aa04dc2fced48","SP","2","2","52.79","2","2","52.79","26.94","26.40","2017-11-16 13:53:55.000000","2017-12-03 10:52:08.000000","26.40"
"392f7f2c797e4dc077e4311bde2ab8ce","RN","2","2","52.00","2","2","52.00","36.56","26.00","2018-08-20 21:10:45.000000","2018-08-21 10:10:40.000000","26.00"
"84c945f15571830c1a91a33978e94009","SP","2","2","51.98","2","2","51.98","26.06","25.99","2017-03-20 23:42:55.000000","2017-05-14 08:39:56.000000","25.99"
"20d53aad4fe5ee93a64f8839609d3586","MG","2","2","51.90","1","1","14.50","12.48","14.50","2017-11-26 10:19:20.000000","2017-11-26 10:19:20.000000","14.50"
"258447aad3f7b01e2643c89f64dc5647","PR","1","1","51.90","1","1","51.90","19.55","51.90","2018-07-24 19:44:56.000000","2018-07-24 19:44:56.000000","51.90"
"07e8e8fc5222bb358e6f259da3197074","SP","2","2","51.80","2","2","51.80","23.06","25.90","2018-02-21 06:27:09.000000","2018-08-08 22:13:19.000000","25.90"
"eaf6d55068dea77334e8477d3878d89e","SP","3","3","51.00","3","3","51.00","33.01","17.00","2018-06-26 11:01:38.000000","2018-07-28 19:53:30.000000","17.00"
"4d8809767a5bafe22909c77951fb6b41","SP","1","1","50.00","0","0","0.00","0.00",,,,
"deaadd805612bf94faaa9fa702516e11","SP","1","1","50.00","0","0","0.00","0.00",,,,
"535bf14f36346c7f59d87cece104d70c","RJ","1","1","50.00","1","1","50.00","7.77","50.00","2018-08-19 11:28:30.000000","2018-08-19 11:28:30.000000","50.00"
"5cf1ec37aea089f45110c70653a166ab","SP","3","3","50.00","2","2","35.00","28.58","17.50","2017-04-01 11:23:53.000000","2017-12-13 16:58:37.000000","17.50"
"d4f91e8be86b38da2ee35bc489645a9d","SP","1","1","49.99","1","1","49.99","11.17","49.99","2016-10-08 09:50:08.000000","2016-10-08 09:50:08.000000","49.99"
"2c2c9832d1bb38c5b0034a3b47d313ee","RS","1","1","49.90","1","1","49.90","18.45","49.90","2018-07-27 10:44:02.000000","2018-07-27 10:44:02.000000","49.90"
"7b3447b497e55af8c15fc7bd89d7b81a","SP","1","1","49.90","1","1","49.90","20.75","49.90","2017-11-17 19:53:15.000000","2017-11-17 19:53:15.000000","49.90"
"fe19dce63ae80346207c6c55713d1023","MG","1","1","49.90","1","1","49.90","21.82","49.90","2017-01-31 15:39:27.000000","2017-01-31 15:39:27.000000","49.90"
"9140ef75cc8211c4035935e80e567204","PR","1","1","49.90","1","1","49.90","22.28","49.90","2018-08-01 18:58:49.000000","2018-08-01 18:58:49.000000","49.90"
"3ded4e2d5f135cb103e5949d7263d2dd","MG","1","1","49.90","1","1","49.90","12.48","49.90","2018-02-15 15:37:34.000000","2018-02-15 15:37:34.000000","49.90"
"e1a210d482714ce337763a19aef94ba4","PR","1","1","49.90","0","0","0.00","0.00",,,,
"7315baebc0572ff220d226283dc66728","SP","2","2","49.85","2","2","49.85","26.37","24.93","2017-04-26 13:17:05.000000","2017-06-28 09:51:56.000000","24.93"
"2c00c85d30361cd2ced2969cffbbffa3","MG","1","1","49.80","1","1","49.80","7.71","49.80","2018-04-16 19:27:56.000000","2018-04-16 19:27:56.000000","49.80"
"d1a1b40ec554c593a1a99366746289dd","PR","1","1","49.70","0","0","0.00","0.00",,,,
"1b61fb1f0f2185d89e9a126c498e9cc7","PR","1","1","49.70","1","1","49.70","16.11","49.70","2017-06-23 07:15:39.000000","2017-06-23 07:15:39.000000","49.70"
"ac137bac82ffa8548e62bd9d01d2a14f","SP","1","1","49.60","0","0","0.00","0.00",,,,
"42d4b7e70819438f5ada61c965e92d7e","GO","1","3","49.60","1","3","49.60","51.18","16.53","2018-03-20 14:07:40.000000","2018-03-20 14:07:40.000000","49.60"
"e0487761face83d64fcada2408959a36","SP","2","2","49.25","2","2","49.25","14.87","24.63","2018-08-24 15:05:27.000000","2018-08-27 18:58:15.000000","24.63"
"ce33c6211beaa8fef4cae8b52db39862","SP","1","1","49.00","1","1","49.00","14.52","49.00","2017-02-12 15:53:19.000000","2017-02-12 15:53:19.000000","49.00"
"d63f306de130e0391d38a792541723b8","SP","1","1","49.00","1","1","49.00","7.60","49.00","2018-08-20 10:09:33.000000","2018-08-20 10:09:33.000000","49.00"
"2ef086a599b597572aca4433b7ed6b3d","SC","1","1","49.00","1","1","49.00","15.10","49.00","2018-01-11 07:27:07.000000","2018-01-11 07:27:07.000000","49.00"
"1f7dfad2cb384ea4d2d7e1ffbd78c407","SP","1","1","49.00","1","1","49.00","8.29","49.00","2018-05-05 13:16:14.000000","2018-05-05 13:16:14.000000","49.00"
"c963a25b8671419c6ce9eebe8fd03218","RJ","1","1","49.00","1","1","49.00","19.32","49.00","2018-05-01 01:28:38.000000","2018-05-01 01:28:38.000000","49.00"
"29c322e3f09f886f8bacbe91dfbd979e","RS","1","2","48.98","1","2","48.98","56.59","24.49","2018-08-22 21:26:03.000000","2018-08-22 21:26:03.000000","48.98"
"417a1e6c7321084d2a0ae0d023cfad93","RS","1","1","48.90","1","1","48.90","12.48","48.90","2018-01-31 12:13:17.000000","2018-01-31 12:13:17.000000","48.90"
"5aaa890629f83706d8d9bfecd8377c1c","RJ","1","1","48.90","0","0","0.00","0.00",,,,
"2e2f44824ab87a0cb961f68bf4073e7f","PR","1","1","48.00","1","1","48.00","17.93","48.00","2018-04-02 21:10:31.000000","2018-04-02 21:10:31.000000","48.00"
"513a54369b6a8a6602fcb0e129c6d78d","SP","2","2","47.80","2","2","47.80","14.86","23.90","2018-08-18 00:16:00.000000","2018-08-26 12:06:17.000000","23.90"
"a3fa18b3f688ec0fca3eb8bfcbd2d5b3","SP","1","2","47.80","1","2","47.80","36.46","23.90","2018-04-30 10:10:48.000000","2018-04-30 10:10:48.000000","47.80"
"9d213f303afae4983637247556438ede","SP","2","3","47.70","2","3","47.70","73.11","15.90","2018-07-14 00:04:42.000000","2018-07-24 12:43:00.000000","23.85"
"ae9690c6e8fee182c28c9ff8e11ca52c","SP","1","1","47.40","1","1","47.40","12.41","47.40","2016-10-09 23:25:13.000000","2016-10-09 23:25:13.000000","47.40"
"cad10cc982ab6a391570c211b995c17c","SP","1","1","47.40","1","1","47.40","12.79","47.40","2018-04-22 12:03:21.000000","2018-04-22 12:03:21.000000","47.40"
"baf15155e37ef5492731459bdc05be8a","SP","1","1","47.00","1","1","47.00","8.72","47.00","2017-03-16 11:18:01.000000","2017-03-16 11:18:01.000000","47.00"
"7494d0dcba8551df6cf37f1b905dc2f7","SP","1","1","45.90","1","1","45.90","17.07","45.90","2018-05-03 00:03:53.000000","2018-05-03 00:03:53.000000","45.90"
"51e0557bc7b86de13e946c60ee91ce39","MG","1","1","45.80","1","1","45.80","17.60","45.80","2017-05-14 01:23:01.000000","2017-05-14 01:23:01.000000","45.80"
"8629a7efec1aab257e58cda559f03ba7","GO","1","1","45.22","1","1","45.22","18.89","45.22","2018-02-16 13:56:54.000000","2018-02-16 13:56:54.000000","45.22"
"70ee69419916dc13e3aed619061f996c","SP","1","1","45.00","1","1","45.00","8.72","45.00","2017-08-07 10:50:46.000000","2017-08-07 10:50:46.000000","45.00"
"9c351405b754cc5ce3e2ecf277bb034a","SP","1","1","45.00","0","0","0.00","0.00",,,,
"3338e7a0710a195872be80e0d2423867","SP","1","1","45.00","0","0","0.00","0.00",,,,
"2d8cfba3fcd3170555941605edaa196a","SP","1","1","45.00","1","1","45.00","10.96","45.00","2017-03-15 11:41:46.000000","2017-03-15 11:41:46.000000","45.00"
"1f2eebc0e970fd3c463e4f5d9652687a","SP","1","1","44.99","1","1","44.99","8.48","44.99","2018-08-09 16:06:19.000000","2018-08-09 16:06:19.000000","44.99"
"5a4236931428800e9d9cc04af0987118","SP","1","3","44.97","1","3","44.97","45.69","14.99","2018-07-17 15:23:54.000000","2018-07-17 15:23:54.000000","44.97"
"da3fede3469bf49b7293ce3fc45b294d","SP","1","1","44.90","1","1","44.90","12.79","44.90","2018-03-17 18:07:02.000000","2018-03-17 18:07:02.000000","44.90"
"5415337f1863452476d42d9f14a16a61","MG","1","1","44.90","1","1","44.90","23.45","44.90","2018-08-04 18:07:07.000000","2018-08-04 18:07:07.000000","44.90"
"e5545d4d4473876ea78c5bcebca365c3","SP","1","1","44.50","1","1","44.50","12.97","44.50","2018-06-27 11:45:21.000000","2018-06-27 11:45:21.000000","44.50"
"cad9969167c09b48ae6f1d123f7fa68d","MG","2","2","43.20","1","1","24.00","13.51","24.00","2018-07-24 10:56:17.000000","2018-07-24 10:56:17.000000","24.00"
"ed49da7cadefc454d6a67de249eab240","SP","2","2","43.00","1","1","21.50","8.72","21.50","2016-10-08 16:02:07.000000","2016-10-08 16:02:07.000000","21.50"
"4125d9385a25e82d2f72d3a0fd55bc3f","SP","1","1","42.90","1","1","42.90","18.40","42.90","2018-08-01 16:28:34.000000","2018-08-01 16:28:34.000000","42.90"
"05a48cc8859962767935ab9087417fbb","SP","1","1","42.90","1","1","42.90","16.49","42.90","2018-08-02 12:05:38.000000","2018-08-02 12:05:38.000000","42.90"
"749e7cdabbaf72f16677859e27874ba5","SP","1","1","41.90","1","1","41.90","19.84","41.90","2017-09-03 17:20:56.000000","2017-09-03 17:20:56.000000","41.90"
"3a3c180dd702a725bd0ba4117689239e","PR","1","1","41.90","1","1","41.90","35.48","41.90","2018-05-04 20:19:38.000000","2018-05-04 20:19:38.000000","41.90"
"6561d6bf844e464b4019442692b40e02","SP","1","1","41.90","1","1","41.90","7.55","41.90","2018-08-28 09:26:43.000000","2018-08-28 09:26:43.000000","41.90"
"b77a27b1864483e721dc831d5ba4afa0","RJ","2","2","41.80","1","1","20.90","14.52","20.90","2017-03-30 06:24:14.000000","2017-03-30 06:24:14.000000","20.90"
"a1ed30492b3b798bc121845bc4aa7366","SP","1","2","41.80","0","0","0.00","0.00",,,,
"16bdc8cefd0e32a6f0824d296c5ad14a","SP","1","1","41.76","1","1","41.76","19.32","41.76","2018-04-11 08:22:30.000000","2018-04-11 08:22:30.000000","41.76"
"a213f1bd6458f4a158f3746cb2514559","PR","1","1","41.52","1","1","41.52","14.43","41.52","2018-05-30 16:20:16.000000","2018-05-30 16:20:16.000000","41.52"
"9b1f656ca3060f8af17a50d8a024b533","SP","2","2","41.00","2","2","41.00","47.68","20.50","2018-07-25 12:32:23.000000","2018-08-22 21:26:03.000000","20.50"
"c200c73f9d7e5a08ca439d6a0803da7c","PR","1","2","40.00","0","0","0.00","0.00",,,,
"d4828feed4cda2cd9d6b37899a95a71e","CE","1","1","39.90","1","1","39.90","22.21","39.90","2018-08-07 00:33:24.000000","2018-08-07 00:33:24.000000","39.90"
"df683dfda87bf71ac3fc63063fba369d","RS","1","1","39.90","1","1","39.90","16.05","39.90","2017-03-13 20:17:10.000000","2017-03-13 20:17:10.000000","39.90"
"edb58a1390adf273840030a3d6253829","SP","1","1","39.90","1","1","39.90","18.38","39.90","2018-08-25 11:15:44.000000","2018-08-25 11:15:44.000000","39.90"
"fedaedd3ca31d56ab33e92035e4b361c","RJ","1","1","39.90","1","1","39.90","10.96","39.90","2016-10-06 20:06:26.000000","2016-10-06 20:06:26.000000","39.90"
"7caa63f175b1cecbfaadd8b5ab9998c7","SP","2","2","39.80","1","1","19.90","7.74","19.90","2018-01-02 17:05:06.000000","2018-01-02 17:05:06.000000","19.90"
"389e45560e33d2d0747f949dcddbc08e","SP","1","1","39.00","1","1","39.00","8.43","39.00","2018-08-16 21:58:25.000000","2018-08-16 21:58:25.000000","39.00"
"e595809a6c31ec4314fd06ef198c244d","SC","1","1","39.00","1","1","39.00","18.23","39.00","2018-03-12 03:12:59.000000","2018-03-12 03:12:59.000000","39.00"
"c74f14c1e26cf1bd5bd34b6a1e274426","SC","1","1","39.00","1","1","39.00","16.79","39.00","2018-01-27 19:05:19.000000","2018-01-27 19:05:19.000000","39.00"
"0936e1837d0c79253456bbb2ffaaef10","SP","1","2","38.90","1","2","38.90","31.12","19.45","2017-04-11 22:09:31.000000","2017-04-11 22:09:31.000000","38.90"
"2eeb6531ee027a48d401e72bebdd87d3","SP","3","3","38.70","3","3","38.70","40.00","12.90","2017-02-07 17:16:26.000000","2017-02-14 19:12:38.000000","12.90"
"d7ab82074b5f1dfba46db123df101bff","SP","2","3","38.67","2","3","38.67","45.30","12.89","2018-01-03 23:46:30.000000","2018-01-04 12:52:13.000000","19.34"
"e72b4feb7abe210c52aa667abc25a3a2","SP","1","2","38.20","1","2","38.20","17.44","19.10","2017-06-17 11:54:02.000000","2017-06-17 11:54:02.000000","38.20"
"ab75b89cc49c9ab3160d0c91565a442a","SP","2","2","37.98","1","1","18.99","0.75","18.99","2017-07-05 16:05:20.000000","2017-07-05 16:05:20.000000","18.99"
"9200e6ce317b67196b6b0bad4d4bd567","RJ","1","1","36.90","1","1","36.90","14.52","36.90","2017-03-25 10:31:25.000000","2017-03-25 10:31:25.000000","36.90"
"e116c7455dd26a4d8c3e92532583905f","SP","1","2","36.76","0","0","0.00","0.00",,,,
"1d139e3a3b14025640d8df1b230aace0","SP","2","2","36.49","2","2","36.49","34.69","18.25","2017-09-13 12:24:18.000000","2017-11-19 18:41:04.000000","18.25"
"67e43d802fde8cfd3f9580124f8167d1","SP","2","3","36.00","0","0","0.00","0.00",,,,
"3a52d63a8f9daf5a28f3626d7eb9bd28","SP","1","1","35.00","1","1","35.00","17.78","35.00","2017-02-01 08:42:43.000000","2017-02-01 08:42:43.000000","35.00"
"5206cc4bc2297c833e6061c49bf9c43f","SP","1","1","35.00","0","0","0.00","0.00",,,,
"50c361bcf670d16f6df4d52de3dff924","SP","1","1","35.00","0","0","0.00","0.00",,,,
"c716e0b86ed568878475b60fbb6323ad","SP","1","1","35.00","1","1","35.00","15.23","35.00","2018-03-26 13:11:28.000000","2018-03-26 13:11:28.000000","35.00"
"baeda7047354773262ba2405f97038ba","SP","1","1","35.00","1","1","35.00","15.10","35.00","2017-09-30 07:55:03.000000","2017-09-30 07:55:03.000000","35.00"
"cb162c8eef257253782d245c08d9097c","SP","1","1","34.99","1","1","34.99","14.13","34.99","2017-11-19 20:37:11.000000","2017-11-19 20:37:11.000000","34.99"
"e6ffc9ac6a7adc9d16a1cfc2286dd546","SP","1","1","34.99","0","0","0.00","0.00",,,,
"84deb808079d1be601c209c1e771b1cc","PR","2","2","34.93","2","2","34.93","23.21","17.47","2017-09-05 11:07:37.000000","2017-11-27 21:29:49.000000","17.47"
"c1d1ebb4745cc43cb6f05e9c8a705c9a","SP","3","3","34.50","1","1","12.50","19.21","12.50","2017-04-20 20:47:53.000000","2017-04-20 20:47:53.000000","12.50"
"66d5ae34537110d3affc56174dad2b2f","SP","1","3","33.81","0","0","0.00","0.00",,,,
"bee36b4f9a2b9fdcaff6ec05df202ed0","SP","2","2","33.80","1","1","16.90","10.96","16.90","2017-02-11 17:06:41.000000","2017-02-11 17:06:41.000000","16.90"
"41958cbd3335433c8740300e8cd600d5","SP","1","1","32.99","1","1","32.99","7.39","32.99","2018-06-04 19:22:19.000000","2018-06-04 19:22:19.000000","32.99"
"539ed9e19811677513447759be5eccfc","MG","2","2","32.83","2","2","32.83","31.09","16.42","2018-06-16 18:52:33.000000","2018-08-26 11:44:34.000000","16.42"
"7d81e74a4755b552267cd5e081563028","SP","1","1","32.50","1","1","32.50","7.49","32.50","2018-08-20 13:31:30.000000","2018-08-20 13:31:30.000000","32.50"
"6bcb2352a2a0c38b845f598298ab9d26","PR","2","2","31.80","1","1","15.90","15.10","15.90","2017-06-16 17:30:04.000000","2017-06-16 17:30:04.000000","15.90"
"fdf736c18c589ed030e058312203e1b2","MG","1","1","30.00","1","1","30.00","14.51","30.00","2018-08-02 12:07:30.000000","2018-08-02 12:07:30.000000","30.00"
"d7f1cfc638473be93baedbfd02208016","RJ","1","1","30.00","1","1","30.00","17.14","30.00","2018-07-19 01:00:07.000000","2018-07-19 01:00:07.000000","30.00"
"1a6245add4353f18ed55138808906979","SP","1","1","30.00","0","0","0.00","0.00",,,,
"9315e491484b1b0081ca166fc164108d","PR","1","1","29.99","1","1","29.99","30.41","29.99","2018-07-06 14:41:04.000000","2018-07-06 14:41:04.000000","29.99"
"87b4428a334b8f676fd9a7f3bf544fb5","SP","1","1","29.99","1","1","29.99","18.99","29.99","2018-08-13 19:22:29.000000","2018-08-13 19:22:29.000000","29.99"
"32f83ffe11cd40f7adcf4eef171f52d9","RS","1","1","29.99","1","1","29.99","15.10","29.99","2017-11-19 13:22:29.000000","2017-11-19 13:22:29.000000","29.99"
"c43d924a0f1688ee9fae0efcd6f539d4","RJ","1","1","29.90","1","1","29.90","15.11","29.90","2016-10-09 23:50:37.000000","2016-10-09 23:50:37.000000","29.90"
"436bf27f2f18474fc6047702e9f8a866","SP","1","1","29.90","1","1","29.90","14.52","29.90","2017-01-18 12:51:23.000000","2017-01-18 12:51:23.000000","29.90"
"28a26ebce31d5918b181ede016fd693b","MG","1","1","29.90","1","1","29.90","17.14","29.90","2018-08-13 15:55:29.000000","2018-08-13 15:55:29.000000","29.90"
"2078fe5066350e7d220c0ad3a3bbc6c1","PR","1","1","29.90","0","0","0.00","0.00",,,,
"c97aa4ee7420f937da13b7f9e2228b99","RS","1","1","29.90","1","1","29.90","6.66","29.90","2018-08-17 20:47:06.000000","2018-08-17 20:47:06.000000","29.90"
"3aa3c89ae3cd482385568be76120f63c","GO","1","1","29.90","1","1","29.90","19.04","29.90","2018-06-07 22:36:29.000000","2018-06-07 22:36:29.000000","29.90"
"a09a13f18ed27932d08438aa6f12756e","RS","1","1","29.90","1","1","29.90","16.11","29.90","2017-10-28 19:17:28.000000","2017-10-28 19:17:28.000000","29.90"
"139157dd4daa45c25b0807ffff348363","SP","1","1","29.90","1","1","29.90","7.78","29.90","2017-08-31 11:09:42.000000","2017-08-31 11:09:42.000000","29.90"
"c0e0b73d039eb9a99b6ce4cb7a429cd3","SC","1","1","29.88","1","1","29.88","7.68","29.88","2018-06-15 15:53:06.000000","2018-06-15 15:53:06.000000","29.88"
"7b3f6ce5c6c22e9b96e7581ebf0df6e1","SP","1","1","29.80","1","1","29.80","12.69","29.80","2017-12-09 19:07:28.000000","2017-12-09 19:07:28.000000","29.80"
"0336182e1b3e92f029d5354832045fdf","SP","1","2","29.80","1","2","29.80","17.57","14.90","2016-10-05 19:09:33.000000","2016-10-05 19:09:33.000000","29.80"
"9996ae921c50e8dff411ac69c0b4bb8b","SP","2","3","29.70","2","3","29.70","43.67","9.90","2017-10-17 15:35:11.000000","2017-10-22 21:11:46.000000","14.85"
"72c73be2b085b9d57650dd53eb2004c9","SP","1","1","29.40","1","1","29.40","17.92","29.40","2017-07-24 11:29:43.000000","2017-07-24 11:29:43.000000","29.40"
"15aec03fe4cf30dfa574cf550f5ff5ff","RJ","1","1","28.90","0","0","0.00","0.00",,,,
"1992f8fb6b19fcccd97ca819811e7267","SP","1","1","28.80","0","0","0.00","0.00",,,,
"c9d2ba8dde44a275ae06475ed1d2fafc","MG","1","1","28.79","1","1","28.79","14.52","28.79","2017-02-06 00:33:42.000000","2017-02-06 00:33:42.000000","28.79"
"999f6d9a1c7c81f43be44c6b7d076210","SP","2","2","28.00","2","2","28.00","22.83","14.00","2017-01-26 14:26:43.000000","2017-03-05 21:27:29.000000","14.00"
"9f56a7a649097b166d8ed286ad86a15c","RJ","2","2","27.98","0","0","0.00","0.00",,,,
"b026643914f651e8371425e5b8a1e780","RJ","1","1","27.90","1","1","27.90","15.10","27.90","2017-07-07 10:26:23.000000","2017-07-07 10:26:23.000000","27.90"
"bf0d50a6410d487dc97d2baac0a8c0be","SP","1","1","27.90","0","0","0.00","0.00",,,,
"8b181ee5518df84f18f4e1a43fe07923","SP","1","1","27.90","1","1","27.90","27.08","27.90","2018-05-30 09:21:06.000000","2018-05-30 09:21:06.000000","27.90"
"80146bc52c4f6af5239b23de2a20262b","SP","1","2","27.10","0","0","0.00","0.00",,,,
"f1fdf2d13186575751aa25876536d85c","SP","1","1","26.30","1","1","26.30","8.29","26.30","2018-03-29 21:39:51.000000","2018-03-29 21:39:51.000000","26.30"
"70c0fda4c313d87115644d39e62eec60","PE","1","1","25.99","1","1","25.99","37.09","25.99","2018-08-04 15:27:00.000000","2018-08-04 15:27:00.000000","25.99"
"c12d7463a579237ffb9248bd7cff378b","SP","1","1","25.90","1","1","25.90","8.72","25.90","2016-10-06 13:16:56.000000","2016-10-06 13:16:56.000000","25.90"
"3820c6537b3853be1a0687d5a60807ec","SP","1","1","25.00","0","0","0.00","0.00",,,,
"6c9875b2f94ba781186f0c1aed8d1687","SP","2","4","25.00","2","4","25.00","38.05","6.25","2017-05-21 18:55:49.000000","2017-08-13 10:33:17.000000","12.50"
"7cb946b1ad19faebe28c3e86c2794ec3","MG","1","1","25.00","1","1","25.00","15.10","25.00","2017-11-16 21:01:25.000000","2017-11-16 21:01:25.000000","25.00"
"38f276ca6e7cc95a6d1bb55ac9e5550f","SP","1","1","24.99","1","1","24.99","11.85","24.99","2017-11-26 18:08:38.000000","2017-11-26 18:08:38.000000","24.99"
"3986c0b54f6b748b75e7bd4e092aa3e5","PR","1","1","24.99","1","1","24.99","15.28","24.99","2018-08-17 19:54:45.000000","2018-08-17 19:54:45.000000","24.99"
"1c83418358f249c9d6affa52d579db0e","SP","1","1","24.90","1","1","24.90","14.52","24.90","2017-04-29 06:54:41.000000","2017-04-29 06:54:41.000000","24.90"
"33fd411ed63a7c2f9005e3f065d9f85d","RS","1","1","24.90","1","1","24.90","18.23","24.90","2018-04-11 11:52:13.000000","2018-04-11 11:52:13.000000","24.90"
"bd43e172d599bed47a85da877172ca8c","SC","1","1","23.92","1","1","23.92","18.27","23.92","2018-07-17 23:29:45.000000","2018-07-17 23:29:45.000000","23.92"
"bcd2d7510d58e293f20fad6438c1b314","PR","1","1","23.90","1","1","23.90","15.56","23.90","2017-02-09 11:38:52.000000","2017-02-09 11:38:52.000000","23.90"
"544863df86ed3b78a04e0820d41430ee","ES","1","1","23.90","1","1","23.90","15.27","23.90","2018-07-02 10:21:35.000000","2018-07-02 10:21:35.000000","23.90"
"43753b27d77860f1654aa72e251a7878","BA","1","1","23.90","1","1","23.90","42.38","23.90","2017-09-08 12:12:48.000000","2017-09-08 12:12:48.000000","23.90"
"2c54051840f19eca309a5423cf22df36","PR","2","2","23.70","2","2","23.70","28.57","11.85","2017-12-04 00:59:05.000000","2018-04-04 09:52:29.000000","11.85"
"58b98ccb79873e04eac4357cacc590d9","SP","1","1","23.00","0","0","0.00","0.00",,,,
"5e063e85d44b0f5c3e6ec3131103a57e","SP","1","1","22.90","1","1","22.90","7.42","22.90","2018-07-12 10:13:37.000000","2018-07-12 10:13:37.000000","22.90"
"bc8c8d665ec4664d286be0d521722b19","SP","1","1","22.50","1","1","22.50","8.32","22.50","2018-08-06 15:03:53.000000","2018-08-06 15:03:53.000000","22.50"
"f9f68daa2af419d38f745478bcb3da1a","SP","2","2","22.40","1","1","11.20","18.00","11.20","2017-01-27 19:55:05.000000","2017-01-27 19:55:05.000000","11.20"
"eb1bf309f4f6af9a97e9ddac3fdbeabe","SP","1","1","22.30","1","1","22.30","8.88","22.30","2018-05-24 11:05:40.000000","2018-05-24 11:05:40.000000","22.30"
"0bb27263628258b8111a0262769fa9db","SP","1","1","22.20","1","1","22.20","10.96","22.20","2017-04-01 17:24:26.000000","2017-04-01 17:24:26.000000","22.20"
"34675b28b826facfde119785bf287dc1","PR","1","1","21.99","1","1","21.99","15.10","21.99","2017-08-01 22:00:44.000000","2017-08-01 22:00:44.000000","21.99"
"f09b760d23495ac9a7e00d29b769007c","SP","1","1","21.90","1","1","21.90","17.19","21.90","2016-10-03 16:56:50.000000","2016-10-03 16:56:50.000000","21.90"
"98f52e1020fe788c10c0418de4393fec","RJ","1","1","21.60","1","1","21.60","15.10","21.60","2017-08-09 15:16:29.000000","2017-08-09 15:16:29.000000","21.60"
"afac9f6b0c4e5f0a7ee87e922cd0f873","SP","1","1","20.99","0","0","0.00","0.00",,,,
"e64ddbe1cbcf4f2fc3092b7c481f3f9d","SP","1","1","20.90","1","1","20.90","7.39","20.90","2018-03-30 12:00:06.000000","2018-03-30 12:00:06.000000","20.90"
"e0b162a693bc7f9eab00f783a31d60ea","RS","1","1","20.00","1","1","20.00","29.69","20.00","2018-05-04 13:13:49.000000","2018-05-04 13:13:49.000000","20.00"
"e76ecc7e9a1a1e3c6df9d2a8261c423d","MG","1","1","20.00","1","1","20.00","14.10","20.00","2017-08-13 10:23:44.000000","2017-08-13 10:23:44.000000","20.00"
"455befea1bb853c75ccbca94cff26e5c","RJ","1","1","19.99","1","1","19.99","22.06","19.99","2018-06-07 08:36:30.000000","2018-06-07 08:36:30.000000","19.99"
"bb7ad8a45c027be8ab075b8e465f8ca0","SC","2","2","19.98","2","2","19.98","32.64","9.99","2018-07-22 22:54:11.000000","2018-07-28 13:17:15.000000","9.99"
"d93b8458c6fe139d85cfa5eadbf55bd2","SP","1","1","19.90","1","1","19.90","14.10","19.90","2017-11-19 19:35:01.000000","2017-11-19 19:35:01.000000","19.90"
"668bf321538e5072858eaef6087ce027","PR","1","1","19.90","1","1","19.90","8.11","19.90","2018-02-26 09:47:55.000000","2018-02-26 09:47:55.000000","19.90"
"63bc58679c44e8a998792119fd7ad23e","SP","1","1","19.90","0","0","0.00","0.00",,,,
"698624c6632eeba1774924dbea24c700","SP","1","1","19.90","1","1","19.90","15.23","19.90","2018-04-05 20:23:53.000000","2018-04-05 20:23:53.000000","19.90"
"0b46f784306be7200ca1700aa55d819f","MG","1","1","19.90","1","1","19.90","10.96","19.90","2017-03-19 08:36:36.000000","2017-03-19 08:36:36.000000","19.90"
"bac44fa8e13424950488659b5f765c41","SP","1","1","19.90","1","1","19.90","14.52","19.90","2016-10-04 22:43:33.000000","2016-10-04 22:43:33.000000","19.90"
"bd65d163ded559eb90a10cd09fec178f","SP","1","2","19.80","1","2","19.80","18.68","9.90","2017-08-21 10:31:19.000000","2017-08-21 10:31:19.000000","19.80"
"e174dc2de86d60fee178170a154c05e7","SP","1","1","19.80","0","0","0.00","0.00",,,,
"8501d82f68d23148b6d78bb7c4a42037","SC","1","1","19.70","0","0","0.00","0.00",,,,
"9d69ba0a7a626a64dc5db08e529559cf","SP","1","1","19.30","1","1","19.30","18.24","19.30","2018-07-13 19:38:58.000000","2018-07-13 19:38:58.000000","19.30"
"ce4755084bc097113867e6454f8f5e52","SP","1","1","18.90","1","1","18.90","12.79","18.90","2018-06-12 11:26:30.000000","2018-06-12 11:26:30.000000","18.90"
"82921991ff5b557b045605b8bbf08d49","SP","1","1","18.90","1","1","18.90","18.23","18.90","2018-08-05 19:41:36.000000","2018-08-05 19:41:36.000000","18.90"
"6c77cd583b36a13aacccf2b3ee23e233","SP","1","1","18.90","1","1","18.90","12.79","18.90","2018-08-23 21:45:16.000000","2018-08-23 21:45:16.000000","18.90"
"804287717b9156fb7a787acd9af4fac1","PR","1","1","18.80","1","1","18.80","15.10","18.80","2017-06-07 11:49:07.000000","2017-06-07 11:49:07.000000","18.80"
"13e85aac53340018b40c2af68001b7e0","SP","1","1","17.80","1","1","17.80","14.12","17.80","2016-10-08 22:41:36.000000","2016-10-08 22:41:36.000000","17.80"
"eae9af4811c294c56795d70e715b7337","SP","1","1","15.90","1","1","15.90","11.11","15.90","2017-10-17 01:24:28.000000","2017-10-17 01:24:28.000000","15.90"
"f3862c2188522d89860c38a3ea8b550d","SP","1","1","15.50","1","1","15.50","12.79","15.50","2018-05-15 17:41:00.000000","2018-05-15 17:41:00.000000","15.50"
"20f0aeea30bc3b8c4420be8ced4226c0","SP","1","1","14.90","1","1","14.90","14.52","14.90","2017-02-05 19:13:56.000000","2017-02-05 19:13:56.000000","14.90"
"b2f4d63c7203f539a78252565ca32257","RJ","1","1","14.90","1","1","14.90","20.84","14.90","2017-09-09 22:15:52.000000","2017-09-09 22:15:52.000000","14.90"
"c3e2398fcc7e581cda2e546557bf6968","SP","1","1","14.90","1","1","14.90","15.23","14.90","2018-06-23 20:33:24.000000","2018-06-23 20:33:24.000000","14.90"
"a61cc04793308395a840807104365121","SP","1","1","14.63","1","1","14.63","23.74","14.63","2018-05-03 09:31:04.000000","2018-05-03 09:31:04.000000","14.63"
"6576fd3e23c88f0e5d4d23f39bba0542","SP","1","1","14.50","0","0","0.00","0.00",,,,
"5b92bfa4120daa27c574daa2e386c693","SP","1","1","14.00","1","1","14.00","10.96","14.00","2017-02-20 08:30:20.000000","2017-02-20 08:30:20.000000","14.00"
"fb503a924a0b9db19d83dd0ac6dbef8c","RS","1","1","13.90","1","1","13.90","17.92","13.90","2017-05-16 00:48:59.000000","2017-05-16 00:48:59.000000","13.90"
"6614814a00d344b846ae209f95ee7e3f","SP","1","1","13.00","1","1","13.00","12.69","13.00","2017-06-08 23:17:57.000000","2017-06-08 23:17:57.000000","13.00"
"b5f0712d22a873b6797ab6cc65c3fcba","SP","1","1","12.99","1","1","12.99","8.29","12.99","2018-08-13 12:22:49.000000","2018-08-13 12:22:49.000000","12.99"
"7ab0dd5487bab2dc835337b244f689fb","SP","1","1","12.50","1","1","12.50","10.96","12.50","2017-04-05 17:58:30.000000","2017-04-05 17:58:30.000000","12.50"
"9e25199f6ef7e7c347120ff175652c3b","SP","1","1","12.50","1","1","12.50","14.52","12.50","2017-03-27 09:59:40.000000","2017-03-27 09:59:40.000000","12.50"
"c1dde11f12d05c478f5de2d7319ad3b2","SP","1","1","12.50","1","1","12.50","7.39","12.50","2018-08-19 18:13:40.000000","2018-08-19 18:13:40.000000","12.50"
"3d62f86afa7c73be2628a3be1423f5a0","SP","2","2","12.00","2","2","12.00","42.42","6.00","2017-12-13 21:25:36.000000","2018-01-09 21:50:02.000000","6.00"
"3ac588cd562971392504a9e17130c40b","SP","1","1","11.90","1","1","11.90","7.39","11.90","2018-08-17 21:08:06.000000","2018-08-17 21:08:06.000000","11.90"
"cc1f04647be106ba74e62b21f358af25","SP","1","1","11.90","1","1","11.90","8.29","11.90","2018-06-22 12:48:41.000000","2018-06-22 12:48:41.000000","11.90"
"344223b2a90784f64136a8a5da012e7f","SC","1","1","10.90","1","1","10.90","16.79","10.90","2018-01-17 22:10:43.000000","2018-01-17 22:10:43.000000","10.90"
"95cca791657aabeff15a07eb152d7841","PR","1","1","9.99","1","1","9.99","18.23","9.99","2018-06-30 23:22:38.000000","2018-06-30 23:22:38.000000","9.99"
"c18309219e789960add0b2255ca4b091","RJ","1","1","9.90","1","1","9.90","14.10","9.90","2017-12-05 13:49:27.000000","2017-12-05 13:49:27.000000","9.90"
"0f94588695d71662beec8d883ffacf09","SC","1","1","9.00","1","1","9.00","18.59","9.00","2017-03-01 10:56:53.000000","2017-03-01 10:56:53.000000","9.00"
"4965a7002cca77301c82d3f91b82e1a9","SP","1","1","8.49","1","1","8.49","7.87","8.49","2018-04-21 09:36:56.000000","2018-04-21 09:36:56.000000","8.49"
"ad14615bdd492b01b0d97922e87cb87f","SC","1","1","8.25","1","1","8.25","10.96","8.25","2017-02-10 17:40:30.000000","2017-02-10 17:40:30.000000","8.25"
"34aefe746cd81b7f3b23253ea28bef39","PR","1","1","8.00","0","0","0.00","0.00",,,,
"702835e4b785b67a084280efca355756","MG","1","1","7.60","1","1","7.60","10.96","7.60","2017-02-13 16:18:07.000000","2017-02-13 16:18:07.000000","7.60"
"1fa2d3def6adfa70e58c276bb64fe5bb","SP","1","1","6.90","1","1","6.90","9.00","6.90","2018-08-24 13:04:05.000000","2018-08-24 13:04:05.000000","6.90"
"77128dec4bec4878c37ab7d6169d6f26","SP","1","1","6.50","1","1","6.50","8.72","6.50","2017-03-15 20:14:39.000000","2017-03-15 20:14:39.000000","6.50"
"cf6f6bc4df3999b9c6440f124fb2f687","SP","1","1","3.50","0","0","0.00","0.00",,,,
